Analysis & Synthesis report for arch
Sat Apr 26 15:23:35 2025
Quartus II 64-Bit Version 13.0.1 Build 232 06/12/2013 Service Pack 1 SJ Web Edition


---------------------
; Table of Contents ;
---------------------
  1. Legal Notice
  2. Analysis & Synthesis Summary
  3. Analysis & Synthesis Settings
  4. Analysis & Synthesis Default Parameter Settings
  5. Parallel Compilation
  6. Analysis & Synthesis Source Files Read
  7. Analysis & Synthesis Resource Usage Summary
  8. Analysis & Synthesis Resource Utilization by Entity
  9. Analysis & Synthesis RAM Summary
 10. User-Specified and Inferred Latches
 11. General Register Statistics
 12. Inverted Register Statistics
 13. Multiplexer Restructuring Statistics (Restructuring Performed)
 14. Source assignments for cu:inst9|LPM_ROM:inst10|altrom:srom|altsyncram:rom_block|altsyncram_f301:auto_generated
 15. Parameter Settings for User Entity Instance: cu:inst9|sel2g:inst9
 16. Parameter Settings for User Entity Instance: cu:inst9|LPM_ROM:inst10
 17. Parameter Settings for User Entity Instance: cu:inst9|reg:inst8
 18. Parameter Settings for User Entity Instance: cu:inst9|reg:inst8|LPM_FF:inst
 19. Parameter Settings for User Entity Instance: cu:inst9|sel8g:inst7
 20. Parameter Settings for User Entity Instance: cu:inst9|sel8g:inst7|sel2g:inst2
 21. Parameter Settings for User Entity Instance: cu:inst9|sel8g:inst7|sel4g:inst
 22. Parameter Settings for User Entity Instance: cu:inst9|sel8g:inst7|sel4g:inst|sel2g:inst4
 23. Parameter Settings for User Entity Instance: cu:inst9|sel8g:inst7|sel4g:inst|sel2g:inst
 24. Parameter Settings for User Entity Instance: cu:inst9|sel8g:inst7|sel4g:inst|sel2g:inst3
 25. Parameter Settings for User Entity Instance: cu:inst9|sel8g:inst7|sel4g:inst1
 26. Parameter Settings for User Entity Instance: cu:inst9|sel8g:inst7|sel4g:inst1|sel2g:inst4
 27. Parameter Settings for User Entity Instance: cu:inst9|sel8g:inst7|sel4g:inst1|sel2g:inst
 28. Parameter Settings for User Entity Instance: cu:inst9|sel8g:inst7|sel4g:inst1|sel2g:inst3
 29. Parameter Settings for User Entity Instance: cu:inst9|sel2g:inst1
 30. Parameter Settings for User Entity Instance: regg:rFLAG
 31. Parameter Settings for User Entity Instance: regg:rFLAG|LPM_FF:inst
 32. Parameter Settings for User Entity Instance: sel2g:aSelect
 33. Parameter Settings for User Entity Instance: regset:inst4|sel4g:inst5
 34. Parameter Settings for User Entity Instance: regset:inst4|sel4g:inst5|sel2g:inst4
 35. Parameter Settings for User Entity Instance: regset:inst4|sel4g:inst5|sel2g:inst
 36. Parameter Settings for User Entity Instance: regset:inst4|sel4g:inst5|sel2g:inst3
 37. Parameter Settings for User Entity Instance: regset:inst4|regg:inst
 38. Parameter Settings for User Entity Instance: regset:inst4|regg:inst|LPM_FF:inst
 39. Parameter Settings for User Entity Instance: regset:inst4|regg:inst8
 40. Parameter Settings for User Entity Instance: regset:inst4|regg:inst8|LPM_FF:inst
 41. Parameter Settings for User Entity Instance: regset:inst4|regg:inst9
 42. Parameter Settings for User Entity Instance: regset:inst4|regg:inst9|LPM_FF:inst
 43. Parameter Settings for User Entity Instance: regset:inst4|regg:inst10
 44. Parameter Settings for User Entity Instance: regset:inst4|regg:inst10|LPM_FF:inst
 45. Parameter Settings for User Entity Instance: regset:inst4|sel4g:inst6
 46. Parameter Settings for User Entity Instance: regset:inst4|sel4g:inst6|sel2g:inst4
 47. Parameter Settings for User Entity Instance: regset:inst4|sel4g:inst6|sel2g:inst
 48. Parameter Settings for User Entity Instance: regset:inst4|sel4g:inst6|sel2g:inst3
 49. Parameter Settings for User Entity Instance: alu_diy:inst2|sel4g:inst5
 50. Parameter Settings for User Entity Instance: alu_diy:inst2|sel4g:inst5|sel2g:inst4
 51. Parameter Settings for User Entity Instance: alu_diy:inst2|sel4g:inst5|sel2g:inst
 52. Parameter Settings for User Entity Instance: alu_diy:inst2|sel4g:inst5|sel2g:inst3
 53. Parameter Settings for User Entity Instance: alu_diy:inst2|sh1c:inst2|sel4g:inst
 54. Parameter Settings for User Entity Instance: alu_diy:inst2|sh1c:inst2|sel4g:inst|sel2g:inst4
 55. Parameter Settings for User Entity Instance: alu_diy:inst2|sh1c:inst2|sel4g:inst|sel2g:inst
 56. Parameter Settings for User Entity Instance: alu_diy:inst2|sh1c:inst2|sel4g:inst|sel2g:inst3
 57. Parameter Settings for User Entity Instance: alu_diy:inst2|sel4g:inst4
 58. Parameter Settings for User Entity Instance: alu_diy:inst2|sel4g:inst4|sel2g:inst4
 59. Parameter Settings for User Entity Instance: alu_diy:inst2|sel4g:inst4|sel2g:inst
 60. Parameter Settings for User Entity Instance: alu_diy:inst2|sel4g:inst4|sel2g:inst3
 61. Parameter Settings for User Entity Instance: alu_diy:inst2|sel4g:inst3
 62. Parameter Settings for User Entity Instance: alu_diy:inst2|sel4g:inst3|sel2g:inst4
 63. Parameter Settings for User Entity Instance: alu_diy:inst2|sel4g:inst3|sel2g:inst
 64. Parameter Settings for User Entity Instance: alu_diy:inst2|sel4g:inst3|sel2g:inst3
 65. Parameter Settings for User Entity Instance: alu_diy:inst2|sel2g:inst11
 66. Parameter Settings for User Entity Instance: alu_diy:inst2|sel2g:inst10
 67. Parameter Settings for User Entity Instance: sel4g:inst
 68. Parameter Settings for User Entity Instance: sel4g:inst|sel2g:inst4
 69. Parameter Settings for User Entity Instance: sel4g:inst|sel2g:inst
 70. Parameter Settings for User Entity Instance: sel4g:inst|sel2g:inst3
 71. Parameter Settings for User Entity Instance: regg:inst20
 72. Parameter Settings for User Entity Instance: regg:inst20|LPM_FF:inst
 73. Parameter Settings for User Entity Instance: sel2g:inst21
 74. Parameter Settings for User Entity Instance: regg:inst199
 75. Parameter Settings for User Entity Instance: regg:inst199|LPM_FF:inst
 76. Parameter Settings for User Entity Instance: regg:inst7
 77. Parameter Settings for User Entity Instance: regg:inst7|LPM_FF:inst
 78. Parameter Settings for User Entity Instance: regg:rPC
 79. Parameter Settings for User Entity Instance: regg:rPC|LPM_FF:inst
 80. Elapsed Time Per Partition
 81. Analysis & Synthesis Messages
 82. Analysis & Synthesis Suppressed Messages



----------------
; Legal Notice ;
----------------
Copyright (C) 1991-2013 Altera Corporation
Your use of Altera Corporation's design tools, logic functions 
and other software and tools, and its AMPP partner logic 
functions, and any output files from any of the foregoing 
(including device programming or simulation files), and any 
associated documentation or information are expressly subject 
to the terms and conditions of the Altera Program License 
Subscription Agreement, Altera MegaCore Function License 
Agreement, or other applicable license agreement, including, 
without limitation, that your use is for the sole purpose of 
programming logic devices manufactured by Altera and sold by 
Altera or its authorized distributors.  Please refer to the 
applicable agreement for further details.



+--------------------------------------------------------------------------------------+
; Analysis & Synthesis Summary                                                         ;
+------------------------------------+-------------------------------------------------+
; Analysis & Synthesis Status        ; Successful - Sat Apr 26 15:23:35 2025           ;
; Quartus II 64-Bit Version          ; 13.0.1 Build 232 06/12/2013 SP 1 SJ Web Edition ;
; Revision Name                      ; arch                                            ;
; Top-level Entity Name              ; model                                           ;
; Family                             ; Cyclone II                                      ;
; Total logic elements               ; 3,971                                           ;
;     Total combinational functions  ; 1,927                                           ;
;     Dedicated logic registers      ; 2,122                                           ;
; Total registers                    ; 2122                                            ;
; Total pins                         ; 102                                             ;
; Total virtual pins                 ; 0                                               ;
; Total memory bits                  ; 6,144                                           ;
; Embedded Multiplier 9-bit elements ; 0                                               ;
; Total PLLs                         ; 0                                               ;
+------------------------------------+-------------------------------------------------+


+----------------------------------------------------------------------------------------------------------------------+
; Analysis & Synthesis Settings                                                                                        ;
+----------------------------------------------------------------------------+--------------------+--------------------+
; Option                                                                     ; Setting            ; Default Value      ;
+----------------------------------------------------------------------------+--------------------+--------------------+
; Device                                                                     ; EP2C8Q208C8        ;                    ;
; Top-level entity name                                                      ; model              ; arch               ;
; Family name                                                                ; Cyclone II         ; Cyclone IV GX      ;
; Use smart compilation                                                      ; Off                ; Off                ;
; Enable parallel Assembler and TimeQuest Timing Analyzer during compilation ; On                 ; On                 ;
; Enable compact report table                                                ; Off                ; Off                ;
; Restructure Multiplexers                                                   ; Auto               ; Auto               ;
; Create Debugging Nodes for IP Cores                                        ; Off                ; Off                ;
; Preserve fewer node names                                                  ; On                 ; On                 ;
; Disable OpenCore Plus hardware evaluation                                  ; Off                ; Off                ;
; Verilog Version                                                            ; Verilog_2001       ; Verilog_2001       ;
; VHDL Version                                                               ; VHDL_1993          ; VHDL_1993          ;
; State Machine Processing                                                   ; Auto               ; Auto               ;
; Safe State Machine                                                         ; Off                ; Off                ;
; Extract Verilog State Machines                                             ; On                 ; On                 ;
; Extract VHDL State Machines                                                ; On                 ; On                 ;
; Ignore Verilog initial constructs                                          ; Off                ; Off                ;
; Iteration limit for constant Verilog loops                                 ; 5000               ; 5000               ;
; Iteration limit for non-constant Verilog loops                             ; 250                ; 250                ;
; Add Pass-Through Logic to Inferred RAMs                                    ; On                 ; On                 ;
; Infer RAMs from Raw Logic                                                  ; On                 ; On                 ;
; Parallel Synthesis                                                         ; On                 ; On                 ;
; DSP Block Balancing                                                        ; Auto               ; Auto               ;
; NOT Gate Push-Back                                                         ; On                 ; On                 ;
; Power-Up Don't Care                                                        ; On                 ; On                 ;
; Remove Redundant Logic Cells                                               ; Off                ; Off                ;
; Remove Duplicate Registers                                                 ; On                 ; On                 ;
; Ignore CARRY Buffers                                                       ; Off                ; Off                ;
; Ignore CASCADE Buffers                                                     ; Off                ; Off                ;
; Ignore GLOBAL Buffers                                                      ; Off                ; Off                ;
; Ignore ROW GLOBAL Buffers                                                  ; Off                ; Off                ;
; Ignore LCELL Buffers                                                       ; Off                ; Off                ;
; Ignore SOFT Buffers                                                        ; On                 ; On                 ;
; Limit AHDL Integers to 32 Bits                                             ; Off                ; Off                ;
; Optimization Technique                                                     ; Balanced           ; Balanced           ;
; Carry Chain Length                                                         ; 70                 ; 70                 ;
; Auto Carry Chains                                                          ; On                 ; On                 ;
; Auto Open-Drain Pins                                                       ; On                 ; On                 ;
; Perform WYSIWYG Primitive Resynthesis                                      ; Off                ; Off                ;
; Auto ROM Replacement                                                       ; On                 ; On                 ;
; Auto RAM Replacement                                                       ; On                 ; On                 ;
; Auto Shift Register Replacement                                            ; Auto               ; Auto               ;
; Allow Shift Register Merging across Hierarchies                            ; Auto               ; Auto               ;
; Auto Clock Enable Replacement                                              ; On                 ; On                 ;
; Strict RAM Replacement                                                     ; Off                ; Off                ;
; Allow Synchronous Control Signals                                          ; On                 ; On                 ;
; Force Use of Synchronous Clear Signals                                     ; Off                ; Off                ;
; Auto RAM to Logic Cell Conversion                                          ; Off                ; Off                ;
; Auto Resource Sharing                                                      ; Off                ; Off                ;
; Allow Any RAM Size For Recognition                                         ; Off                ; Off                ;
; Allow Any ROM Size For Recognition                                         ; Off                ; Off                ;
; Allow Any Shift Register Size For Recognition                              ; Off                ; Off                ;
; Use LogicLock Constraints during Resource Balancing                        ; On                 ; On                 ;
; Ignore translate_off and synthesis_off directives                          ; Off                ; Off                ;
; Timing-Driven Synthesis                                                    ; Off                ; Off                ;
; Report Parameter Settings                                                  ; On                 ; On                 ;
; Report Source Assignments                                                  ; On                 ; On                 ;
; Report Connectivity Checks                                                 ; On                 ; On                 ;
; Ignore Maximum Fan-Out Assignments                                         ; Off                ; Off                ;
; Synchronization Register Chain Length                                      ; 2                  ; 2                  ;
; PowerPlay Power Optimization                                               ; Normal compilation ; Normal compilation ;
; HDL message level                                                          ; Level2             ; Level2             ;
; Suppress Register Optimization Related Messages                            ; Off                ; Off                ;
; Number of Removed Registers Reported in Synthesis Report                   ; 5000               ; 5000               ;
; Number of Swept Nodes Reported in Synthesis Report                         ; 5000               ; 5000               ;
; Number of Inverted Registers Reported in Synthesis Report                  ; 100                ; 100                ;
; Clock MUX Protection                                                       ; On                 ; On                 ;
; Auto Gated Clock Conversion                                                ; Off                ; Off                ;
; Block Design Naming                                                        ; Auto               ; Auto               ;
; SDC constraint protection                                                  ; Off                ; Off                ;
; Synthesis Effort                                                           ; Auto               ; Auto               ;
; Shift Register Replacement - Allow Asynchronous Clear Signal               ; On                 ; On                 ;
; Pre-Mapping Resynthesis Optimization                                       ; Off                ; Off                ;
; Analysis & Synthesis Message Level                                         ; Medium             ; Medium             ;
; Disable Register Merging Across Hierarchies                                ; Auto               ; Auto               ;
; Resource Aware Inference For Block RAM                                     ; On                 ; On                 ;
; Synthesis Seed                                                             ; 1                  ; 1                  ;
+----------------------------------------------------------------------------+--------------------+--------------------+


+-------------------------------------------------+
; Analysis & Synthesis Default Parameter Settings ;
+------+------------------------------------------+
; Name ; Setting                                  ;
+------+------------------------------------------+
; W    ; 8                                        ;
+------+------------------------------------------+


Parallel compilation was disabled, but you have multiple processors available. Enable parallel compilation to reduce compilation time.
+-------------------------------------+
; Parallel Compilation                ;
+----------------------------+--------+
; Processors                 ; Number ;
+----------------------------+--------+
; Number detected on machine ; 20     ;
; Maximum allowed            ; 1      ;
+----------------------------+--------+


+---------------------------------------------------------------------------------------------------------------------------------------------------------------------+
; Analysis & Synthesis Source Files Read                                                                                                                              ;
+----------------------------------+-----------------+------------------------------------+-----------------------------------------------------------------+---------+
; File Name with User-Entered Path ; Used in Netlist ; File Type                          ; File Name with Absolute Path                                    ; Library ;
+----------------------------------+-----------------+------------------------------------+-----------------------------------------------------------------+---------+
; hadd.bdf                         ; yes             ; User Block Diagram/Schematic File  ; E:/Project/FPGA/design/hadd.bdf                                 ;         ;
; fadd.bdf                         ; yes             ; User Block Diagram/Schematic File  ; E:/Project/FPGA/design/fadd.bdf                                 ;         ;
; adder.bdf                        ; yes             ; User Block Diagram/Schematic File  ; E:/Project/FPGA/design/adder.bdf                                ;         ;
; dec2_4.bdf                       ; yes             ; User Block Diagram/Schematic File  ; E:/Project/FPGA/design/dec2_4.bdf                               ;         ;
; sel2g.bdf                        ; yes             ; User Block Diagram/Schematic File  ; E:/Project/FPGA/design/sel2g.bdf                                ;         ;
; sel4g.bdf                        ; yes             ; User Block Diagram/Schematic File  ; E:/Project/FPGA/design/sel4g.bdf                                ;         ;
; dec3_8.bdf                       ; yes             ; User Block Diagram/Schematic File  ; E:/Project/FPGA/design/dec3_8.bdf                               ;         ;
; reg.bdf                          ; yes             ; User Block Diagram/Schematic File  ; E:/Project/FPGA/design/reg.bdf                                  ;         ;
; sh1c.bdf                         ; yes             ; User Block Diagram/Schematic File  ; E:/Project/FPGA/design/sh1c.bdf                                 ;         ;
; add8.bdf                         ; yes             ; User Block Diagram/Schematic File  ; E:/Project/FPGA/design/add8.bdf                                 ;         ;
; addsub8.bdf                      ; yes             ; User Block Diagram/Schematic File  ; E:/Project/FPGA/design/addsub8.bdf                              ;         ;
; regg.bdf                         ; yes             ; User Block Diagram/Schematic File  ; E:/Project/FPGA/design/regg.bdf                                 ;         ;
; ks.bdf                           ; yes             ; User Block Diagram/Schematic File  ; E:/Project/FPGA/design/ks.bdf                                   ;         ;
; asyncram.v                       ; yes             ; User Verilog HDL File              ; E:/Project/FPGA/design/asyncram.v                               ;         ;
; alu_diy.bdf                      ; yes             ; User Block Diagram/Schematic File  ; E:/Project/FPGA/design/alu_diy.bdf                              ;         ;
; model.bdf                        ; yes             ; User Block Diagram/Schematic File  ; E:/Project/FPGA/design/model.bdf                                ;         ;
; cu.bdf                           ; yes             ; User Block Diagram/Schematic File  ; E:/Project/FPGA/design/cu.bdf                                   ;         ;
; MIF/cu.mif                       ; yes             ; User Memory Initialization File    ; E:/Project/FPGA/design/MIF/cu.mif                               ;         ;
; sel8g.bdf                        ; yes             ; User Block Diagram/Schematic File  ; E:/Project/FPGA/design/sel8g.bdf                                ;         ;
; regset.bdf                       ; yes             ; User Block Diagram/Schematic File  ; E:/Project/FPGA/design/regset.bdf                               ;         ;
; lpm_rom.tdf                      ; yes             ; Megafunction                       ; d:/altera/quartus/libraries/megafunctions/lpm_rom.tdf           ;         ;
; altrom.inc                       ; yes             ; Megafunction                       ; d:/altera/quartus/libraries/megafunctions/altrom.inc            ;         ;
; aglobal130.inc                   ; yes             ; Megafunction                       ; d:/altera/quartus/libraries/megafunctions/aglobal130.inc        ;         ;
; altrom.tdf                       ; yes             ; Megafunction                       ; d:/altera/quartus/libraries/megafunctions/altrom.tdf            ;         ;
; memmodes.inc                     ; yes             ; Megafunction                       ; d:/altera/quartus/libraries/others/maxplus2/memmodes.inc        ;         ;
; lpm_decode.inc                   ; yes             ; Megafunction                       ; d:/altera/quartus/libraries/megafunctions/lpm_decode.inc        ;         ;
; lpm_mux.inc                      ; yes             ; Megafunction                       ; d:/altera/quartus/libraries/megafunctions/lpm_mux.inc           ;         ;
; altsyncram.inc                   ; yes             ; Megafunction                       ; d:/altera/quartus/libraries/megafunctions/altsyncram.inc        ;         ;
; altsyncram.tdf                   ; yes             ; Megafunction                       ; d:/altera/quartus/libraries/megafunctions/altsyncram.tdf        ;         ;
; stratix_ram_block.inc            ; yes             ; Megafunction                       ; d:/altera/quartus/libraries/megafunctions/stratix_ram_block.inc ;         ;
; a_rdenreg.inc                    ; yes             ; Megafunction                       ; d:/altera/quartus/libraries/megafunctions/a_rdenreg.inc         ;         ;
; altram.inc                       ; yes             ; Megafunction                       ; d:/altera/quartus/libraries/megafunctions/altram.inc            ;         ;
; altdpram.inc                     ; yes             ; Megafunction                       ; d:/altera/quartus/libraries/megafunctions/altdpram.inc          ;         ;
; db/altsyncram_f301.tdf           ; yes             ; Auto-Generated Megafunction        ; E:/Project/FPGA/design/db/altsyncram_f301.tdf                   ;         ;
; lpm_ff.tdf                       ; yes             ; Megafunction                       ; d:/altera/quartus/libraries/megafunctions/lpm_ff.tdf            ;         ;
; lpm_constant.inc                 ; yes             ; Megafunction                       ; d:/altera/quartus/libraries/megafunctions/lpm_constant.inc      ;         ;
+----------------------------------+-----------------+------------------------------------+-----------------------------------------------------------------+---------+


+------------------------------------------------------+
; Analysis & Synthesis Resource Usage Summary          ;
+---------------------------------------------+--------+
; Resource                                    ; Usage  ;
+---------------------------------------------+--------+
; Estimated Total logic elements              ; 3,971  ;
;                                             ;        ;
; Total combinational functions               ; 1927   ;
; Logic element usage by number of LUT inputs ;        ;
;     -- 4 input functions                    ; 1548   ;
;     -- 3 input functions                    ; 282    ;
;     -- <=2 input functions                  ; 97     ;
;                                             ;        ;
; Logic elements by mode                      ;        ;
;     -- normal mode                          ; 1927   ;
;     -- arithmetic mode                      ; 0      ;
;                                             ;        ;
; Total registers                             ; 2122   ;
;     -- Dedicated logic registers            ; 2122   ;
;     -- I/O registers                        ; 0      ;
;                                             ;        ;
; I/O pins                                    ; 102    ;
; Total memory bits                           ; 6144   ;
; Embedded Multiplier 9-bit elements          ; 0      ;
; Maximum fan-out node                        ; inst28 ;
; Maximum fan-out                             ; 2052   ;
; Total fan-out                               ; 14109  ;
; Average fan-out                             ; 3.38   ;
+---------------------------------------------+--------+


+-----------------------------------------------------------------------------------------------------------------------------------------------------------------------------------------------------------------------------------------------------------------------------+
; Analysis & Synthesis Resource Utilization by Entity                                                                                                                                                                                                                         ;
+-------------------------------------------------+-------------------+--------------+-------------+--------------+---------+-----------+------+--------------+------------------------------------------------------------------------------------------------+--------------+
; Compilation Hierarchy Node                      ; LC Combinationals ; LC Registers ; Memory Bits ; DSP Elements ; DSP 9x9 ; DSP 18x18 ; Pins ; Virtual Pins ; Full Hierarchy Name                                                                            ; Library Name ;
+-------------------------------------------------+-------------------+--------------+-------------+--------------+---------+-----------+------+--------------+------------------------------------------------------------------------------------------------+--------------+
; |model                                          ; 1927 (12)         ; 2122 (0)     ; 6144        ; 0            ; 0       ; 0         ; 102  ; 0            ; |model                                                                                         ; work         ;
;    |alu_diy:inst2|                              ; 63 (2)            ; 0 (0)        ; 0           ; 0            ; 0       ; 0         ; 0    ; 0            ; |model|alu_diy:inst2                                                                           ; work         ;
;       |addsub8:inst|                            ; 10 (0)            ; 0 (0)        ; 0           ; 0            ; 0       ; 0         ; 0    ; 0            ; |model|alu_diy:inst2|addsub8:inst                                                              ; work         ;
;          |add8:inst2|                           ; 10 (0)            ; 0 (0)        ; 0           ; 0            ; 0       ; 0         ; 0    ; 0            ; |model|alu_diy:inst2|addsub8:inst|add8:inst2                                                   ; work         ;
;             |adder:inst1|                       ; 3 (0)             ; 0 (0)        ; 0           ; 0            ; 0       ; 0         ; 0    ; 0            ; |model|alu_diy:inst2|addsub8:inst|add8:inst2|adder:inst1                                       ; work         ;
;                |fadd:inst1|                     ; 1 (1)             ; 0 (0)        ; 0           ; 0            ; 0       ; 0         ; 0    ; 0            ; |model|alu_diy:inst2|addsub8:inst|add8:inst2|adder:inst1|fadd:inst1                            ; work         ;
;                |fadd:inst3|                     ; 1 (0)             ; 0 (0)        ; 0           ; 0            ; 0       ; 0         ; 0    ; 0            ; |model|alu_diy:inst2|addsub8:inst|add8:inst2|adder:inst1|fadd:inst3                            ; work         ;
;                   |hadd:inst1|                  ; 1 (1)             ; 0 (0)        ; 0           ; 0            ; 0       ; 0         ; 0    ; 0            ; |model|alu_diy:inst2|addsub8:inst|add8:inst2|adder:inst1|fadd:inst3|hadd:inst1                 ; work         ;
;                |fadd:inst|                      ; 1 (1)             ; 0 (0)        ; 0           ; 0            ; 0       ; 0         ; 0    ; 0            ; |model|alu_diy:inst2|addsub8:inst|add8:inst2|adder:inst1|fadd:inst                             ; work         ;
;             |adder:inst|                        ; 7 (0)             ; 0 (0)        ; 0           ; 0            ; 0       ; 0         ; 0    ; 0            ; |model|alu_diy:inst2|addsub8:inst|add8:inst2|adder:inst                                        ; work         ;
;                |fadd:inst1|                     ; 2 (1)             ; 0 (0)        ; 0           ; 0            ; 0       ; 0         ; 0    ; 0            ; |model|alu_diy:inst2|addsub8:inst|add8:inst2|adder:inst|fadd:inst1                             ; work         ;
;                   |hadd:inst1|                  ; 1 (1)             ; 0 (0)        ; 0           ; 0            ; 0       ; 0         ; 0    ; 0            ; |model|alu_diy:inst2|addsub8:inst|add8:inst2|adder:inst|fadd:inst1|hadd:inst1                  ; work         ;
;                |fadd:inst2|                     ; 2 (1)             ; 0 (0)        ; 0           ; 0            ; 0       ; 0         ; 0    ; 0            ; |model|alu_diy:inst2|addsub8:inst|add8:inst2|adder:inst|fadd:inst2                             ; work         ;
;                   |hadd:inst1|                  ; 1 (1)             ; 0 (0)        ; 0           ; 0            ; 0       ; 0         ; 0    ; 0            ; |model|alu_diy:inst2|addsub8:inst|add8:inst2|adder:inst|fadd:inst2|hadd:inst1                  ; work         ;
;                |fadd:inst3|                     ; 1 (1)             ; 0 (0)        ; 0           ; 0            ; 0       ; 0         ; 0    ; 0            ; |model|alu_diy:inst2|addsub8:inst|add8:inst2|adder:inst|fadd:inst3                             ; work         ;
;                |fadd:inst|                      ; 2 (2)             ; 0 (0)        ; 0           ; 0            ; 0       ; 0         ; 0    ; 0            ; |model|alu_diy:inst2|addsub8:inst|add8:inst2|adder:inst|fadd:inst                              ; work         ;
;       |sel4g:inst3|                             ; 4 (0)             ; 0 (0)        ; 0           ; 0            ; 0       ; 0         ; 0    ; 0            ; |model|alu_diy:inst2|sel4g:inst3                                                               ; work         ;
;          |sel2g:inst|                           ; 4 (4)             ; 0 (0)        ; 0           ; 0            ; 0       ; 0         ; 0    ; 0            ; |model|alu_diy:inst2|sel4g:inst3|sel2g:inst                                                    ; work         ;
;       |sel4g:inst4|                             ; 46 (0)            ; 0 (0)        ; 0           ; 0            ; 0       ; 0         ; 0    ; 0            ; |model|alu_diy:inst2|sel4g:inst4                                                               ; work         ;
;          |sel2g:inst4|                          ; 46 (46)           ; 0 (0)        ; 0           ; 0            ; 0       ; 0         ; 0    ; 0            ; |model|alu_diy:inst2|sel4g:inst4|sel2g:inst4                                                   ; work         ;
;       |sh1c:inst2|                              ; 1 (0)             ; 0 (0)        ; 0           ; 0            ; 0       ; 0         ; 0    ; 0            ; |model|alu_diy:inst2|sh1c:inst2                                                                ; work         ;
;          |sel4g:inst|                           ; 1 (0)             ; 0 (0)        ; 0           ; 0            ; 0       ; 0         ; 0    ; 0            ; |model|alu_diy:inst2|sh1c:inst2|sel4g:inst                                                     ; work         ;
;             |sel2g:inst3|                       ; 1 (1)             ; 0 (0)        ; 0           ; 0            ; 0       ; 0         ; 0    ; 0            ; |model|alu_diy:inst2|sh1c:inst2|sel4g:inst|sel2g:inst3                                         ; work         ;
;    |asyncram:inst26|                            ; 1709 (1709)       ; 2048 (2048)  ; 0           ; 0            ; 0       ; 0         ; 0    ; 0            ; |model|asyncram:inst26                                                                         ; work         ;
;    |cu:inst9|                                   ; 44 (0)            ; 8 (0)        ; 6144        ; 0            ; 0       ; 0         ; 0    ; 0            ; |model|cu:inst9                                                                                ; work         ;
;       |add8:inst|                               ; 7 (0)             ; 0 (0)        ; 0           ; 0            ; 0       ; 0         ; 0    ; 0            ; |model|cu:inst9|add8:inst                                                                      ; work         ;
;          |adder:inst1|                          ; 4 (0)             ; 0 (0)        ; 0           ; 0            ; 0       ; 0         ; 0    ; 0            ; |model|cu:inst9|add8:inst|adder:inst1                                                          ; work         ;
;             |fadd:inst1|                        ; 1 (0)             ; 0 (0)        ; 0           ; 0            ; 0       ; 0         ; 0    ; 0            ; |model|cu:inst9|add8:inst|adder:inst1|fadd:inst1                                               ; work         ;
;                |hadd:inst1|                     ; 1 (1)             ; 0 (0)        ; 0           ; 0            ; 0       ; 0         ; 0    ; 0            ; |model|cu:inst9|add8:inst|adder:inst1|fadd:inst1|hadd:inst1                                    ; work         ;
;             |fadd:inst2|                        ; 2 (0)             ; 0 (0)        ; 0           ; 0            ; 0       ; 0         ; 0    ; 0            ; |model|cu:inst9|add8:inst|adder:inst1|fadd:inst2                                               ; work         ;
;                |hadd:inst1|                     ; 2 (2)             ; 0 (0)        ; 0           ; 0            ; 0       ; 0         ; 0    ; 0            ; |model|cu:inst9|add8:inst|adder:inst1|fadd:inst2|hadd:inst1                                    ; work         ;
;             |fadd:inst|                         ; 1 (0)             ; 0 (0)        ; 0           ; 0            ; 0       ; 0         ; 0    ; 0            ; |model|cu:inst9|add8:inst|adder:inst1|fadd:inst                                                ; work         ;
;                |hadd:inst1|                     ; 1 (1)             ; 0 (0)        ; 0           ; 0            ; 0       ; 0         ; 0    ; 0            ; |model|cu:inst9|add8:inst|adder:inst1|fadd:inst|hadd:inst1                                     ; work         ;
;          |adder:inst|                           ; 3 (0)             ; 0 (0)        ; 0           ; 0            ; 0       ; 0         ; 0    ; 0            ; |model|cu:inst9|add8:inst|adder:inst                                                           ; work         ;
;             |fadd:inst2|                        ; 1 (0)             ; 0 (0)        ; 0           ; 0            ; 0       ; 0         ; 0    ; 0            ; |model|cu:inst9|add8:inst|adder:inst|fadd:inst2                                                ; work         ;
;                |hadd:inst1|                     ; 1 (1)             ; 0 (0)        ; 0           ; 0            ; 0       ; 0         ; 0    ; 0            ; |model|cu:inst9|add8:inst|adder:inst|fadd:inst2|hadd:inst1                                     ; work         ;
;             |fadd:inst3|                        ; 2 (0)             ; 0 (0)        ; 0           ; 0            ; 0       ; 0         ; 0    ; 0            ; |model|cu:inst9|add8:inst|adder:inst|fadd:inst3                                                ; work         ;
;                |hadd:inst1|                     ; 2 (2)             ; 0 (0)        ; 0           ; 0            ; 0       ; 0         ; 0    ; 0            ; |model|cu:inst9|add8:inst|adder:inst|fadd:inst3|hadd:inst1                                     ; work         ;
;       |lpm_rom:inst10|                          ; 0 (0)             ; 0 (0)        ; 6144        ; 0            ; 0       ; 0         ; 0    ; 0            ; |model|cu:inst9|lpm_rom:inst10                                                                 ; work         ;
;          |altrom:srom|                          ; 0 (0)             ; 0 (0)        ; 6144        ; 0            ; 0       ; 0         ; 0    ; 0            ; |model|cu:inst9|lpm_rom:inst10|altrom:srom                                                     ; work         ;
;             |altsyncram:rom_block|              ; 0 (0)             ; 0 (0)        ; 6144        ; 0            ; 0       ; 0         ; 0    ; 0            ; |model|cu:inst9|lpm_rom:inst10|altrom:srom|altsyncram:rom_block                                ; work         ;
;                |altsyncram_f301:auto_generated| ; 0 (0)             ; 0 (0)        ; 6144        ; 0            ; 0       ; 0         ; 0    ; 0            ; |model|cu:inst9|lpm_rom:inst10|altrom:srom|altsyncram:rom_block|altsyncram_f301:auto_generated ; work         ;
;       |reg:inst8|                               ; 4 (0)             ; 8 (0)        ; 0           ; 0            ; 0       ; 0         ; 0    ; 0            ; |model|cu:inst9|reg:inst8                                                                      ; work         ;
;          |lpm_ff:inst|                          ; 4 (4)             ; 8 (8)        ; 0           ; 0            ; 0       ; 0         ; 0    ; 0            ; |model|cu:inst9|reg:inst8|lpm_ff:inst                                                          ; work         ;
;       |sel2g:inst9|                             ; 8 (8)             ; 0 (0)        ; 0           ; 0            ; 0       ; 0         ; 0    ; 0            ; |model|cu:inst9|sel2g:inst9                                                                    ; work         ;
;       |sel8g:inst7|                             ; 25 (0)            ; 0 (0)        ; 0           ; 0            ; 0       ; 0         ; 0    ; 0            ; |model|cu:inst9|sel8g:inst7                                                                    ; work         ;
;          |sel2g:inst2|                          ; 19 (19)           ; 0 (0)        ; 0           ; 0            ; 0       ; 0         ; 0    ; 0            ; |model|cu:inst9|sel8g:inst7|sel2g:inst2                                                        ; work         ;
;          |sel4g:inst1|                          ; 3 (0)             ; 0 (0)        ; 0           ; 0            ; 0       ; 0         ; 0    ; 0            ; |model|cu:inst9|sel8g:inst7|sel4g:inst1                                                        ; work         ;
;             |sel2g:inst4|                       ; 3 (3)             ; 0 (0)        ; 0           ; 0            ; 0       ; 0         ; 0    ; 0            ; |model|cu:inst9|sel8g:inst7|sel4g:inst1|sel2g:inst4                                            ; work         ;
;          |sel4g:inst|                           ; 3 (0)             ; 0 (0)        ; 0           ; 0            ; 0       ; 0         ; 0    ; 0            ; |model|cu:inst9|sel8g:inst7|sel4g:inst                                                         ; work         ;
;             |sel2g:inst3|                       ; 3 (3)             ; 0 (0)        ; 0           ; 0            ; 0       ; 0         ; 0    ; 0            ; |model|cu:inst9|sel8g:inst7|sel4g:inst|sel2g:inst3                                             ; work         ;
;    |dec3_8:inst22|                              ; 3 (0)             ; 0 (0)        ; 0           ; 0            ; 0       ; 0         ; 0    ; 0            ; |model|dec3_8:inst22                                                                           ; work         ;
;       |dec2_4:inst|                             ; 3 (3)             ; 0 (0)        ; 0           ; 0            ; 0       ; 0         ; 0    ; 0            ; |model|dec3_8:inst22|dec2_4:inst                                                               ; work         ;
;    |ks:inst1|                                   ; 5 (5)             ; 1 (1)        ; 0           ; 0            ; 0       ; 0         ; 0    ; 0            ; |model|ks:inst1                                                                                ; work         ;
;    |regg:inst199|                               ; 0 (0)             ; 8 (0)        ; 0           ; 0            ; 0       ; 0         ; 0    ; 0            ; |model|regg:inst199                                                                            ; work         ;
;       |lpm_ff:inst|                             ; 0 (0)             ; 8 (8)        ; 0           ; 0            ; 0       ; 0         ; 0    ; 0            ; |model|regg:inst199|lpm_ff:inst                                                                ; work         ;
;    |regg:inst20|                                ; 15 (0)            ; 8 (0)        ; 0           ; 0            ; 0       ; 0         ; 0    ; 0            ; |model|regg:inst20                                                                             ; work         ;
;       |lpm_ff:inst|                             ; 15 (15)           ; 8 (8)        ; 0           ; 0            ; 0       ; 0         ; 0    ; 0            ; |model|regg:inst20|lpm_ff:inst                                                                 ; work         ;
;    |regg:inst7|                                 ; 0 (0)             ; 8 (0)        ; 0           ; 0            ; 0       ; 0         ; 0    ; 0            ; |model|regg:inst7                                                                              ; work         ;
;       |lpm_ff:inst|                             ; 0 (0)             ; 8 (8)        ; 0           ; 0            ; 0       ; 0         ; 0    ; 0            ; |model|regg:inst7|lpm_ff:inst                                                                  ; work         ;
;    |regg:rFLAG|                                 ; 0 (0)             ; 1 (0)        ; 0           ; 0            ; 0       ; 0         ; 0    ; 0            ; |model|regg:rFLAG                                                                              ; work         ;
;       |lpm_ff:inst|                             ; 0 (0)             ; 1 (1)        ; 0           ; 0            ; 0       ; 0         ; 0    ; 0            ; |model|regg:rFLAG|lpm_ff:inst                                                                  ; work         ;
;    |regg:rPC|                                   ; 0 (0)             ; 8 (0)        ; 0           ; 0            ; 0       ; 0         ; 0    ; 0            ; |model|regg:rPC                                                                                ; work         ;
;       |lpm_ff:inst|                             ; 0 (0)             ; 8 (8)        ; 0           ; 0            ; 0       ; 0         ; 0    ; 0            ; |model|regg:rPC|lpm_ff:inst                                                                    ; work         ;
;    |regset:inst4|                               ; 38 (0)            ; 32 (0)       ; 0           ; 0            ; 0       ; 0         ; 0    ; 0            ; |model|regset:inst4                                                                            ; work         ;
;       |dec2_4:inst7|                            ; 6 (6)             ; 0 (0)        ; 0           ; 0            ; 0       ; 0         ; 0    ; 0            ; |model|regset:inst4|dec2_4:inst7                                                               ; work         ;
;       |regg:inst10|                             ; 0 (0)             ; 8 (0)        ; 0           ; 0            ; 0       ; 0         ; 0    ; 0            ; |model|regset:inst4|regg:inst10                                                                ; work         ;
;          |lpm_ff:inst|                          ; 0 (0)             ; 8 (8)        ; 0           ; 0            ; 0       ; 0         ; 0    ; 0            ; |model|regset:inst4|regg:inst10|lpm_ff:inst                                                    ; work         ;
;       |regg:inst8|                              ; 0 (0)             ; 8 (0)        ; 0           ; 0            ; 0       ; 0         ; 0    ; 0            ; |model|regset:inst4|regg:inst8                                                                 ; work         ;
;          |lpm_ff:inst|                          ; 0 (0)             ; 8 (8)        ; 0           ; 0            ; 0       ; 0         ; 0    ; 0            ; |model|regset:inst4|regg:inst8|lpm_ff:inst                                                     ; work         ;
;       |regg:inst9|                              ; 0 (0)             ; 8 (0)        ; 0           ; 0            ; 0       ; 0         ; 0    ; 0            ; |model|regset:inst4|regg:inst9                                                                 ; work         ;
;          |lpm_ff:inst|                          ; 0 (0)             ; 8 (8)        ; 0           ; 0            ; 0       ; 0         ; 0    ; 0            ; |model|regset:inst4|regg:inst9|lpm_ff:inst                                                     ; work         ;
;       |regg:inst|                               ; 0 (0)             ; 8 (0)        ; 0           ; 0            ; 0       ; 0         ; 0    ; 0            ; |model|regset:inst4|regg:inst                                                                  ; work         ;
;          |lpm_ff:inst|                          ; 0 (0)             ; 8 (8)        ; 0           ; 0            ; 0       ; 0         ; 0    ; 0            ; |model|regset:inst4|regg:inst|lpm_ff:inst                                                      ; work         ;
;       |sel4g:inst5|                             ; 16 (0)            ; 0 (0)        ; 0           ; 0            ; 0       ; 0         ; 0    ; 0            ; |model|regset:inst4|sel4g:inst5                                                                ; work         ;
;          |sel2g:inst4|                          ; 16 (16)           ; 0 (0)        ; 0           ; 0            ; 0       ; 0         ; 0    ; 0            ; |model|regset:inst4|sel4g:inst5|sel2g:inst4                                                    ; work         ;
;       |sel4g:inst6|                             ; 16 (0)            ; 0 (0)        ; 0           ; 0            ; 0       ; 0         ; 0    ; 0            ; |model|regset:inst4|sel4g:inst6                                                                ; work         ;
;          |sel2g:inst4|                          ; 16 (16)           ; 0 (0)        ; 0           ; 0            ; 0       ; 0         ; 0    ; 0            ; |model|regset:inst4|sel4g:inst6|sel2g:inst4                                                    ; work         ;
;    |sel2g:aSelect|                              ; 7 (7)             ; 0 (0)        ; 0           ; 0            ; 0       ; 0         ; 0    ; 0            ; |model|sel2g:aSelect                                                                           ; work         ;
;    |sel2g:inst21|                               ; 2 (2)             ; 0 (0)        ; 0           ; 0            ; 0       ; 0         ; 0    ; 0            ; |model|sel2g:inst21                                                                            ; work         ;
;    |sel4g:inst|                                 ; 29 (0)            ; 0 (0)        ; 0           ; 0            ; 0       ; 0         ; 0    ; 0            ; |model|sel4g:inst                                                                              ; work         ;
;       |sel2g:inst4|                             ; 29 (29)           ; 0 (0)        ; 0           ; 0            ; 0       ; 0         ; 0    ; 0            ; |model|sel4g:inst|sel2g:inst4                                                                  ; work         ;
+-------------------------------------------------+-------------------+--------------+-------------+--------------+---------+-----------+------+--------------+------------------------------------------------------------------------------------------------+--------------+
Note: For table entries with two numbers listed, the numbers in parentheses indicate the number of resources of the given type used by the specific entity alone. The numbers listed outside of parentheses indicate the total resources of the given type used by the specific entity and all of its sub-entities in the hierarchy.


+--------------------------------------------------------------------------------------------------------------------------------------------------------------------------------------------------+
; Analysis & Synthesis RAM Summary                                                                                                                                                                 ;
+----------------------------------------------------------------------------------------------------+------+------+--------------+--------------+--------------+--------------+------+------------+
; Name                                                                                               ; Type ; Mode ; Port A Depth ; Port A Width ; Port B Depth ; Port B Width ; Size ; MIF        ;
+----------------------------------------------------------------------------------------------------+------+------+--------------+--------------+--------------+--------------+------+------------+
; cu:inst9|lpm_rom:inst10|altrom:srom|altsyncram:rom_block|altsyncram_f301:auto_generated|ALTSYNCRAM ; AUTO ; ROM  ; 256          ; 24           ; --           ; --           ; 6144 ; MIF/cu.mif ;
+----------------------------------------------------------------------------------------------------+------+------+--------------+--------------+--------------+--------------+------+------------+


+-------------------------------------------------------------------------------------------------------+
; User-Specified and Inferred Latches                                                                   ;
+----------------------------------------------------+-------------------------+------------------------+
; Latch Name                                         ; Latch Enable Signal     ; Free of Timing Hazards ;
+----------------------------------------------------+-------------------------+------------------------+
; asyncram:inst26|data_in[7]                         ; asyncram:inst26|always0 ; yes                    ;
; asyncram:inst26|data_in[6]                         ; asyncram:inst26|always0 ; yes                    ;
; asyncram:inst26|data_in[5]                         ; asyncram:inst26|always0 ; yes                    ;
; asyncram:inst26|data_in[4]                         ; asyncram:inst26|always0 ; yes                    ;
; asyncram:inst26|data_in[3]                         ; asyncram:inst26|always0 ; yes                    ;
; asyncram:inst26|data_in[2]                         ; asyncram:inst26|always0 ; yes                    ;
; asyncram:inst26|data_in[1]                         ; asyncram:inst26|always0 ; yes                    ;
; asyncram:inst26|data_in[0]                         ; asyncram:inst26|always0 ; yes                    ;
; Number of user-specified and inferred latches = 8  ;                         ;                        ;
+----------------------------------------------------+-------------------------+------------------------+
Note: All latches listed above may not be present at the end of synthesis due to various synthesis optimizations.


+------------------------------------------------------+
; General Register Statistics                          ;
+----------------------------------------------+-------+
; Statistic                                    ; Value ;
+----------------------------------------------+-------+
; Total registers                              ; 2122  ;
; Number of registers using Synchronous Clear  ; 0     ;
; Number of registers using Synchronous Load   ; 7     ;
; Number of registers using Asynchronous Clear ; 234   ;
; Number of registers using Asynchronous Load  ; 0     ;
; Number of registers using Clock Enable       ; 2113  ;
; Number of registers using Preset             ; 0     ;
+----------------------------------------------+-------+


+---------------------------------------------------+
; Inverted Register Statistics                      ;
+-----------------------------------------+---------+
; Inverted Register                       ; Fan out ;
+-----------------------------------------+---------+
; asyncram:inst26|mem[10][7]              ; 1       ;
; asyncram:inst26|mem[6][7]               ; 1       ;
; asyncram:inst26|mem[8][7]               ; 1       ;
; asyncram:inst26|mem[12][7]              ; 1       ;
; asyncram:inst26|mem[6][6]               ; 1       ;
; asyncram:inst26|mem[18][6]              ; 1       ;
; asyncram:inst26|mem[5][6]               ; 1       ;
; asyncram:inst26|mem[12][6]              ; 1       ;
; asyncram:inst26|mem[7][6]               ; 1       ;
; asyncram:inst26|mem[8][5]               ; 1       ;
; asyncram:inst26|mem[6][5]               ; 1       ;
; asyncram:inst26|mem[7][5]               ; 1       ;
; asyncram:inst26|mem[18][5]              ; 1       ;
; asyncram:inst26|mem[17][5]              ; 1       ;
; asyncram:inst26|mem[3][5]               ; 1       ;
; asyncram:inst26|mem[21][4]              ; 1       ;
; asyncram:inst26|mem[18][4]              ; 1       ;
; asyncram:inst26|mem[19][4]              ; 1       ;
; asyncram:inst26|mem[6][4]               ; 1       ;
; asyncram:inst26|mem[10][4]              ; 1       ;
; asyncram:inst26|mem[2][4]               ; 1       ;
; asyncram:inst26|mem[5][4]               ; 1       ;
; asyncram:inst26|mem[1][4]               ; 1       ;
; asyncram:inst26|mem[13][4]              ; 1       ;
; asyncram:inst26|mem[4][4]               ; 1       ;
; asyncram:inst26|mem[8][4]               ; 1       ;
; asyncram:inst26|mem[12][4]              ; 1       ;
; asyncram:inst26|mem[11][4]              ; 1       ;
; asyncram:inst26|mem[7][4]               ; 1       ;
; asyncram:inst26|mem[3][4]               ; 1       ;
; asyncram:inst26|mem[5][3]               ; 1       ;
; asyncram:inst26|mem[6][3]               ; 1       ;
; asyncram:inst26|mem[18][3]              ; 1       ;
; asyncram:inst26|mem[12][3]              ; 1       ;
; asyncram:inst26|mem[21][2]              ; 1       ;
; asyncram:inst26|mem[17][2]              ; 1       ;
; asyncram:inst26|mem[13][2]              ; 1       ;
; asyncram:inst26|mem[6][2]               ; 1       ;
; asyncram:inst26|mem[19][2]              ; 1       ;
; asyncram:inst26|mem[3][2]               ; 1       ;
; asyncram:inst26|mem[21][1]              ; 1       ;
; asyncram:inst26|mem[6][1]               ; 1       ;
; asyncram:inst26|mem[4][1]               ; 1       ;
; asyncram:inst26|mem[9][1]               ; 1       ;
; asyncram:inst26|mem[11][1]              ; 1       ;
; asyncram:inst26|mem[6][0]               ; 1       ;
; asyncram:inst26|mem[2][0]               ; 1       ;
; asyncram:inst26|mem[9][0]               ; 1       ;
; asyncram:inst26|mem[13][0]              ; 1       ;
; asyncram:inst26|mem[11][0]              ; 1       ;
; asyncram:inst26|mem[7][0]               ; 1       ;
; Total number of inverted registers = 51 ;         ;
+-----------------------------------------+---------+


+---------------------------------------------------------------------------------------------------------------------------------------------------------------------+
; Multiplexer Restructuring Statistics (Restructuring Performed)                                                                                                      ;
+--------------------+-----------+---------------+----------------------+------------------------+------------+-------------------------------------------------------+
; Multiplexer Inputs ; Bus Width ; Baseline Area ; Area if Restructured ; Saving if Restructured ; Registered ; Example Multiplexer Output                            ;
+--------------------+-----------+---------------+----------------------+------------------------+------------+-------------------------------------------------------+
; 4:1                ; 4 bits    ; 8 LEs         ; 8 LEs                ; 0 LEs                  ; Yes        ; |model|cu:inst9|reg:inst8|lpm_ff:inst|dffs[1]         ;
; 6:1                ; 4 bits    ; 16 LEs        ; 8 LEs                ; 8 LEs                  ; Yes        ; |model|cu:inst9|reg:inst8|lpm_ff:inst|dffs[6]         ;
; 4:1                ; 8 bits    ; 16 LEs        ; 16 LEs               ; 0 LEs                  ; No         ; |model|regset:inst4|sel4g:inst5|sel2g:inst4|inst2[7]  ;
; 4:1                ; 8 bits    ; 16 LEs        ; 16 LEs               ; 0 LEs                  ; No         ; |model|regset:inst4|sel4g:inst6|sel2g:inst4|inst2[5]  ;
; 9:1                ; 7 bits    ; 42 LEs        ; 35 LEs               ; 7 LEs                  ; No         ; |model|alu_diy:inst2|sel4g:inst4|sel2g:inst4|inst2[1] ;
; 256:1              ; 8 bits    ; 1360 LEs      ; 1360 LEs             ; 0 LEs                  ; No         ; |model|asyncram:inst26|Mux1                           ;
+--------------------+-----------+---------------+----------------------+------------------------+------------+-------------------------------------------------------+


+----------------------------------------------------------------------------------------------------------------+
; Source assignments for cu:inst9|LPM_ROM:inst10|altrom:srom|altsyncram:rom_block|altsyncram_f301:auto_generated ;
+---------------------------------+--------------------+------+--------------------------------------------------+
; Assignment                      ; Value              ; From ; To                                               ;
+---------------------------------+--------------------+------+--------------------------------------------------+
; OPTIMIZE_POWER_DURING_SYNTHESIS ; NORMAL_COMPILATION ; -    ; -                                                ;
+---------------------------------+--------------------+------+--------------------------------------------------+


+-------------------------------------------------------------------+
; Parameter Settings for User Entity Instance: cu:inst9|sel2g:inst9 ;
+----------------+-------+------------------------------------------+
; Parameter Name ; Value ; Type                                     ;
+----------------+-------+------------------------------------------+
; W              ; 8     ; Untyped                                  ;
+----------------+-------+------------------------------------------+
Note: In order to hide this table in the UI and the text report file, please set the "Show Parameter Settings in Synthesis Report" option in "Analysis and Synthesis Settings -> More Settings" to "Off".


+----------------------------------------------------------------------+
; Parameter Settings for User Entity Instance: cu:inst9|LPM_ROM:inst10 ;
+------------------------+--------------+------------------------------+
; Parameter Name         ; Value        ; Type                         ;
+------------------------+--------------+------------------------------+
; LPM_WIDTH              ; 24           ; Untyped                      ;
; LPM_WIDTHAD            ; 8            ; Untyped                      ;
; LPM_NUMWORDS           ; 256          ; Untyped                      ;
; LPM_ADDRESS_CONTROL    ; REGISTERED   ; Untyped                      ;
; LPM_OUTDATA            ; UNREGISTERED ; Untyped                      ;
; LPM_FILE               ; MIF/cu.mif   ; Untyped                      ;
; DEVICE_FAMILY          ; Cyclone II   ; Untyped                      ;
; AUTO_CARRY_CHAINS      ; ON           ; AUTO_CARRY                   ;
; IGNORE_CARRY_BUFFERS   ; OFF          ; IGNORE_CARRY                 ;
; AUTO_CASCADE_CHAINS    ; ON           ; AUTO_CASCADE                 ;
; IGNORE_CASCADE_BUFFERS ; OFF          ; IGNORE_CASCADE               ;
+------------------------+--------------+------------------------------+
Note: In order to hide this table in the UI and the text report file, please set the "Show Parameter Settings in Synthesis Report" option in "Analysis and Synthesis Settings -> More Settings" to "Off".


+-----------------------------------------------------------------+
; Parameter Settings for User Entity Instance: cu:inst9|reg:inst8 ;
+----------------+-------+----------------------------------------+
; Parameter Name ; Value ; Type                                   ;
+----------------+-------+----------------------------------------+
; W              ; 8     ; Untyped                                ;
+----------------+-------+----------------------------------------+
Note: In order to hide this table in the UI and the text report file, please set the "Show Parameter Settings in Synthesis Report" option in "Analysis and Synthesis Settings -> More Settings" to "Off".


+-----------------------------------------------------------------------------+
; Parameter Settings for User Entity Instance: cu:inst9|reg:inst8|LPM_FF:inst ;
+------------------------+------------+---------------------------------------+
; Parameter Name         ; Value      ; Type                                  ;
+------------------------+------------+---------------------------------------+
; LPM_WIDTH              ; 8          ; Untyped                               ;
; LPM_AVALUE             ; UNUSED     ; Untyped                               ;
; LPM_SVALUE             ; UNUSED     ; Untyped                               ;
; LPM_FFTYPE             ; DFF        ; Untyped                               ;
; DEVICE_FAMILY          ; Cyclone II ; Untyped                               ;
; CBXI_PARAMETER         ; NOTHING    ; Untyped                               ;
; AUTO_CARRY_CHAINS      ; ON         ; AUTO_CARRY                            ;
; IGNORE_CARRY_BUFFERS   ; OFF        ; IGNORE_CARRY                          ;
; AUTO_CASCADE_CHAINS    ; ON         ; AUTO_CASCADE                          ;
; IGNORE_CASCADE_BUFFERS ; OFF        ; IGNORE_CASCADE                        ;
+------------------------+------------+---------------------------------------+
Note: In order to hide this table in the UI and the text report file, please set the "Show Parameter Settings in Synthesis Report" option in "Analysis and Synthesis Settings -> More Settings" to "Off".


+-------------------------------------------------------------------+
; Parameter Settings for User Entity Instance: cu:inst9|sel8g:inst7 ;
+----------------+-------+------------------------------------------+
; Parameter Name ; Value ; Type                                     ;
+----------------+-------+------------------------------------------+
; W              ; 8     ; Untyped                                  ;
+----------------+-------+------------------------------------------+
Note: In order to hide this table in the UI and the text report file, please set the "Show Parameter Settings in Synthesis Report" option in "Analysis and Synthesis Settings -> More Settings" to "Off".


+-------------------------------------------------------------------------------+
; Parameter Settings for User Entity Instance: cu:inst9|sel8g:inst7|sel2g:inst2 ;
+----------------+-------+------------------------------------------------------+
; Parameter Name ; Value ; Type                                                 ;
+----------------+-------+------------------------------------------------------+
; W              ; 8     ; Untyped                                              ;
+----------------+-------+------------------------------------------------------+
Note: In order to hide this table in the UI and the text report file, please set the "Show Parameter Settings in Synthesis Report" option in "Analysis and Synthesis Settings -> More Settings" to "Off".


+------------------------------------------------------------------------------+
; Parameter Settings for User Entity Instance: cu:inst9|sel8g:inst7|sel4g:inst ;
+----------------+-------+-----------------------------------------------------+
; Parameter Name ; Value ; Type                                                ;
+----------------+-------+-----------------------------------------------------+
; W              ; 8     ; Untyped                                             ;
+----------------+-------+-----------------------------------------------------+
Note: In order to hide this table in the UI and the text report file, please set the "Show Parameter Settings in Synthesis Report" option in "Analysis and Synthesis Settings -> More Settings" to "Off".


+------------------------------------------------------------------------------------------+
; Parameter Settings for User Entity Instance: cu:inst9|sel8g:inst7|sel4g:inst|sel2g:inst4 ;
+----------------+-------+-----------------------------------------------------------------+
; Parameter Name ; Value ; Type                                                            ;
+----------------+-------+-----------------------------------------------------------------+
; W              ; 8     ; Untyped                                                         ;
+----------------+-------+-----------------------------------------------------------------+
Note: In order to hide this table in the UI and the text report file, please set the "Show Parameter Settings in Synthesis Report" option in "Analysis and Synthesis Settings -> More Settings" to "Off".


+-----------------------------------------------------------------------------------------+
; Parameter Settings for User Entity Instance: cu:inst9|sel8g:inst7|sel4g:inst|sel2g:inst ;
+----------------+-------+----------------------------------------------------------------+
; Parameter Name ; Value ; Type                                                           ;
+----------------+-------+----------------------------------------------------------------+
; W              ; 8     ; Untyped                                                        ;
+----------------+-------+----------------------------------------------------------------+
Note: In order to hide this table in the UI and the text report file, please set the "Show Parameter Settings in Synthesis Report" option in "Analysis and Synthesis Settings -> More Settings" to "Off".


+------------------------------------------------------------------------------------------+
; Parameter Settings for User Entity Instance: cu:inst9|sel8g:inst7|sel4g:inst|sel2g:inst3 ;
+----------------+-------+-----------------------------------------------------------------+
; Parameter Name ; Value ; Type                                                            ;
+----------------+-------+-----------------------------------------------------------------+
; W              ; 8     ; Untyped                                                         ;
+----------------+-------+-----------------------------------------------------------------+
Note: In order to hide this table in the UI and the text report file, please set the "Show Parameter Settings in Synthesis Report" option in "Analysis and Synthesis Settings -> More Settings" to "Off".


+-------------------------------------------------------------------------------+
; Parameter Settings for User Entity Instance: cu:inst9|sel8g:inst7|sel4g:inst1 ;
+----------------+-------+------------------------------------------------------+
; Parameter Name ; Value ; Type                                                 ;
+----------------+-------+------------------------------------------------------+
; W              ; 8     ; Untyped                                              ;
+----------------+-------+------------------------------------------------------+
Note: In order to hide this table in the UI and the text report file, please set the "Show Parameter Settings in Synthesis Report" option in "Analysis and Synthesis Settings -> More Settings" to "Off".


+-------------------------------------------------------------------------------------------+
; Parameter Settings for User Entity Instance: cu:inst9|sel8g:inst7|sel4g:inst1|sel2g:inst4 ;
+----------------+-------+------------------------------------------------------------------+
; Parameter Name ; Value ; Type                                                             ;
+----------------+-------+------------------------------------------------------------------+
; W              ; 8     ; Untyped                                                          ;
+----------------+-------+------------------------------------------------------------------+
Note: In order to hide this table in the UI and the text report file, please set the "Show Parameter Settings in Synthesis Report" option in "Analysis and Synthesis Settings -> More Settings" to "Off".


+------------------------------------------------------------------------------------------+
; Parameter Settings for User Entity Instance: cu:inst9|sel8g:inst7|sel4g:inst1|sel2g:inst ;
+----------------+-------+-----------------------------------------------------------------+
; Parameter Name ; Value ; Type                                                            ;
+----------------+-------+-----------------------------------------------------------------+
; W              ; 8     ; Untyped                                                         ;
+----------------+-------+-----------------------------------------------------------------+
Note: In order to hide this table in the UI and the text report file, please set the "Show Parameter Settings in Synthesis Report" option in "Analysis and Synthesis Settings -> More Settings" to "Off".


+-------------------------------------------------------------------------------------------+
; Parameter Settings for User Entity Instance: cu:inst9|sel8g:inst7|sel4g:inst1|sel2g:inst3 ;
+----------------+-------+------------------------------------------------------------------+
; Parameter Name ; Value ; Type                                                             ;
+----------------+-------+------------------------------------------------------------------+
; W              ; 8     ; Untyped                                                          ;
+----------------+-------+------------------------------------------------------------------+
Note: In order to hide this table in the UI and the text report file, please set the "Show Parameter Settings in Synthesis Report" option in "Analysis and Synthesis Settings -> More Settings" to "Off".


+-------------------------------------------------------------------+
; Parameter Settings for User Entity Instance: cu:inst9|sel2g:inst1 ;
+----------------+-------+------------------------------------------+
; Parameter Name ; Value ; Type                                     ;
+----------------+-------+------------------------------------------+
; W              ; 8     ; Untyped                                  ;
+----------------+-------+------------------------------------------+
Note: In order to hide this table in the UI and the text report file, please set the "Show Parameter Settings in Synthesis Report" option in "Analysis and Synthesis Settings -> More Settings" to "Off".


+---------------------------------------------------------+
; Parameter Settings for User Entity Instance: regg:rFLAG ;
+----------------+-------+--------------------------------+
; Parameter Name ; Value ; Type                           ;
+----------------+-------+--------------------------------+
; W              ; 1     ; Untyped                        ;
+----------------+-------+--------------------------------+
Note: In order to hide this table in the UI and the text report file, please set the "Show Parameter Settings in Synthesis Report" option in "Analysis and Synthesis Settings -> More Settings" to "Off".


+---------------------------------------------------------------------+
; Parameter Settings for User Entity Instance: regg:rFLAG|LPM_FF:inst ;
+------------------------+------------+-------------------------------+
; Parameter Name         ; Value      ; Type                          ;
+------------------------+------------+-------------------------------+
; LPM_WIDTH              ; 1          ; Untyped                       ;
; LPM_AVALUE             ; UNUSED     ; Untyped                       ;
; LPM_SVALUE             ; UNUSED     ; Untyped                       ;
; LPM_FFTYPE             ; DFF        ; Untyped                       ;
; DEVICE_FAMILY          ; Cyclone II ; Untyped                       ;
; CBXI_PARAMETER         ; NOTHING    ; Untyped                       ;
; AUTO_CARRY_CHAINS      ; ON         ; AUTO_CARRY                    ;
; IGNORE_CARRY_BUFFERS   ; OFF        ; IGNORE_CARRY                  ;
; AUTO_CASCADE_CHAINS    ; ON         ; AUTO_CASCADE                  ;
; IGNORE_CASCADE_BUFFERS ; OFF        ; IGNORE_CASCADE                ;
+------------------------+------------+-------------------------------+
Note: In order to hide this table in the UI and the text report file, please set the "Show Parameter Settings in Synthesis Report" option in "Analysis and Synthesis Settings -> More Settings" to "Off".


+------------------------------------------------------------+
; Parameter Settings for User Entity Instance: sel2g:aSelect ;
+----------------+-------+-----------------------------------+
; Parameter Name ; Value ; Type                              ;
+----------------+-------+-----------------------------------+
; W              ; 8     ; Untyped                           ;
+----------------+-------+-----------------------------------+
Note: In order to hide this table in the UI and the text report file, please set the "Show Parameter Settings in Synthesis Report" option in "Analysis and Synthesis Settings -> More Settings" to "Off".


+-----------------------------------------------------------------------+
; Parameter Settings for User Entity Instance: regset:inst4|sel4g:inst5 ;
+----------------+-------+----------------------------------------------+
; Parameter Name ; Value ; Type                                         ;
+----------------+-------+----------------------------------------------+
; W              ; 8     ; Untyped                                      ;
+----------------+-------+----------------------------------------------+
Note: In order to hide this table in the UI and the text report file, please set the "Show Parameter Settings in Synthesis Report" option in "Analysis and Synthesis Settings -> More Settings" to "Off".


+-----------------------------------------------------------------------------------+
; Parameter Settings for User Entity Instance: regset:inst4|sel4g:inst5|sel2g:inst4 ;
+----------------+-------+----------------------------------------------------------+
; Parameter Name ; Value ; Type                                                     ;
+----------------+-------+----------------------------------------------------------+
; W              ; 8     ; Untyped                                                  ;
+----------------+-------+----------------------------------------------------------+
Note: In order to hide this table in the UI and the text report file, please set the "Show Parameter Settings in Synthesis Report" option in "Analysis and Synthesis Settings -> More Settings" to "Off".


+----------------------------------------------------------------------------------+
; Parameter Settings for User Entity Instance: regset:inst4|sel4g:inst5|sel2g:inst ;
+----------------+-------+---------------------------------------------------------+
; Parameter Name ; Value ; Type                                                    ;
+----------------+-------+---------------------------------------------------------+
; W              ; 8     ; Untyped                                                 ;
+----------------+-------+---------------------------------------------------------+
Note: In order to hide this table in the UI and the text report file, please set the "Show Parameter Settings in Synthesis Report" option in "Analysis and Synthesis Settings -> More Settings" to "Off".


+-----------------------------------------------------------------------------------+
; Parameter Settings for User Entity Instance: regset:inst4|sel4g:inst5|sel2g:inst3 ;
+----------------+-------+----------------------------------------------------------+
; Parameter Name ; Value ; Type                                                     ;
+----------------+-------+----------------------------------------------------------+
; W              ; 8     ; Untyped                                                  ;
+----------------+-------+----------------------------------------------------------+
Note: In order to hide this table in the UI and the text report file, please set the "Show Parameter Settings in Synthesis Report" option in "Analysis and Synthesis Settings -> More Settings" to "Off".


+---------------------------------------------------------------------+
; Parameter Settings for User Entity Instance: regset:inst4|regg:inst ;
+----------------+-------+--------------------------------------------+
; Parameter Name ; Value ; Type                                       ;
+----------------+-------+--------------------------------------------+
; W              ; 8     ; Untyped                                    ;
+----------------+-------+--------------------------------------------+
Note: In order to hide this table in the UI and the text report file, please set the "Show Parameter Settings in Synthesis Report" option in "Analysis and Synthesis Settings -> More Settings" to "Off".


+---------------------------------------------------------------------------------+
; Parameter Settings for User Entity Instance: regset:inst4|regg:inst|LPM_FF:inst ;
+------------------------+------------+-------------------------------------------+
; Parameter Name         ; Value      ; Type                                      ;
+------------------------+------------+-------------------------------------------+
; LPM_WIDTH              ; 8          ; Untyped                                   ;
; LPM_AVALUE             ; UNUSED     ; Untyped                                   ;
; LPM_SVALUE             ; UNUSED     ; Untyped                                   ;
; LPM_FFTYPE             ; DFF        ; Untyped                                   ;
; DEVICE_FAMILY          ; Cyclone II ; Untyped                                   ;
; CBXI_PARAMETER         ; NOTHING    ; Untyped                                   ;
; AUTO_CARRY_CHAINS      ; ON         ; AUTO_CARRY                                ;
; IGNORE_CARRY_BUFFERS   ; OFF        ; IGNORE_CARRY                              ;
; AUTO_CASCADE_CHAINS    ; ON         ; AUTO_CASCADE                              ;
; IGNORE_CASCADE_BUFFERS ; OFF        ; IGNORE_CASCADE                            ;
+------------------------+------------+-------------------------------------------+
Note: In order to hide this table in the UI and the text report file, please set the "Show Parameter Settings in Synthesis Report" option in "Analysis and Synthesis Settings -> More Settings" to "Off".


+----------------------------------------------------------------------+
; Parameter Settings for User Entity Instance: regset:inst4|regg:inst8 ;
+----------------+-------+---------------------------------------------+
; Parameter Name ; Value ; Type                                        ;
+----------------+-------+---------------------------------------------+
; W              ; 8     ; Untyped                                     ;
+----------------+-------+---------------------------------------------+
Note: In order to hide this table in the UI and the text report file, please set the "Show Parameter Settings in Synthesis Report" option in "Analysis and Synthesis Settings -> More Settings" to "Off".


+----------------------------------------------------------------------------------+
; Parameter Settings for User Entity Instance: regset:inst4|regg:inst8|LPM_FF:inst ;
+------------------------+------------+--------------------------------------------+
; Parameter Name         ; Value      ; Type                                       ;
+------------------------+------------+--------------------------------------------+
; LPM_WIDTH              ; 8          ; Untyped                                    ;
; LPM_AVALUE             ; UNUSED     ; Untyped                                    ;
; LPM_SVALUE             ; UNUSED     ; Untyped                                    ;
; LPM_FFTYPE             ; DFF        ; Untyped                                    ;
; DEVICE_FAMILY          ; Cyclone II ; Untyped                                    ;
; CBXI_PARAMETER         ; NOTHING    ; Untyped                                    ;
; AUTO_CARRY_CHAINS      ; ON         ; AUTO_CARRY                                 ;
; IGNORE_CARRY_BUFFERS   ; OFF        ; IGNORE_CARRY                               ;
; AUTO_CASCADE_CHAINS    ; ON         ; AUTO_CASCADE                               ;
; IGNORE_CASCADE_BUFFERS ; OFF        ; IGNORE_CASCADE                             ;
+------------------------+------------+--------------------------------------------+
Note: In order to hide this table in the UI and the text report file, please set the "Show Parameter Settings in Synthesis Report" option in "Analysis and Synthesis Settings -> More Settings" to "Off".


+----------------------------------------------------------------------+
; Parameter Settings for User Entity Instance: regset:inst4|regg:inst9 ;
+----------------+-------+---------------------------------------------+
; Parameter Name ; Value ; Type                                        ;
+----------------+-------+---------------------------------------------+
; W              ; 8     ; Untyped                                     ;
+----------------+-------+---------------------------------------------+
Note: In order to hide this table in the UI and the text report file, please set the "Show Parameter Settings in Synthesis Report" option in "Analysis and Synthesis Settings -> More Settings" to "Off".


+----------------------------------------------------------------------------------+
; Parameter Settings for User Entity Instance: regset:inst4|regg:inst9|LPM_FF:inst ;
+------------------------+------------+--------------------------------------------+
; Parameter Name         ; Value      ; Type                                       ;
+------------------------+------------+--------------------------------------------+
; LPM_WIDTH              ; 8          ; Untyped                                    ;
; LPM_AVALUE             ; UNUSED     ; Untyped                                    ;
; LPM_SVALUE             ; UNUSED     ; Untyped                                    ;
; LPM_FFTYPE             ; DFF        ; Untyped                                    ;
; DEVICE_FAMILY          ; Cyclone II ; Untyped                                    ;
; CBXI_PARAMETER         ; NOTHING    ; Untyped                                    ;
; AUTO_CARRY_CHAINS      ; ON         ; AUTO_CARRY                                 ;
; IGNORE_CARRY_BUFFERS   ; OFF        ; IGNORE_CARRY                               ;
; AUTO_CASCADE_CHAINS    ; ON         ; AUTO_CASCADE                               ;
; IGNORE_CASCADE_BUFFERS ; OFF        ; IGNORE_CASCADE                             ;
+------------------------+------------+--------------------------------------------+
Note: In order to hide this table in the UI and the text report file, please set the "Show Parameter Settings in Synthesis Report" option in "Analysis and Synthesis Settings -> More Settings" to "Off".


+-----------------------------------------------------------------------+
; Parameter Settings for User Entity Instance: regset:inst4|regg:inst10 ;
+----------------+-------+----------------------------------------------+
; Parameter Name ; Value ; Type                                         ;
+----------------+-------+----------------------------------------------+
; W              ; 8     ; Untyped                                      ;
+----------------+-------+----------------------------------------------+
Note: In order to hide this table in the UI and the text report file, please set the "Show Parameter Settings in Synthesis Report" option in "Analysis and Synthesis Settings -> More Settings" to "Off".


+-----------------------------------------------------------------------------------+
; Parameter Settings for User Entity Instance: regset:inst4|regg:inst10|LPM_FF:inst ;
+------------------------+------------+---------------------------------------------+
; Parameter Name         ; Value      ; Type                                        ;
+------------------------+------------+---------------------------------------------+
; LPM_WIDTH              ; 8          ; Untyped                                     ;
; LPM_AVALUE             ; UNUSED     ; Untyped                                     ;
; LPM_SVALUE             ; UNUSED     ; Untyped                                     ;
; LPM_FFTYPE             ; DFF        ; Untyped                                     ;
; DEVICE_FAMILY          ; Cyclone II ; Untyped                                     ;
; CBXI_PARAMETER         ; NOTHING    ; Untyped                                     ;
; AUTO_CARRY_CHAINS      ; ON         ; AUTO_CARRY                                  ;
; IGNORE_CARRY_BUFFERS   ; OFF        ; IGNORE_CARRY                                ;
; AUTO_CASCADE_CHAINS    ; ON         ; AUTO_CASCADE                                ;
; IGNORE_CASCADE_BUFFERS ; OFF        ; IGNORE_CASCADE                              ;
+------------------------+------------+---------------------------------------------+
Note: In order to hide this table in the UI and the text report file, please set the "Show Parameter Settings in Synthesis Report" option in "Analysis and Synthesis Settings -> More Settings" to "Off".


+-----------------------------------------------------------------------+
; Parameter Settings for User Entity Instance: regset:inst4|sel4g:inst6 ;
+----------------+-------+----------------------------------------------+
; Parameter Name ; Value ; Type                                         ;
+----------------+-------+----------------------------------------------+
; W              ; 8     ; Untyped                                      ;
+----------------+-------+----------------------------------------------+
Note: In order to hide this table in the UI and the text report file, please set the "Show Parameter Settings in Synthesis Report" option in "Analysis and Synthesis Settings -> More Settings" to "Off".


+-----------------------------------------------------------------------------------+
; Parameter Settings for User Entity Instance: regset:inst4|sel4g:inst6|sel2g:inst4 ;
+----------------+-------+----------------------------------------------------------+
; Parameter Name ; Value ; Type                                                     ;
+----------------+-------+----------------------------------------------------------+
; W              ; 8     ; Untyped                                                  ;
+----------------+-------+----------------------------------------------------------+
Note: In order to hide this table in the UI and the text report file, please set the "Show Parameter Settings in Synthesis Report" option in "Analysis and Synthesis Settings -> More Settings" to "Off".


+----------------------------------------------------------------------------------+
; Parameter Settings for User Entity Instance: regset:inst4|sel4g:inst6|sel2g:inst ;
+----------------+-------+---------------------------------------------------------+
; Parameter Name ; Value ; Type                                                    ;
+----------------+-------+---------------------------------------------------------+
; W              ; 8     ; Untyped                                                 ;
+----------------+-------+---------------------------------------------------------+
Note: In order to hide this table in the UI and the text report file, please set the "Show Parameter Settings in Synthesis Report" option in "Analysis and Synthesis Settings -> More Settings" to "Off".


+-----------------------------------------------------------------------------------+
; Parameter Settings for User Entity Instance: regset:inst4|sel4g:inst6|sel2g:inst3 ;
+----------------+-------+----------------------------------------------------------+
; Parameter Name ; Value ; Type                                                     ;
+----------------+-------+----------------------------------------------------------+
; W              ; 8     ; Untyped                                                  ;
+----------------+-------+----------------------------------------------------------+
Note: In order to hide this table in the UI and the text report file, please set the "Show Parameter Settings in Synthesis Report" option in "Analysis and Synthesis Settings -> More Settings" to "Off".


+------------------------------------------------------------------------+
; Parameter Settings for User Entity Instance: alu_diy:inst2|sel4g:inst5 ;
+----------------+-------+-----------------------------------------------+
; Parameter Name ; Value ; Type                                          ;
+----------------+-------+-----------------------------------------------+
; W              ; 1     ; Untyped                                       ;
+----------------+-------+-----------------------------------------------+
Note: In order to hide this table in the UI and the text report file, please set the "Show Parameter Settings in Synthesis Report" option in "Analysis and Synthesis Settings -> More Settings" to "Off".


+------------------------------------------------------------------------------------+
; Parameter Settings for User Entity Instance: alu_diy:inst2|sel4g:inst5|sel2g:inst4 ;
+----------------+-------+-----------------------------------------------------------+
; Parameter Name ; Value ; Type                                                      ;
+----------------+-------+-----------------------------------------------------------+
; W              ; 1     ; Untyped                                                   ;
+----------------+-------+-----------------------------------------------------------+
Note: In order to hide this table in the UI and the text report file, please set the "Show Parameter Settings in Synthesis Report" option in "Analysis and Synthesis Settings -> More Settings" to "Off".


+-----------------------------------------------------------------------------------+
; Parameter Settings for User Entity Instance: alu_diy:inst2|sel4g:inst5|sel2g:inst ;
+----------------+-------+----------------------------------------------------------+
; Parameter Name ; Value ; Type                                                     ;
+----------------+-------+----------------------------------------------------------+
; W              ; 1     ; Untyped                                                  ;
+----------------+-------+----------------------------------------------------------+
Note: In order to hide this table in the UI and the text report file, please set the "Show Parameter Settings in Synthesis Report" option in "Analysis and Synthesis Settings -> More Settings" to "Off".


+------------------------------------------------------------------------------------+
; Parameter Settings for User Entity Instance: alu_diy:inst2|sel4g:inst5|sel2g:inst3 ;
+----------------+-------+-----------------------------------------------------------+
; Parameter Name ; Value ; Type                                                      ;
+----------------+-------+-----------------------------------------------------------+
; W              ; 1     ; Untyped                                                   ;
+----------------+-------+-----------------------------------------------------------+
Note: In order to hide this table in the UI and the text report file, please set the "Show Parameter Settings in Synthesis Report" option in "Analysis and Synthesis Settings -> More Settings" to "Off".


+----------------------------------------------------------------------------------+
; Parameter Settings for User Entity Instance: alu_diy:inst2|sh1c:inst2|sel4g:inst ;
+----------------+-------+---------------------------------------------------------+
; Parameter Name ; Value ; Type                                                    ;
+----------------+-------+---------------------------------------------------------+
; W              ; 9     ; Untyped                                                 ;
+----------------+-------+---------------------------------------------------------+
Note: In order to hide this table in the UI and the text report file, please set the "Show Parameter Settings in Synthesis Report" option in "Analysis and Synthesis Settings -> More Settings" to "Off".


+----------------------------------------------------------------------------------------------+
; Parameter Settings for User Entity Instance: alu_diy:inst2|sh1c:inst2|sel4g:inst|sel2g:inst4 ;
+----------------+-------+---------------------------------------------------------------------+
; Parameter Name ; Value ; Type                                                                ;
+----------------+-------+---------------------------------------------------------------------+
; W              ; 9     ; Untyped                                                             ;
+----------------+-------+---------------------------------------------------------------------+
Note: In order to hide this table in the UI and the text report file, please set the "Show Parameter Settings in Synthesis Report" option in "Analysis and Synthesis Settings -> More Settings" to "Off".


+---------------------------------------------------------------------------------------------+
; Parameter Settings for User Entity Instance: alu_diy:inst2|sh1c:inst2|sel4g:inst|sel2g:inst ;
+----------------+-------+--------------------------------------------------------------------+
; Parameter Name ; Value ; Type                                                               ;
+----------------+-------+--------------------------------------------------------------------+
; W              ; 9     ; Untyped                                                            ;
+----------------+-------+--------------------------------------------------------------------+
Note: In order to hide this table in the UI and the text report file, please set the "Show Parameter Settings in Synthesis Report" option in "Analysis and Synthesis Settings -> More Settings" to "Off".


+----------------------------------------------------------------------------------------------+
; Parameter Settings for User Entity Instance: alu_diy:inst2|sh1c:inst2|sel4g:inst|sel2g:inst3 ;
+----------------+-------+---------------------------------------------------------------------+
; Parameter Name ; Value ; Type                                                                ;
+----------------+-------+---------------------------------------------------------------------+
; W              ; 9     ; Untyped                                                             ;
+----------------+-------+---------------------------------------------------------------------+
Note: In order to hide this table in the UI and the text report file, please set the "Show Parameter Settings in Synthesis Report" option in "Analysis and Synthesis Settings -> More Settings" to "Off".


+------------------------------------------------------------------------+
; Parameter Settings for User Entity Instance: alu_diy:inst2|sel4g:inst4 ;
+----------------+-------+-----------------------------------------------+
; Parameter Name ; Value ; Type                                          ;
+----------------+-------+-----------------------------------------------+
; W              ; 8     ; Untyped                                       ;
+----------------+-------+-----------------------------------------------+
Note: In order to hide this table in the UI and the text report file, please set the "Show Parameter Settings in Synthesis Report" option in "Analysis and Synthesis Settings -> More Settings" to "Off".


+------------------------------------------------------------------------------------+
; Parameter Settings for User Entity Instance: alu_diy:inst2|sel4g:inst4|sel2g:inst4 ;
+----------------+-------+-----------------------------------------------------------+
; Parameter Name ; Value ; Type                                                      ;
+----------------+-------+-----------------------------------------------------------+
; W              ; 8     ; Untyped                                                   ;
+----------------+-------+-----------------------------------------------------------+
Note: In order to hide this table in the UI and the text report file, please set the "Show Parameter Settings in Synthesis Report" option in "Analysis and Synthesis Settings -> More Settings" to "Off".


+-----------------------------------------------------------------------------------+
; Parameter Settings for User Entity Instance: alu_diy:inst2|sel4g:inst4|sel2g:inst ;
+----------------+-------+----------------------------------------------------------+
; Parameter Name ; Value ; Type                                                     ;
+----------------+-------+----------------------------------------------------------+
; W              ; 8     ; Untyped                                                  ;
+----------------+-------+----------------------------------------------------------+
Note: In order to hide this table in the UI and the text report file, please set the "Show Parameter Settings in Synthesis Report" option in "Analysis and Synthesis Settings -> More Settings" to "Off".


+------------------------------------------------------------------------------------+
; Parameter Settings for User Entity Instance: alu_diy:inst2|sel4g:inst4|sel2g:inst3 ;
+----------------+-------+-----------------------------------------------------------+
; Parameter Name ; Value ; Type                                                      ;
+----------------+-------+-----------------------------------------------------------+
; W              ; 8     ; Untyped                                                   ;
+----------------+-------+-----------------------------------------------------------+
Note: In order to hide this table in the UI and the text report file, please set the "Show Parameter Settings in Synthesis Report" option in "Analysis and Synthesis Settings -> More Settings" to "Off".


+------------------------------------------------------------------------+
; Parameter Settings for User Entity Instance: alu_diy:inst2|sel4g:inst3 ;
+----------------+-------+-----------------------------------------------+
; Parameter Name ; Value ; Type                                          ;
+----------------+-------+-----------------------------------------------+
; W              ; 8     ; Untyped                                       ;
+----------------+-------+-----------------------------------------------+
Note: In order to hide this table in the UI and the text report file, please set the "Show Parameter Settings in Synthesis Report" option in "Analysis and Synthesis Settings -> More Settings" to "Off".


+------------------------------------------------------------------------------------+
; Parameter Settings for User Entity Instance: alu_diy:inst2|sel4g:inst3|sel2g:inst4 ;
+----------------+-------+-----------------------------------------------------------+
; Parameter Name ; Value ; Type                                                      ;
+----------------+-------+-----------------------------------------------------------+
; W              ; 8     ; Untyped                                                   ;
+----------------+-------+-----------------------------------------------------------+
Note: In order to hide this table in the UI and the text report file, please set the "Show Parameter Settings in Synthesis Report" option in "Analysis and Synthesis Settings -> More Settings" to "Off".


+-----------------------------------------------------------------------------------+
; Parameter Settings for User Entity Instance: alu_diy:inst2|sel4g:inst3|sel2g:inst ;
+----------------+-------+----------------------------------------------------------+
; Parameter Name ; Value ; Type                                                     ;
+----------------+-------+----------------------------------------------------------+
; W              ; 8     ; Untyped                                                  ;
+----------------+-------+----------------------------------------------------------+
Note: In order to hide this table in the UI and the text report file, please set the "Show Parameter Settings in Synthesis Report" option in "Analysis and Synthesis Settings -> More Settings" to "Off".


+------------------------------------------------------------------------------------+
; Parameter Settings for User Entity Instance: alu_diy:inst2|sel4g:inst3|sel2g:inst3 ;
+----------------+-------+-----------------------------------------------------------+
; Parameter Name ; Value ; Type                                                      ;
+----------------+-------+-----------------------------------------------------------+
; W              ; 8     ; Untyped                                                   ;
+----------------+-------+-----------------------------------------------------------+
Note: In order to hide this table in the UI and the text report file, please set the "Show Parameter Settings in Synthesis Report" option in "Analysis and Synthesis Settings -> More Settings" to "Off".


+-------------------------------------------------------------------------+
; Parameter Settings for User Entity Instance: alu_diy:inst2|sel2g:inst11 ;
+----------------+-------+------------------------------------------------+
; Parameter Name ; Value ; Type                                           ;
+----------------+-------+------------------------------------------------+
; W              ; 8     ; Untyped                                        ;
+----------------+-------+------------------------------------------------+
Note: In order to hide this table in the UI and the text report file, please set the "Show Parameter Settings in Synthesis Report" option in "Analysis and Synthesis Settings -> More Settings" to "Off".


+-------------------------------------------------------------------------+
; Parameter Settings for User Entity Instance: alu_diy:inst2|sel2g:inst10 ;
+----------------+-------+------------------------------------------------+
; Parameter Name ; Value ; Type                                           ;
+----------------+-------+------------------------------------------------+
; W              ; 1     ; Untyped                                        ;
+----------------+-------+------------------------------------------------+
Note: In order to hide this table in the UI and the text report file, please set the "Show Parameter Settings in Synthesis Report" option in "Analysis and Synthesis Settings -> More Settings" to "Off".


+---------------------------------------------------------+
; Parameter Settings for User Entity Instance: sel4g:inst ;
+----------------+-------+--------------------------------+
; Parameter Name ; Value ; Type                           ;
+----------------+-------+--------------------------------+
; W              ; 8     ; Untyped                        ;
+----------------+-------+--------------------------------+
Note: In order to hide this table in the UI and the text report file, please set the "Show Parameter Settings in Synthesis Report" option in "Analysis and Synthesis Settings -> More Settings" to "Off".


+---------------------------------------------------------------------+
; Parameter Settings for User Entity Instance: sel4g:inst|sel2g:inst4 ;
+----------------+-------+--------------------------------------------+
; Parameter Name ; Value ; Type                                       ;
+----------------+-------+--------------------------------------------+
; W              ; 8     ; Untyped                                    ;
+----------------+-------+--------------------------------------------+
Note: In order to hide this table in the UI and the text report file, please set the "Show Parameter Settings in Synthesis Report" option in "Analysis and Synthesis Settings -> More Settings" to "Off".


+--------------------------------------------------------------------+
; Parameter Settings for User Entity Instance: sel4g:inst|sel2g:inst ;
+----------------+-------+-------------------------------------------+
; Parameter Name ; Value ; Type                                      ;
+----------------+-------+-------------------------------------------+
; W              ; 8     ; Untyped                                   ;
+----------------+-------+-------------------------------------------+
Note: In order to hide this table in the UI and the text report file, please set the "Show Parameter Settings in Synthesis Report" option in "Analysis and Synthesis Settings -> More Settings" to "Off".


+---------------------------------------------------------------------+
; Parameter Settings for User Entity Instance: sel4g:inst|sel2g:inst3 ;
+----------------+-------+--------------------------------------------+
; Parameter Name ; Value ; Type                                       ;
+----------------+-------+--------------------------------------------+
; W              ; 8     ; Untyped                                    ;
+----------------+-------+--------------------------------------------+
Note: In order to hide this table in the UI and the text report file, please set the "Show Parameter Settings in Synthesis Report" option in "Analysis and Synthesis Settings -> More Settings" to "Off".


+----------------------------------------------------------+
; Parameter Settings for User Entity Instance: regg:inst20 ;
+----------------+-------+---------------------------------+
; Parameter Name ; Value ; Type                            ;
+----------------+-------+---------------------------------+
; W              ; 8     ; Untyped                         ;
+----------------+-------+---------------------------------+
Note: In order to hide this table in the UI and the text report file, please set the "Show Parameter Settings in Synthesis Report" option in "Analysis and Synthesis Settings -> More Settings" to "Off".


+----------------------------------------------------------------------+
; Parameter Settings for User Entity Instance: regg:inst20|LPM_FF:inst ;
+------------------------+------------+--------------------------------+
; Parameter Name         ; Value      ; Type                           ;
+------------------------+------------+--------------------------------+
; LPM_WIDTH              ; 8          ; Untyped                        ;
; LPM_AVALUE             ; UNUSED     ; Untyped                        ;
; LPM_SVALUE             ; UNUSED     ; Untyped                        ;
; LPM_FFTYPE             ; DFF        ; Untyped                        ;
; DEVICE_FAMILY          ; Cyclone II ; Untyped                        ;
; CBXI_PARAMETER         ; NOTHING    ; Untyped                        ;
; AUTO_CARRY_CHAINS      ; ON         ; AUTO_CARRY                     ;
; IGNORE_CARRY_BUFFERS   ; OFF        ; IGNORE_CARRY                   ;
; AUTO_CASCADE_CHAINS    ; ON         ; AUTO_CASCADE                   ;
; IGNORE_CASCADE_BUFFERS ; OFF        ; IGNORE_CASCADE                 ;
+------------------------+------------+--------------------------------+
Note: In order to hide this table in the UI and the text report file, please set the "Show Parameter Settings in Synthesis Report" option in "Analysis and Synthesis Settings -> More Settings" to "Off".


+-----------------------------------------------------------+
; Parameter Settings for User Entity Instance: sel2g:inst21 ;
+----------------+-------+----------------------------------+
; Parameter Name ; Value ; Type                             ;
+----------------+-------+----------------------------------+
; W              ; 8     ; Untyped                          ;
+----------------+-------+----------------------------------+
Note: In order to hide this table in the UI and the text report file, please set the "Show Parameter Settings in Synthesis Report" option in "Analysis and Synthesis Settings -> More Settings" to "Off".


+-----------------------------------------------------------+
; Parameter Settings for User Entity Instance: regg:inst199 ;
+----------------+-------+----------------------------------+
; Parameter Name ; Value ; Type                             ;
+----------------+-------+----------------------------------+
; W              ; 8     ; Untyped                          ;
+----------------+-------+----------------------------------+
Note: In order to hide this table in the UI and the text report file, please set the "Show Parameter Settings in Synthesis Report" option in "Analysis and Synthesis Settings -> More Settings" to "Off".


+-----------------------------------------------------------------------+
; Parameter Settings for User Entity Instance: regg:inst199|LPM_FF:inst ;
+------------------------+------------+---------------------------------+
; Parameter Name         ; Value      ; Type                            ;
+------------------------+------------+---------------------------------+
; LPM_WIDTH              ; 8          ; Untyped                         ;
; LPM_AVALUE             ; UNUSED     ; Untyped                         ;
; LPM_SVALUE             ; UNUSED     ; Untyped                         ;
; LPM_FFTYPE             ; DFF        ; Untyped                         ;
; DEVICE_FAMILY          ; Cyclone II ; Untyped                         ;
; CBXI_PARAMETER         ; NOTHING    ; Untyped                         ;
; AUTO_CARRY_CHAINS      ; ON         ; AUTO_CARRY                      ;
; IGNORE_CARRY_BUFFERS   ; OFF        ; IGNORE_CARRY                    ;
; AUTO_CASCADE_CHAINS    ; ON         ; AUTO_CASCADE                    ;
; IGNORE_CASCADE_BUFFERS ; OFF        ; IGNORE_CASCADE                  ;
+------------------------+------------+---------------------------------+
Note: In order to hide this table in the UI and the text report file, please set the "Show Parameter Settings in Synthesis Report" option in "Analysis and Synthesis Settings -> More Settings" to "Off".


+---------------------------------------------------------+
; Parameter Settings for User Entity Instance: regg:inst7 ;
+----------------+-------+--------------------------------+
; Parameter Name ; Value ; Type                           ;
+----------------+-------+--------------------------------+
; W              ; 8     ; Untyped                        ;
+----------------+-------+--------------------------------+
Note: In order to hide this table in the UI and the text report file, please set the "Show Parameter Settings in Synthesis Report" option in "Analysis and Synthesis Settings -> More Settings" to "Off".


+---------------------------------------------------------------------+
; Parameter Settings for User Entity Instance: regg:inst7|LPM_FF:inst ;
+------------------------+------------+-------------------------------+
; Parameter Name         ; Value      ; Type                          ;
+------------------------+------------+-------------------------------+
; LPM_WIDTH              ; 8          ; Untyped                       ;
; LPM_AVALUE             ; UNUSED     ; Untyped                       ;
; LPM_SVALUE             ; UNUSED     ; Untyped                       ;
; LPM_FFTYPE             ; DFF        ; Untyped                       ;
; DEVICE_FAMILY          ; Cyclone II ; Untyped                       ;
; CBXI_PARAMETER         ; NOTHING    ; Untyped                       ;
; AUTO_CARRY_CHAINS      ; ON         ; AUTO_CARRY                    ;
; IGNORE_CARRY_BUFFERS   ; OFF        ; IGNORE_CARRY                  ;
; AUTO_CASCADE_CHAINS    ; ON         ; AUTO_CASCADE                  ;
; IGNORE_CASCADE_BUFFERS ; OFF        ; IGNORE_CASCADE                ;
+------------------------+------------+-------------------------------+
Note: In order to hide this table in the UI and the text report file, please set the "Show Parameter Settings in Synthesis Report" option in "Analysis and Synthesis Settings -> More Settings" to "Off".


+-------------------------------------------------------+
; Parameter Settings for User Entity Instance: regg:rPC ;
+----------------+-------+------------------------------+
; Parameter Name ; Value ; Type                         ;
+----------------+-------+------------------------------+
; W              ; 8     ; Untyped                      ;
+----------------+-------+------------------------------+
Note: In order to hide this table in the UI and the text report file, please set the "Show Parameter Settings in Synthesis Report" option in "Analysis and Synthesis Settings -> More Settings" to "Off".


+-------------------------------------------------------------------+
; Parameter Settings for User Entity Instance: regg:rPC|LPM_FF:inst ;
+------------------------+------------+-----------------------------+
; Parameter Name         ; Value      ; Type                        ;
+------------------------+------------+-----------------------------+
; LPM_WIDTH              ; 8          ; Untyped                     ;
; LPM_AVALUE             ; UNUSED     ; Untyped                     ;
; LPM_SVALUE             ; UNUSED     ; Untyped                     ;
; LPM_FFTYPE             ; DFF        ; Untyped                     ;
; DEVICE_FAMILY          ; Cyclone II ; Untyped                     ;
; CBXI_PARAMETER         ; NOTHING    ; Untyped                     ;
; AUTO_CARRY_CHAINS      ; ON         ; AUTO_CARRY                  ;
; IGNORE_CARRY_BUFFERS   ; OFF        ; IGNORE_CARRY                ;
; AUTO_CASCADE_CHAINS    ; ON         ; AUTO_CASCADE                ;
; IGNORE_CASCADE_BUFFERS ; OFF        ; IGNORE_CASCADE              ;
+------------------------+------------+-----------------------------+
Note: In order to hide this table in the UI and the text report file, please set the "Show Parameter Settings in Synthesis Report" option in "Analysis and Synthesis Settings -> More Settings" to "Off".


+-------------------------------+
; Elapsed Time Per Partition    ;
+----------------+--------------+
; Partition Name ; Elapsed Time ;
+----------------+--------------+
; Top            ; 00:00:03     ;
+----------------+--------------+


+-------------------------------+
; Analysis & Synthesis Messages ;
+-------------------------------+
Info: *******************************************************************
Info: Running Quartus II 64-Bit Analysis & Synthesis
    Info: Version 13.0.1 Build 232 06/12/2013 Service Pack 1 SJ Web Edition
    Info: Processing started: Sat Apr 26 15:23:30 2025
Info: Command: quartus_map --read_settings_files=on --write_settings_files=off arch -c arch
Warning (20028): Parallel compilation is not licensed and has been disabled
Info (12021): Found 1 design units, including 1 entities, in source file hadd.bdf
    Info (12023): Found entity 1: hadd
Info (12021): Found 1 design units, including 1 entities, in source file fadd.bdf
    Info (12023): Found entity 1: fadd
Info (12021): Found 1 design units, including 1 entities, in source file adder.bdf
    Info (12023): Found entity 1: adder
Info (12021): Found 1 design units, including 1 entities, in source file selector.bdf
    Info (12023): Found entity 1: selector
Info (12021): Found 1 design units, including 1 entities, in source file dec2_4.bdf
    Info (12023): Found entity 1: dec2_4
Info (12021): Found 1 design units, including 1 entities, in source file sel2g.bdf
    Info (12023): Found entity 1: sel2g
Info (12021): Found 1 design units, including 1 entities, in source file sel4g.bdf
    Info (12023): Found entity 1: sel4g
Info (12021): Found 1 design units, including 1 entities, in source file dec3_8.bdf
    Info (12023): Found entity 1: dec3_8
Info (12021): Found 1 design units, including 1 entities, in source file shifter.bdf
    Info (12023): Found entity 1: shifter
Info (12021): Found 1 design units, including 1 entities, in source file reg.bdf
    Info (12023): Found entity 1: reg
Info (12021): Found 1 design units, including 1 entities, in source file hadd8.bdf
    Info (12023): Found entity 1: hadd8
Info (12021): Found 1 design units, including 1 entities, in source file cnt8.bdf
    Info (12023): Found entity 1: cnt8
Info (12021): Found 1 design units, including 1 entities, in source file alu8_181.bdf
    Info (12023): Found entity 1: ALU8_181
Info (12021): Found 1 design units, including 1 entities, in source file sh1c.bdf
    Info (12023): Found entity 1: sh1c
Info (12021): Found 1 design units, including 1 entities, in source file add8.bdf
    Info (12023): Found entity 1: add8
Info (12021): Found 1 design units, including 1 entities, in source file addsub8.bdf
    Info (12023): Found entity 1: addsub8
Info (12021): Found 1 design units, including 1 entities, in source file alucomb.bdf
    Info (12023): Found entity 1: alucomb
Info (12021): Found 1 design units, including 1 entities, in source file regg.bdf
    Info (12023): Found entity 1: regg
Info (12021): Found 1 design units, including 1 entities, in source file alusys.bdf
    Info (12023): Found entity 1: alusys
Info (12021): Found 1 design units, including 1 entities, in source file alu_rom.bdf
    Info (12023): Found entity 1: alu_ROM
Info (12021): Found 1 design units, including 1 entities, in source file ram_dq.bdf
    Info (12023): Found entity 1: ram_dq
Info (12021): Found 1 design units, including 1 entities, in source file ramsub.bdf
    Info (12023): Found entity 1: ramsub
Info (12021): Found 2 design units, including 1 entities, in source file vhdl/ram_rw_dq.vhd
    Info (12022): Found design unit 1: ram_rw_dq-behavior
    Info (12023): Found entity 1: ram_rw_dq
Info (12021): Found 1 design units, including 1 entities, in source file ks_simp.bdf
    Info (12023): Found entity 1: ks_simp
Info (12021): Found 1 design units, including 1 entities, in source file ks.bdf
    Info (12023): Found entity 1: ks
Info (12021): Found 1 design units, including 1 entities, in source file ks_test.bdf
    Info (12023): Found entity 1: ks_test
Info (12021): Found 1 design units, including 1 entities, in source file ramsub_ks.bdf
    Info (12023): Found entity 1: ramsub_ks
Info (12021): Found 1 design units, including 1 entities, in source file vwf/ramsub_debug.bdf
    Info (12023): Found entity 1: ramsub_debug
Info (12021): Found 2 design units, including 1 entities, in source file sandp.vhd
    Info (12022): Found design unit 1: sandp-SYN
    Info (12023): Found entity 1: sandp
Info (12021): Found 1 design units, including 1 entities, in source file asyncram.v
    Info (12023): Found entity 1: asyncram
Info (12021): Found 1 design units, including 1 entities, in source file memsys.bdf
    Info (12023): Found entity 1: memsys
Info (12021): Found 1 design units, including 1 entities, in source file memctrl.bdf
    Info (12023): Found entity 1: memctrl
Info (12021): Found 1 design units, including 1 entities, in source file memtest.bdf
    Info (12023): Found entity 1: memtest
Info (12021): Found 1 design units, including 1 entities, in source file cnt8_2.bdf
    Info (12023): Found entity 1: cnt8_2
Info (12021): Found 1 design units, including 1 entities, in source file memsim.bdf
    Info (12023): Found entity 1: memsim
Info (12021): Found 1 design units, including 1 entities, in source file memtemp.bdf
    Info (12023): Found entity 1: memtemp
Info (12021): Found 1 design units, including 1 entities, in source file mempin.bdf
    Info (12023): Found entity 1: mempin
Info (12021): Found 1 design units, including 1 entities, in source file arch.bdf
    Info (12023): Found entity 1: arch
Info (12021): Found 1 design units, including 1 entities, in source file alu_diy.bdf
    Info (12023): Found entity 1: alu_diy
Info (12021): Found 1 design units, including 1 entities, in source file model.bdf
    Info (12023): Found entity 1: model
Info (12021): Found 1 design units, including 1 entities, in source file cu.bdf
    Info (12023): Found entity 1: cu
Info (12021): Found 1 design units, including 1 entities, in source file sel8g.bdf
    Info (12023): Found entity 1: sel8g
Info (12021): Found 1 design units, including 1 entities, in source file regset.bdf
    Info (12023): Found entity 1: regset
Info (12127): Elaborating entity "model" for the top level hierarchy
Info (12128): Elaborating entity "cu" for hierarchy "cu:inst9"
Info (12128): Elaborating entity "sel2g" for hierarchy "cu:inst9|sel2g:inst9"
Info (12128): Elaborating entity "LPM_ROM" for hierarchy "cu:inst9|LPM_ROM:inst10"
Info (12130): Elaborated megafunction instantiation "cu:inst9|LPM_ROM:inst10"
Info (12133): Instantiated megafunction "cu:inst9|LPM_ROM:inst10" with the following parameter:
    Info (12134): Parameter "LPM_ADDRESS_CONTROL" = "REGISTERED"
    Info (12134): Parameter "LPM_FILE" = "MIF/cu.mif"
    Info (12134): Parameter "LPM_NUMWORDS" = "256"
    Info (12134): Parameter "LPM_OUTDATA" = "UNREGISTERED"
    Info (12134): Parameter "LPM_WIDTH" = "24"
    Info (12134): Parameter "LPM_WIDTHAD" = "8"
Info (12128): Elaborating entity "altrom" for hierarchy "cu:inst9|LPM_ROM:inst10|altrom:srom"
Info (12131): Elaborated megafunction instantiation "cu:inst9|LPM_ROM:inst10|altrom:srom", which is child of megafunction instantiation "cu:inst9|LPM_ROM:inst10"
Info (12128): Elaborating entity "altsyncram" for hierarchy "cu:inst9|LPM_ROM:inst10|altrom:srom|altsyncram:rom_block"
Info (12131): Elaborated megafunction instantiation "cu:inst9|LPM_ROM:inst10|altrom:srom|altsyncram:rom_block", which is child of megafunction instantiation "cu:inst9|LPM_ROM:inst10"
Info (12021): Found 1 design units, including 1 entities, in source file db/altsyncram_f301.tdf
    Info (12023): Found entity 1: altsyncram_f301
Info (12128): Elaborating entity "altsyncram_f301" for hierarchy "cu:inst9|LPM_ROM:inst10|altrom:srom|altsyncram:rom_block|altsyncram_f301:auto_generated"
Info (12128): Elaborating entity "reg" for hierarchy "cu:inst9|reg:inst8"
Info (12128): Elaborating entity "LPM_FF" for hierarchy "cu:inst9|reg:inst8|LPM_FF:inst"
Info (12130): Elaborated megafunction instantiation "cu:inst9|reg:inst8|LPM_FF:inst"
Info (12133): Instantiated megafunction "cu:inst9|reg:inst8|LPM_FF:inst" with the following parameter:
    Info (12134): Parameter "LPM_FFTYPE" = "DFF"
    Info (12134): Parameter "LPM_WIDTH" = "8"
Info (12128): Elaborating entity "sel8g" for hierarchy "cu:inst9|sel8g:inst7"
Info (12128): Elaborating entity "sel4g" for hierarchy "cu:inst9|sel8g:inst7|sel4g:inst"
Info (12128): Elaborating entity "add8" for hierarchy "cu:inst9|add8:inst"
Info (12128): Elaborating entity "adder" for hierarchy "cu:inst9|add8:inst|adder:inst1"
Info (12128): Elaborating entity "fadd" for hierarchy "cu:inst9|add8:inst|adder:inst1|fadd:inst3"
Info (12128): Elaborating entity "hadd" for hierarchy "cu:inst9|add8:inst|adder:inst1|fadd:inst3|hadd:inst1"
Info (12128): Elaborating entity "regg" for hierarchy "regg:rFLAG"
Info (12128): Elaborating entity "LPM_FF" for hierarchy "regg:rFLAG|LPM_FF:inst"
Info (12130): Elaborated megafunction instantiation "regg:rFLAG|LPM_FF:inst"
Info (12133): Instantiated megafunction "regg:rFLAG|LPM_FF:inst" with the following parameter:
    Info (12134): Parameter "LPM_FFTYPE" = "DFF"
    Info (12134): Parameter "LPM_WIDTH" = "1"
Info (12128): Elaborating entity "ks" for hierarchy "ks:inst1"
Info (12128): Elaborating entity "regset" for hierarchy "regset:inst4"
Info (12128): Elaborating entity "regg" for hierarchy "regset:inst4|regg:inst"
Info (12128): Elaborating entity "LPM_FF" for hierarchy "regset:inst4|regg:inst|LPM_FF:inst"
Info (12130): Elaborated megafunction instantiation "regset:inst4|regg:inst|LPM_FF:inst"
Info (12133): Instantiated megafunction "regset:inst4|regg:inst|LPM_FF:inst" with the following parameter:
    Info (12134): Parameter "LPM_FFTYPE" = "DFF"
    Info (12134): Parameter "LPM_WIDTH" = "8"
Info (12128): Elaborating entity "dec2_4" for hierarchy "regset:inst4|dec2_4:inst7"
Info (12128): Elaborating entity "dec3_8" for hierarchy "dec3_8:inst22"
Info (12128): Elaborating entity "alu_diy" for hierarchy "alu_diy:inst2"
Info (12128): Elaborating entity "sel4g" for hierarchy "alu_diy:inst2|sel4g:inst5"
Info (12128): Elaborating entity "sel2g" for hierarchy "alu_diy:inst2|sel4g:inst5|sel2g:inst4"
Info (12128): Elaborating entity "addsub8" for hierarchy "alu_diy:inst2|addsub8:inst"
Info (12128): Elaborating entity "sh1c" for hierarchy "alu_diy:inst2|sh1c:inst2"
Info (12128): Elaborating entity "sel4g" for hierarchy "alu_diy:inst2|sh1c:inst2|sel4g:inst"
Info (12128): Elaborating entity "sel2g" for hierarchy "alu_diy:inst2|sh1c:inst2|sel4g:inst|sel2g:inst4"
Info (12128): Elaborating entity "asyncram" for hierarchy "asyncram:inst26"
Warning (10240): Verilog HDL Always Construct warning at asyncram.v(18): inferring latch(es) for variable "data_in", which holds its previous value in one or more paths through the always construct
Info (10041): Inferred latch for "data_in[0]" at asyncram.v(18)
Info (10041): Inferred latch for "data_in[1]" at asyncram.v(18)
Info (10041): Inferred latch for "data_in[2]" at asyncram.v(18)
Info (10041): Inferred latch for "data_in[3]" at asyncram.v(18)
Info (10041): Inferred latch for "data_in[4]" at asyncram.v(18)
Info (10041): Inferred latch for "data_in[5]" at asyncram.v(18)
Info (10041): Inferred latch for "data_in[6]" at asyncram.v(18)
Info (10041): Inferred latch for "data_in[7]" at asyncram.v(18)
Warning (13044): Always-enabled tri-state buffer(s) removed
    Warning (13045): Converted the fanout from the always-enabled tri-state buffer "cu:inst9|lpm_rom:inst10|otri[14]" to the node "uIR[14]" into a wire
    Warning (13045): Converted the fanout from the always-enabled tri-state buffer "cu:inst9|lpm_rom:inst10|otri[10]" to the node "uIR[10]" into a wire
    Warning (13045): Converted the fanout from the always-enabled tri-state buffer "cu:inst9|lpm_rom:inst10|otri[1]" to the node "uIR[1]" into a wire
    Warning (13045): Converted the fanout from the always-enabled tri-state buffer "cu:inst9|lpm_rom:inst10|otri[1]" to the node "R" into a wire
    Warning (13045): Converted the fanout from the always-enabled tri-state buffer "cu:inst9|lpm_rom:inst10|otri[23]" to the node "uIR[23]" into a wire
    Warning (13045): Converted the fanout from the always-enabled tri-state buffer "cu:inst9|lpm_rom:inst10|otri[22]" to the node "uIR[22]" into a wire
    Warning (13045): Converted the fanout from the always-enabled tri-state buffer "cu:inst9|lpm_rom:inst10|otri[21]" to the node "uIR[21]" into a wire
    Warning (13045): Converted the fanout from the always-enabled tri-state buffer "cu:inst9|lpm_rom:inst10|otri[20]" to the node "uIR[20]" into a wire
    Warning (13045): Converted the fanout from the always-enabled tri-state buffer "cu:inst9|lpm_rom:inst10|otri[19]" to the node "uIR[19]" into a wire
    Warning (13045): Converted the fanout from the always-enabled tri-state buffer "cu:inst9|lpm_rom:inst10|otri[18]" to the node "uIR[18]" into a wire
    Warning (13045): Converted the fanout from the always-enabled tri-state buffer "cu:inst9|lpm_rom:inst10|otri[17]" to the node "uIR[17]" into a wire
    Warning (13045): Converted the fanout from the always-enabled tri-state buffer "cu:inst9|lpm_rom:inst10|otri[16]" to the node "uIR[16]" into a wire
    Warning (13045): Converted the fanout from the always-enabled tri-state buffer "cu:inst9|lpm_rom:inst10|otri[15]" to the node "uIR[15]" into a wire
    Warning (13045): Converted the fanout from the always-enabled tri-state buffer "cu:inst9|lpm_rom:inst10|otri[13]" to the node "uIR[13]" into a wire
    Warning (13045): Converted the fanout from the always-enabled tri-state buffer "cu:inst9|lpm_rom:inst10|otri[12]" to the node "uIR[12]" into a wire
    Warning (13045): Converted the fanout from the always-enabled tri-state buffer "cu:inst9|lpm_rom:inst10|otri[11]" to the node "uIR[11]" into a wire
    Warning (13045): Converted the fanout from the always-enabled tri-state buffer "cu:inst9|lpm_rom:inst10|otri[9]" to the node "uIR[9]" into a wire
    Warning (13045): Converted the fanout from the always-enabled tri-state buffer "cu:inst9|lpm_rom:inst10|otri[8]" to the node "uIR[8]" into a wire
    Warning (13045): Converted the fanout from the always-enabled tri-state buffer "cu:inst9|lpm_rom:inst10|otri[7]" to the node "uIR[7]" into a wire
    Warning (13045): Converted the fanout from the always-enabled tri-state buffer "cu:inst9|lpm_rom:inst10|otri[6]" to the node "uIR[6]" into a wire
    Warning (13045): Converted the fanout from the always-enabled tri-state buffer "cu:inst9|lpm_rom:inst10|otri[5]" to the node "uIR[5]" into a wire
    Warning (13045): Converted the fanout from the always-enabled tri-state buffer "cu:inst9|lpm_rom:inst10|otri[4]" to the node "uIR[4]" into a wire
    Warning (13045): Converted the fanout from the always-enabled tri-state buffer "cu:inst9|lpm_rom:inst10|otri[3]" to the node "uIR[3]" into a wire
    Warning (13045): Converted the fanout from the always-enabled tri-state buffer "cu:inst9|lpm_rom:inst10|otri[2]" to the node "uIR[2]" into a wire
    Warning (13045): Converted the fanout from the always-enabled tri-state buffer "cu:inst9|lpm_rom:inst10|otri[0]" to the node "uIR[0]" into a wire
    Warning (13045): Converted the fanout from the always-enabled tri-state buffer "cu:inst9|lpm_rom:inst10|otri[0]" to the node "W" into a wire
    Warning (13045): Converted the fanout from the always-enabled tri-state buffer "cu:inst9|lpm_rom:inst10|otri[13]" to the node "ks:inst1|inst1" into a wire
    Warning (13045): Converted the fanout from the always-enabled tri-state buffer "cu:inst9|lpm_rom:inst10|otri[8]" to the node "regg:rFLAG|lpm_ff:inst|dffs[0]" into a wire
    Warning (13045): Converted the fanout from the always-enabled tri-state buffer "cu:inst9|lpm_rom:inst10|otri[0]" to the node "inst28" into a wire
Warning (13046): Tri-state node(s) do not directly drive top-level pin(s)
    Warning (13047): Converted the fan-out from the tri-state buffer "cu:inst9|lpm_rom:inst10|otri[0]" to the node "inst25[7]" into an OR gate
    Warning (13047): Converted the fan-out from the tri-state buffer "cu:inst9|lpm_rom:inst10|otri[0]" to the node "inst25[6]" into an OR gate
    Warning (13047): Converted the fan-out from the tri-state buffer "cu:inst9|lpm_rom:inst10|otri[0]" to the node "inst25[5]" into an OR gate
    Warning (13047): Converted the fan-out from the tri-state buffer "cu:inst9|lpm_rom:inst10|otri[0]" to the node "inst25[4]" into an OR gate
    Warning (13047): Converted the fan-out from the tri-state buffer "cu:inst9|lpm_rom:inst10|otri[0]" to the node "inst25[3]" into an OR gate
    Warning (13047): Converted the fan-out from the tri-state buffer "cu:inst9|lpm_rom:inst10|otri[0]" to the node "inst25[2]" into an OR gate
    Warning (13047): Converted the fan-out from the tri-state buffer "cu:inst9|lpm_rom:inst10|otri[0]" to the node "inst25[1]" into an OR gate
    Warning (13047): Converted the fan-out from the tri-state buffer "cu:inst9|lpm_rom:inst10|otri[0]" to the node "inst25[0]" into an OR gate
    Warning (13047): Converted the fan-out from the tri-state buffer "cu:inst9|lpm_rom:inst10|otri[1]" to the node "inst24" into an OR gate
    Warning (13047): Converted the fan-out from the tri-state buffer "cu:inst9|lpm_rom:inst10|otri[23]" to the node "cu:inst9|sel2g:inst9|inst1[7]" into an OR gate
    Warning (13047): Converted the fan-out from the tri-state buffer "cu:inst9|lpm_rom:inst10|otri[22]" to the node "cu:inst9|sel2g:inst9|inst1[6]" into an OR gate
    Warning (13047): Converted the fan-out from the tri-state buffer "cu:inst9|lpm_rom:inst10|otri[21]" to the node "cu:inst9|sel2g:inst9|inst1[5]" into an OR gate
    Warning (13047): Converted the fan-out from the tri-state buffer "cu:inst9|lpm_rom:inst10|otri[20]" to the node "cu:inst9|sel2g:inst9|inst1[4]" into an OR gate
    Warning (13047): Converted the fan-out from the tri-state buffer "cu:inst9|lpm_rom:inst10|otri[19]" to the node "cu:inst9|sel2g:inst9|inst1[7]" into an OR gate
    Warning (13047): Converted the fan-out from the tri-state buffer "cu:inst9|lpm_rom:inst10|otri[18]" to the node "alu_diy:inst2|sel2g:inst10|inst1" into an OR gate
    Warning (13047): Converted the fan-out from the tri-state buffer "cu:inst9|lpm_rom:inst10|otri[17]" to the node "alu_diy:inst2|sh1c:inst2|sel4g:inst|sel2g:inst3|inst1[7]" into an OR gate
    Warning (13047): Converted the fan-out from the tri-state buffer "cu:inst9|lpm_rom:inst10|otri[16]" to the node "alu_diy:inst2|sel4g:inst4|sel2g:inst4|inst2[1]" into an OR gate
    Warning (13047): Converted the fan-out from the tri-state buffer "cu:inst9|lpm_rom:inst10|otri[15]" to the node "alu_diy:inst2|sel4g:inst4|sel2g:inst4|inst2[1]" into an OR gate
    Warning (13047): Converted the fan-out from the tri-state buffer "cu:inst9|lpm_rom:inst10|otri[12]" to the node "sel4g:inst|sel2g:inst4|inst1[7]" into an OR gate
    Warning (13047): Converted the fan-out from the tri-state buffer "cu:inst9|lpm_rom:inst10|otri[11]" to the node "sel4g:inst|sel2g:inst3|inst2[7]" into an OR gate
    Warning (13047): Converted the fan-out from the tri-state buffer "cu:inst9|lpm_rom:inst10|otri[9]" to the node "sel2g:aSelect|inst2[7]" into an OR gate
    Warning (13047): Converted the fan-out from the tri-state buffer "cu:inst9|lpm_rom:inst10|otri[7]" to the node "dec3_8:inst22|dec2_4:inst|inst6" into an OR gate
    Warning (13047): Converted the fan-out from the tri-state buffer "cu:inst9|lpm_rom:inst10|otri[6]" to the node "dec3_8:inst22|dec2_4:inst|inst6" into an OR gate
    Warning (13047): Converted the fan-out from the tri-state buffer "cu:inst9|lpm_rom:inst10|otri[5]" to the node "dec3_8:inst22|dec2_4:inst|inst6" into an OR gate
    Warning (13047): Converted the fan-out from the tri-state buffer "cu:inst9|lpm_rom:inst10|otri[4]" to the node "cu:inst9|reg:inst8|lpm_ff:inst|dffs[6]" into an OR gate
    Warning (13047): Converted the fan-out from the tri-state buffer "cu:inst9|lpm_rom:inst10|otri[3]" to the node "cu:inst9|sel8g:inst7|sel4g:inst1|sel2g:inst4|inst2[7]" into an OR gate
    Warning (13047): Converted the fan-out from the tri-state buffer "cu:inst9|lpm_rom:inst10|otri[2]" to the node "cu:inst9|sel8g:inst7|sel4g:inst|sel2g:inst3|inst[3]" into an OR gate
Warning (13046): Tri-state node(s) do not directly drive top-level pin(s)
    Warning (13047): Converted the fan-out from the tri-state buffer "inst25[7]" to the node "regg:inst20|lpm_ff:inst|dffs[7]" into an OR gate
    Warning (13047): Converted the fan-out from the tri-state buffer "inst25[6]" to the node "regg:inst20|lpm_ff:inst|dffs[6]" into an OR gate
    Warning (13047): Converted the fan-out from the tri-state buffer "inst25[5]" to the node "regg:inst20|lpm_ff:inst|dffs[5]" into an OR gate
    Warning (13047): Converted the fan-out from the tri-state buffer "inst25[4]" to the node "regg:inst20|lpm_ff:inst|dffs[4]" into an OR gate
    Warning (13047): Converted the fan-out from the tri-state buffer "inst25[3]" to the node "regg:inst20|lpm_ff:inst|dffs[3]" into an OR gate
    Warning (13047): Converted the fan-out from the tri-state buffer "inst25[2]" to the node "regg:inst20|lpm_ff:inst|dffs[2]" into an OR gate
    Warning (13047): Converted the fan-out from the tri-state buffer "inst25[1]" to the node "regg:inst20|lpm_ff:inst|dffs[1]" into an OR gate
    Warning (13047): Converted the fan-out from the tri-state buffer "inst25[0]" to the node "sel2g:inst21|inst2[0]" into an OR gate
Warning (13012): Latch asyncram:inst26|data_in[7] has unsafe behavior
    Warning (13013): Ports D and ENA on the latch are fed by the same signal cu:inst9|lpm_rom:inst10|altrom:srom|altsyncram:rom_block|altsyncram_f301:auto_generated|q_a[1]
Warning (13012): Latch asyncram:inst26|data_in[6] has unsafe behavior
    Warning (13013): Ports D and ENA on the latch are fed by the same signal cu:inst9|lpm_rom:inst10|altrom:srom|altsyncram:rom_block|altsyncram_f301:auto_generated|q_a[1]
Warning (13012): Latch asyncram:inst26|data_in[5] has unsafe behavior
    Warning (13013): Ports D and ENA on the latch are fed by the same signal cu:inst9|lpm_rom:inst10|altrom:srom|altsyncram:rom_block|altsyncram_f301:auto_generated|q_a[1]
Warning (13012): Latch asyncram:inst26|data_in[4] has unsafe behavior
    Warning (13013): Ports D and ENA on the latch are fed by the same signal cu:inst9|lpm_rom:inst10|altrom:srom|altsyncram:rom_block|altsyncram_f301:auto_generated|q_a[1]
Warning (13012): Latch asyncram:inst26|data_in[3] has unsafe behavior
    Warning (13013): Ports D and ENA on the latch are fed by the same signal cu:inst9|lpm_rom:inst10|altrom:srom|altsyncram:rom_block|altsyncram_f301:auto_generated|q_a[1]
Warning (13012): Latch asyncram:inst26|data_in[2] has unsafe behavior
    Warning (13013): Ports D and ENA on the latch are fed by the same signal cu:inst9|lpm_rom:inst10|altrom:srom|altsyncram:rom_block|altsyncram_f301:auto_generated|q_a[1]
Warning (13012): Latch asyncram:inst26|data_in[1] has unsafe behavior
    Warning (13013): Ports D and ENA on the latch are fed by the same signal cu:inst9|lpm_rom:inst10|altrom:srom|altsyncram:rom_block|altsyncram_f301:auto_generated|q_a[1]
Warning (13012): Latch asyncram:inst26|data_in[0] has unsafe behavior
    Warning (13013): Ports D and ENA on the latch are fed by the same signal cu:inst9|lpm_rom:inst10|altrom:srom|altsyncram:rom_block|altsyncram_f301:auto_generated|q_a[1]
Info (13000): Registers with preset signals will power-up high
Info (13003): DEV_CLRn pin will set, and not reset, register with preset signal due to NOT Gate Push-Back
Warning (13004): Presettable and clearable registers converted to equivalent circuits with latches. Registers power-up to an undefined state, and DEVCLRn places the registers in an undefined state.
    Warning (13310): Register "ks:inst1|inst1" is converted into an equivalent circuit using register "ks:inst1|inst1~_emulated" and latch "ks:inst1|inst1~1"
Info (144001): Generated suppressed messages file E:/Project/FPGA/design/output_files/arch.map.smsg
Info (16010): Generating hard_block partition "hard_block:auto_generated_inst"
    Info (16011): Adding 0 node(s), including 0 DDIO, 0 PLL, 0 transceiver and 0 LCELL
Info (21057): Implemented 4113 device resources after synthesis - the final resource count might be different
    Info (21058): Implemented 3 input pins
    Info (21059): Implemented 99 output pins
    Info (21061): Implemented 3987 logic cells
    Info (21064): Implemented 24 RAM segments
Info: Quartus II 64-Bit Analysis & Synthesis was successful. 0 errors, 87 warnings
    Info: Peak virtual memory: 4674 megabytes
    Info: Processing ended: Sat Apr 26 15:23:35 2025
    Info: Elapsed time: 00:00:05
    Info: Total CPU time (on all processors): 00:00:05


+------------------------------------------+
; Analysis & Synthesis Suppressed Messages ;
+------------------------------------------+
The suppressed messages can be found in E:/Project/FPGA/design/output_files/arch.map.smsg.


