TimeQuest Timing Analyzer report for arch
Sat Apr 26 15:23:53 2025
Quartus II 64-Bit Version 13.0.1 Build 232 06/12/2013 Service Pack 1 SJ Web Edition


---------------------
; Table of Contents ;
---------------------
  1. Legal Notice
  2. TimeQuest Timing Analyzer Summary
  3. Parallel Compilation
  4. Clocks
  5. Slow Model Fmax Summary
  6. Slow Model Setup Summary
  7. Slow Model Hold Summary
  8. Slow Model Recovery Summary
  9. Slow Model Removal Summary
 10. Slow Model Minimum Pulse Width Summary
 11. Slow Model Setup: 'CLKi'
 12. Slow Model Hold: 'CLKi'
 13. Slow Model Minimum Pulse Width: 'CLKi'
 14. Setup Times
 15. Hold Times
 16. Clock to Output Times
 17. Minimum Clock to Output Times
 18. Propagation Delay
 19. Minimum Propagation Delay
 20. Output Enable Times
 21. Minimum Output Enable Times
 22. Output Disable Times
 23. Minimum Output Disable Times
 24. Fast Model Setup Summary
 25. Fast Model Hold Summary
 26. Fast Model Recovery Summary
 27. Fast Model Removal Summary
 28. Fast Model Minimum Pulse Width Summary
 29. Fast Model Setup: 'CLKi'
 30. Fast Model Hold: 'CLKi'
 31. Fast Model Minimum Pulse Width: 'CLKi'
 32. Setup Times
 33. Hold Times
 34. Clock to Output Times
 35. Minimum Clock to Output Times
 36. Propagation Delay
 37. Minimum Propagation Delay
 38. Output Enable Times
 39. Minimum Output Enable Times
 40. Output Disable Times
 41. Minimum Output Disable Times
 42. Multicorner Timing Analysis Summary
 43. Setup Times
 44. Hold Times
 45. Clock to Output Times
 46. Minimum Clock to Output Times
 47. Progagation Delay
 48. Minimum Progagation Delay
 49. Setup Transfers
 50. Hold Transfers
 51. Report TCCS
 52. Report RSKM
 53. Unconstrained Paths
 54. TimeQuest Timing Analyzer Messages



----------------
; Legal Notice ;
----------------
Copyright (C) 1991-2013 Altera Corporation
Your use of Altera Corporation's design tools, logic functions 
and other software and tools, and its AMPP partner logic 
functions, and any output files from any of the foregoing 
(including device programming or simulation files), and any 
associated documentation or information are expressly subject 
to the terms and conditions of the Altera Program License 
Subscription Agreement, Altera MegaCore Function License 
Agreement, or other applicable license agreement, including, 
without limitation, that your use is for the sole purpose of 
programming logic devices manufactured by Altera and sold by 
Altera or its authorized distributors.  Please refer to the 
applicable agreement for further details.



+----------------------------------------------------------------------------------------+
; TimeQuest Timing Analyzer Summary                                                      ;
+--------------------+-------------------------------------------------------------------+
; Quartus II Version ; Version 13.0.1 Build 232 06/12/2013 Service Pack 1 SJ Web Edition ;
; Revision Name      ; arch                                                              ;
; Device Family      ; Cyclone II                                                        ;
; Device Name        ; EP2C8Q208C8                                                       ;
; Timing Models      ; Final                                                             ;
; Delay Model        ; Combined                                                          ;
; Rise/Fall Delays   ; Unavailable                                                       ;
+--------------------+-------------------------------------------------------------------+


Parallel compilation was disabled, but you have multiple processors available. Enable parallel compilation to reduce compilation time.
+-------------------------------------+
; Parallel Compilation                ;
+----------------------------+--------+
; Processors                 ; Number ;
+----------------------------+--------+
; Number detected on machine ; 20     ;
; Maximum allowed            ; 1      ;
+----------------------------+--------+


+----------------------------------------------------------------------------------------------------------------------------------------------------------------------------------+
; Clocks                                                                                                                                                                           ;
+------------+------+--------+------------+-------+-------+------------+-----------+-------------+-------+--------+-----------+------------+----------+--------+--------+----------+
; Clock Name ; Type ; Period ; Frequency  ; Rise  ; Fall  ; Duty Cycle ; Divide by ; Multiply by ; Phase ; Offset ; Edge List ; Edge Shift ; Inverted ; Master ; Source ; Targets  ;
+------------+------+--------+------------+-------+-------+------------+-----------+-------------+-------+--------+-----------+------------+----------+--------+--------+----------+
; CLKi       ; Base ; 1.000  ; 1000.0 MHz ; 0.000 ; 0.500 ;            ;           ;             ;       ;        ;           ;            ;          ;        ;        ; { CLKi } ;
+------------+------+--------+------------+-------+-------+------------+-----------+-------------+-------+--------+-----------+------------+----------+--------+--------+----------+


+------------------------------------------------+
; Slow Model Fmax Summary                        ;
+----------+-----------------+------------+------+
; Fmax     ; Restricted Fmax ; Clock Name ; Note ;
+----------+-----------------+------------+------+
; 32.6 MHz ; 32.6 MHz        ; CLKi       ;      ;
+----------+-----------------+------------+------+
This panel reports FMAX for every clock in the design, regardless of the user-specified clock periods.  FMAX is only computed for paths where the source and destination registers or ports are driven by the same clock.  Paths of different clocks, including generated clocks, are ignored.  For paths between a clock and its inversion, FMAX is computed as if the rising and falling edges are scaled along with FMAX, such that the duty cycle (in terms of a percentage) is maintained. Altera recommends that you always use clock constraints and other slack reports for sign-off analysis.


+---------------------------------+
; Slow Model Setup Summary        ;
+-------+---------+---------------+
; Clock ; Slack   ; End Point TNS ;
+-------+---------+---------------+
; CLKi  ; -14.894 ; -12121.538    ;
+-------+---------+---------------+


+--------------------------------+
; Slow Model Hold Summary        ;
+-------+--------+---------------+
; Clock ; Slack  ; End Point TNS ;
+-------+--------+---------------+
; CLKi  ; -0.724 ; -4.384        ;
+-------+--------+---------------+


-------------------------------
; Slow Model Recovery Summary ;
-------------------------------
No paths to report.


------------------------------
; Slow Model Removal Summary ;
------------------------------
No paths to report.


+----------------------------------------+
; Slow Model Minimum Pulse Width Summary ;
+-------+--------+-----------------------+
; Clock ; Slack  ; End Point TNS         ;
+-------+--------+-----------------------+
; CLKi  ; -2.277 ; -3260.285             ;
+-------+--------+-----------------------+


+-------------------------------------------------------------------------------------------------------------------------------------------------------------------------------------------------------------------------------------------------------+
; Slow Model Setup: 'CLKi'                                                                                                                                                                                                                              ;
+---------+-------------------------------------------------------------------------------------------------------------------------+---------------------------------------------+--------------+-------------+--------------+------------+------------+
; Slack   ; From Node                                                                                                               ; To Node                                     ; Launch Clock ; Latch Clock ; Relationship ; Clock Skew ; Data Delay ;
+---------+-------------------------------------------------------------------------------------------------------------------------+---------------------------------------------+--------------+-------------+--------------+------------+------------+
; -14.894 ; regset:inst4|regg:inst|lpm_ff:inst|dffs[1]                                                                              ; regg:inst199|lpm_ff:inst|dffs[7]            ; CLKi         ; CLKi        ; 1.000        ; -0.051     ; 15.883     ;
; -14.851 ; regg:inst7|lpm_ff:inst|dffs[2]                                                                                          ; regg:inst199|lpm_ff:inst|dffs[7]            ; CLKi         ; CLKi        ; 1.000        ; -0.059     ; 15.832     ;
; -14.839 ; cu:inst9|lpm_rom:inst10|altrom:srom|altsyncram:rom_block|altsyncram_f301:auto_generated|ram_block1a6~porta_address_reg0 ; regg:inst199|lpm_ff:inst|dffs[7]            ; CLKi         ; CLKi        ; 0.500        ; -0.151     ; 15.228     ;
; -14.839 ; cu:inst9|lpm_rom:inst10|altrom:srom|altsyncram:rom_block|altsyncram_f301:auto_generated|ram_block1a6~porta_address_reg1 ; regg:inst199|lpm_ff:inst|dffs[7]            ; CLKi         ; CLKi        ; 0.500        ; -0.151     ; 15.228     ;
; -14.839 ; cu:inst9|lpm_rom:inst10|altrom:srom|altsyncram:rom_block|altsyncram_f301:auto_generated|ram_block1a6~porta_address_reg2 ; regg:inst199|lpm_ff:inst|dffs[7]            ; CLKi         ; CLKi        ; 0.500        ; -0.151     ; 15.228     ;
; -14.839 ; cu:inst9|lpm_rom:inst10|altrom:srom|altsyncram:rom_block|altsyncram_f301:auto_generated|ram_block1a6~porta_address_reg3 ; regg:inst199|lpm_ff:inst|dffs[7]            ; CLKi         ; CLKi        ; 0.500        ; -0.151     ; 15.228     ;
; -14.839 ; cu:inst9|lpm_rom:inst10|altrom:srom|altsyncram:rom_block|altsyncram_f301:auto_generated|ram_block1a6~porta_address_reg4 ; regg:inst199|lpm_ff:inst|dffs[7]            ; CLKi         ; CLKi        ; 0.500        ; -0.151     ; 15.228     ;
; -14.839 ; cu:inst9|lpm_rom:inst10|altrom:srom|altsyncram:rom_block|altsyncram_f301:auto_generated|ram_block1a6~porta_address_reg5 ; regg:inst199|lpm_ff:inst|dffs[7]            ; CLKi         ; CLKi        ; 0.500        ; -0.151     ; 15.228     ;
; -14.839 ; cu:inst9|lpm_rom:inst10|altrom:srom|altsyncram:rom_block|altsyncram_f301:auto_generated|ram_block1a6~porta_address_reg6 ; regg:inst199|lpm_ff:inst|dffs[7]            ; CLKi         ; CLKi        ; 0.500        ; -0.151     ; 15.228     ;
; -14.839 ; cu:inst9|lpm_rom:inst10|altrom:srom|altsyncram:rom_block|altsyncram_f301:auto_generated|ram_block1a6~porta_address_reg7 ; regg:inst199|lpm_ff:inst|dffs[7]            ; CLKi         ; CLKi        ; 0.500        ; -0.151     ; 15.228     ;
; -14.572 ; regset:inst4|regg:inst|lpm_ff:inst|dffs[1]                                                                              ; regset:inst4|regg:inst9|lpm_ff:inst|dffs[7] ; CLKi         ; CLKi        ; 1.000        ; -0.003     ; 15.609     ;
; -14.570 ; regset:inst4|regg:inst|lpm_ff:inst|dffs[1]                                                                              ; regset:inst4|regg:inst|lpm_ff:inst|dffs[7]  ; CLKi         ; CLKi        ; 1.000        ; -0.003     ; 15.607     ;
; -14.566 ; regset:inst4|regg:inst|lpm_ff:inst|dffs[1]                                                                              ; regset:inst4|regg:inst8|lpm_ff:inst|dffs[7] ; CLKi         ; CLKi        ; 1.000        ; -0.004     ; 15.602     ;
; -14.566 ; regset:inst4|regg:inst|lpm_ff:inst|dffs[1]                                                                              ; regg:inst7|lpm_ff:inst|dffs[7]              ; CLKi         ; CLKi        ; 1.000        ; -0.004     ; 15.602     ;
; -14.550 ; regset:inst4|regg:inst|lpm_ff:inst|dffs[1]                                                                              ; regg:rPC|lpm_ff:inst|dffs[7]                ; CLKi         ; CLKi        ; 1.000        ; -0.002     ; 15.588     ;
; -14.529 ; regg:inst7|lpm_ff:inst|dffs[2]                                                                                          ; regset:inst4|regg:inst9|lpm_ff:inst|dffs[7] ; CLKi         ; CLKi        ; 1.000        ; -0.011     ; 15.558     ;
; -14.527 ; regg:inst7|lpm_ff:inst|dffs[2]                                                                                          ; regset:inst4|regg:inst|lpm_ff:inst|dffs[7]  ; CLKi         ; CLKi        ; 1.000        ; -0.011     ; 15.556     ;
; -14.523 ; regg:inst7|lpm_ff:inst|dffs[2]                                                                                          ; regset:inst4|regg:inst8|lpm_ff:inst|dffs[7] ; CLKi         ; CLKi        ; 1.000        ; -0.012     ; 15.551     ;
; -14.523 ; regg:inst7|lpm_ff:inst|dffs[2]                                                                                          ; regg:inst7|lpm_ff:inst|dffs[7]              ; CLKi         ; CLKi        ; 1.000        ; -0.012     ; 15.551     ;
; -14.517 ; cu:inst9|lpm_rom:inst10|altrom:srom|altsyncram:rom_block|altsyncram_f301:auto_generated|ram_block1a6~porta_address_reg0 ; regset:inst4|regg:inst9|lpm_ff:inst|dffs[7] ; CLKi         ; CLKi        ; 0.500        ; -0.103     ; 14.954     ;
; -14.517 ; cu:inst9|lpm_rom:inst10|altrom:srom|altsyncram:rom_block|altsyncram_f301:auto_generated|ram_block1a6~porta_address_reg1 ; regset:inst4|regg:inst9|lpm_ff:inst|dffs[7] ; CLKi         ; CLKi        ; 0.500        ; -0.103     ; 14.954     ;
; -14.517 ; cu:inst9|lpm_rom:inst10|altrom:srom|altsyncram:rom_block|altsyncram_f301:auto_generated|ram_block1a6~porta_address_reg2 ; regset:inst4|regg:inst9|lpm_ff:inst|dffs[7] ; CLKi         ; CLKi        ; 0.500        ; -0.103     ; 14.954     ;
; -14.517 ; cu:inst9|lpm_rom:inst10|altrom:srom|altsyncram:rom_block|altsyncram_f301:auto_generated|ram_block1a6~porta_address_reg3 ; regset:inst4|regg:inst9|lpm_ff:inst|dffs[7] ; CLKi         ; CLKi        ; 0.500        ; -0.103     ; 14.954     ;
; -14.517 ; cu:inst9|lpm_rom:inst10|altrom:srom|altsyncram:rom_block|altsyncram_f301:auto_generated|ram_block1a6~porta_address_reg4 ; regset:inst4|regg:inst9|lpm_ff:inst|dffs[7] ; CLKi         ; CLKi        ; 0.500        ; -0.103     ; 14.954     ;
; -14.517 ; cu:inst9|lpm_rom:inst10|altrom:srom|altsyncram:rom_block|altsyncram_f301:auto_generated|ram_block1a6~porta_address_reg5 ; regset:inst4|regg:inst9|lpm_ff:inst|dffs[7] ; CLKi         ; CLKi        ; 0.500        ; -0.103     ; 14.954     ;
; -14.517 ; cu:inst9|lpm_rom:inst10|altrom:srom|altsyncram:rom_block|altsyncram_f301:auto_generated|ram_block1a6~porta_address_reg6 ; regset:inst4|regg:inst9|lpm_ff:inst|dffs[7] ; CLKi         ; CLKi        ; 0.500        ; -0.103     ; 14.954     ;
; -14.517 ; cu:inst9|lpm_rom:inst10|altrom:srom|altsyncram:rom_block|altsyncram_f301:auto_generated|ram_block1a6~porta_address_reg7 ; regset:inst4|regg:inst9|lpm_ff:inst|dffs[7] ; CLKi         ; CLKi        ; 0.500        ; -0.103     ; 14.954     ;
; -14.515 ; cu:inst9|lpm_rom:inst10|altrom:srom|altsyncram:rom_block|altsyncram_f301:auto_generated|ram_block1a6~porta_address_reg0 ; regset:inst4|regg:inst|lpm_ff:inst|dffs[7]  ; CLKi         ; CLKi        ; 0.500        ; -0.103     ; 14.952     ;
; -14.515 ; cu:inst9|lpm_rom:inst10|altrom:srom|altsyncram:rom_block|altsyncram_f301:auto_generated|ram_block1a6~porta_address_reg1 ; regset:inst4|regg:inst|lpm_ff:inst|dffs[7]  ; CLKi         ; CLKi        ; 0.500        ; -0.103     ; 14.952     ;
; -14.515 ; cu:inst9|lpm_rom:inst10|altrom:srom|altsyncram:rom_block|altsyncram_f301:auto_generated|ram_block1a6~porta_address_reg2 ; regset:inst4|regg:inst|lpm_ff:inst|dffs[7]  ; CLKi         ; CLKi        ; 0.500        ; -0.103     ; 14.952     ;
; -14.515 ; cu:inst9|lpm_rom:inst10|altrom:srom|altsyncram:rom_block|altsyncram_f301:auto_generated|ram_block1a6~porta_address_reg3 ; regset:inst4|regg:inst|lpm_ff:inst|dffs[7]  ; CLKi         ; CLKi        ; 0.500        ; -0.103     ; 14.952     ;
; -14.515 ; cu:inst9|lpm_rom:inst10|altrom:srom|altsyncram:rom_block|altsyncram_f301:auto_generated|ram_block1a6~porta_address_reg4 ; regset:inst4|regg:inst|lpm_ff:inst|dffs[7]  ; CLKi         ; CLKi        ; 0.500        ; -0.103     ; 14.952     ;
; -14.515 ; cu:inst9|lpm_rom:inst10|altrom:srom|altsyncram:rom_block|altsyncram_f301:auto_generated|ram_block1a6~porta_address_reg5 ; regset:inst4|regg:inst|lpm_ff:inst|dffs[7]  ; CLKi         ; CLKi        ; 0.500        ; -0.103     ; 14.952     ;
; -14.515 ; cu:inst9|lpm_rom:inst10|altrom:srom|altsyncram:rom_block|altsyncram_f301:auto_generated|ram_block1a6~porta_address_reg6 ; regset:inst4|regg:inst|lpm_ff:inst|dffs[7]  ; CLKi         ; CLKi        ; 0.500        ; -0.103     ; 14.952     ;
; -14.515 ; cu:inst9|lpm_rom:inst10|altrom:srom|altsyncram:rom_block|altsyncram_f301:auto_generated|ram_block1a6~porta_address_reg7 ; regset:inst4|regg:inst|lpm_ff:inst|dffs[7]  ; CLKi         ; CLKi        ; 0.500        ; -0.103     ; 14.952     ;
; -14.511 ; cu:inst9|lpm_rom:inst10|altrom:srom|altsyncram:rom_block|altsyncram_f301:auto_generated|ram_block1a6~porta_address_reg0 ; regset:inst4|regg:inst8|lpm_ff:inst|dffs[7] ; CLKi         ; CLKi        ; 0.500        ; -0.104     ; 14.947     ;
; -14.511 ; cu:inst9|lpm_rom:inst10|altrom:srom|altsyncram:rom_block|altsyncram_f301:auto_generated|ram_block1a6~porta_address_reg0 ; regg:inst7|lpm_ff:inst|dffs[7]              ; CLKi         ; CLKi        ; 0.500        ; -0.104     ; 14.947     ;
; -14.511 ; cu:inst9|lpm_rom:inst10|altrom:srom|altsyncram:rom_block|altsyncram_f301:auto_generated|ram_block1a6~porta_address_reg1 ; regset:inst4|regg:inst8|lpm_ff:inst|dffs[7] ; CLKi         ; CLKi        ; 0.500        ; -0.104     ; 14.947     ;
; -14.511 ; cu:inst9|lpm_rom:inst10|altrom:srom|altsyncram:rom_block|altsyncram_f301:auto_generated|ram_block1a6~porta_address_reg2 ; regset:inst4|regg:inst8|lpm_ff:inst|dffs[7] ; CLKi         ; CLKi        ; 0.500        ; -0.104     ; 14.947     ;
; -14.511 ; cu:inst9|lpm_rom:inst10|altrom:srom|altsyncram:rom_block|altsyncram_f301:auto_generated|ram_block1a6~porta_address_reg3 ; regset:inst4|regg:inst8|lpm_ff:inst|dffs[7] ; CLKi         ; CLKi        ; 0.500        ; -0.104     ; 14.947     ;
; -14.511 ; cu:inst9|lpm_rom:inst10|altrom:srom|altsyncram:rom_block|altsyncram_f301:auto_generated|ram_block1a6~porta_address_reg4 ; regset:inst4|regg:inst8|lpm_ff:inst|dffs[7] ; CLKi         ; CLKi        ; 0.500        ; -0.104     ; 14.947     ;
; -14.511 ; cu:inst9|lpm_rom:inst10|altrom:srom|altsyncram:rom_block|altsyncram_f301:auto_generated|ram_block1a6~porta_address_reg5 ; regset:inst4|regg:inst8|lpm_ff:inst|dffs[7] ; CLKi         ; CLKi        ; 0.500        ; -0.104     ; 14.947     ;
; -14.511 ; cu:inst9|lpm_rom:inst10|altrom:srom|altsyncram:rom_block|altsyncram_f301:auto_generated|ram_block1a6~porta_address_reg6 ; regset:inst4|regg:inst8|lpm_ff:inst|dffs[7] ; CLKi         ; CLKi        ; 0.500        ; -0.104     ; 14.947     ;
; -14.511 ; cu:inst9|lpm_rom:inst10|altrom:srom|altsyncram:rom_block|altsyncram_f301:auto_generated|ram_block1a6~porta_address_reg7 ; regset:inst4|regg:inst8|lpm_ff:inst|dffs[7] ; CLKi         ; CLKi        ; 0.500        ; -0.104     ; 14.947     ;
; -14.511 ; cu:inst9|lpm_rom:inst10|altrom:srom|altsyncram:rom_block|altsyncram_f301:auto_generated|ram_block1a6~porta_address_reg1 ; regg:inst7|lpm_ff:inst|dffs[7]              ; CLKi         ; CLKi        ; 0.500        ; -0.104     ; 14.947     ;
; -14.511 ; cu:inst9|lpm_rom:inst10|altrom:srom|altsyncram:rom_block|altsyncram_f301:auto_generated|ram_block1a6~porta_address_reg2 ; regg:inst7|lpm_ff:inst|dffs[7]              ; CLKi         ; CLKi        ; 0.500        ; -0.104     ; 14.947     ;
; -14.511 ; cu:inst9|lpm_rom:inst10|altrom:srom|altsyncram:rom_block|altsyncram_f301:auto_generated|ram_block1a6~porta_address_reg3 ; regg:inst7|lpm_ff:inst|dffs[7]              ; CLKi         ; CLKi        ; 0.500        ; -0.104     ; 14.947     ;
; -14.511 ; cu:inst9|lpm_rom:inst10|altrom:srom|altsyncram:rom_block|altsyncram_f301:auto_generated|ram_block1a6~porta_address_reg4 ; regg:inst7|lpm_ff:inst|dffs[7]              ; CLKi         ; CLKi        ; 0.500        ; -0.104     ; 14.947     ;
; -14.511 ; cu:inst9|lpm_rom:inst10|altrom:srom|altsyncram:rom_block|altsyncram_f301:auto_generated|ram_block1a6~porta_address_reg5 ; regg:inst7|lpm_ff:inst|dffs[7]              ; CLKi         ; CLKi        ; 0.500        ; -0.104     ; 14.947     ;
; -14.511 ; cu:inst9|lpm_rom:inst10|altrom:srom|altsyncram:rom_block|altsyncram_f301:auto_generated|ram_block1a6~porta_address_reg6 ; regg:inst7|lpm_ff:inst|dffs[7]              ; CLKi         ; CLKi        ; 0.500        ; -0.104     ; 14.947     ;
; -14.511 ; cu:inst9|lpm_rom:inst10|altrom:srom|altsyncram:rom_block|altsyncram_f301:auto_generated|ram_block1a6~porta_address_reg7 ; regg:inst7|lpm_ff:inst|dffs[7]              ; CLKi         ; CLKi        ; 0.500        ; -0.104     ; 14.947     ;
; -14.507 ; regg:inst7|lpm_ff:inst|dffs[2]                                                                                          ; regg:rPC|lpm_ff:inst|dffs[7]                ; CLKi         ; CLKi        ; 1.000        ; -0.010     ; 15.537     ;
; -14.495 ; cu:inst9|lpm_rom:inst10|altrom:srom|altsyncram:rom_block|altsyncram_f301:auto_generated|ram_block1a6~porta_address_reg0 ; regg:rPC|lpm_ff:inst|dffs[7]                ; CLKi         ; CLKi        ; 0.500        ; -0.102     ; 14.933     ;
; -14.495 ; cu:inst9|lpm_rom:inst10|altrom:srom|altsyncram:rom_block|altsyncram_f301:auto_generated|ram_block1a6~porta_address_reg1 ; regg:rPC|lpm_ff:inst|dffs[7]                ; CLKi         ; CLKi        ; 0.500        ; -0.102     ; 14.933     ;
; -14.495 ; cu:inst9|lpm_rom:inst10|altrom:srom|altsyncram:rom_block|altsyncram_f301:auto_generated|ram_block1a6~porta_address_reg2 ; regg:rPC|lpm_ff:inst|dffs[7]                ; CLKi         ; CLKi        ; 0.500        ; -0.102     ; 14.933     ;
; -14.495 ; cu:inst9|lpm_rom:inst10|altrom:srom|altsyncram:rom_block|altsyncram_f301:auto_generated|ram_block1a6~porta_address_reg3 ; regg:rPC|lpm_ff:inst|dffs[7]                ; CLKi         ; CLKi        ; 0.500        ; -0.102     ; 14.933     ;
; -14.495 ; cu:inst9|lpm_rom:inst10|altrom:srom|altsyncram:rom_block|altsyncram_f301:auto_generated|ram_block1a6~porta_address_reg4 ; regg:rPC|lpm_ff:inst|dffs[7]                ; CLKi         ; CLKi        ; 0.500        ; -0.102     ; 14.933     ;
; -14.495 ; cu:inst9|lpm_rom:inst10|altrom:srom|altsyncram:rom_block|altsyncram_f301:auto_generated|ram_block1a6~porta_address_reg5 ; regg:rPC|lpm_ff:inst|dffs[7]                ; CLKi         ; CLKi        ; 0.500        ; -0.102     ; 14.933     ;
; -14.495 ; cu:inst9|lpm_rom:inst10|altrom:srom|altsyncram:rom_block|altsyncram_f301:auto_generated|ram_block1a6~porta_address_reg6 ; regg:rPC|lpm_ff:inst|dffs[7]                ; CLKi         ; CLKi        ; 0.500        ; -0.102     ; 14.933     ;
; -14.495 ; cu:inst9|lpm_rom:inst10|altrom:srom|altsyncram:rom_block|altsyncram_f301:auto_generated|ram_block1a6~porta_address_reg7 ; regg:rPC|lpm_ff:inst|dffs[7]                ; CLKi         ; CLKi        ; 0.500        ; -0.102     ; 14.933     ;
; -13.892 ; regg:inst7|lpm_ff:inst|dffs[1]                                                                                          ; regg:inst199|lpm_ff:inst|dffs[7]            ; CLKi         ; CLKi        ; 1.000        ; -0.047     ; 14.885     ;
; -13.802 ; regset:inst4|regg:inst|lpm_ff:inst|dffs[0]                                                                              ; regg:inst199|lpm_ff:inst|dffs[7]            ; CLKi         ; CLKi        ; 1.000        ; -0.048     ; 14.794     ;
; -13.745 ; asyncram:inst26|mem[6][7]                                                                                               ; regg:inst20|lpm_ff:inst|dffs[7]             ; CLKi         ; CLKi        ; 0.500        ; -1.419     ; 12.866     ;
; -13.722 ; regset:inst4|regg:inst|lpm_ff:inst|dffs[1]                                                                              ; regg:inst20|lpm_ff:inst|dffs[7]             ; CLKi         ; CLKi        ; 1.000        ; -0.014     ; 14.748     ;
; -13.719 ; regg:inst7|lpm_ff:inst|dffs[3]                                                                                          ; regg:inst199|lpm_ff:inst|dffs[7]            ; CLKi         ; CLKi        ; 1.000        ; -0.047     ; 14.712     ;
; -13.679 ; regg:inst7|lpm_ff:inst|dffs[2]                                                                                          ; regg:inst20|lpm_ff:inst|dffs[7]             ; CLKi         ; CLKi        ; 1.000        ; -0.022     ; 14.697     ;
; -13.667 ; cu:inst9|lpm_rom:inst10|altrom:srom|altsyncram:rom_block|altsyncram_f301:auto_generated|ram_block1a6~porta_address_reg0 ; regg:inst20|lpm_ff:inst|dffs[7]             ; CLKi         ; CLKi        ; 0.500        ; -0.114     ; 14.093     ;
; -13.667 ; cu:inst9|lpm_rom:inst10|altrom:srom|altsyncram:rom_block|altsyncram_f301:auto_generated|ram_block1a6~porta_address_reg1 ; regg:inst20|lpm_ff:inst|dffs[7]             ; CLKi         ; CLKi        ; 0.500        ; -0.114     ; 14.093     ;
; -13.667 ; cu:inst9|lpm_rom:inst10|altrom:srom|altsyncram:rom_block|altsyncram_f301:auto_generated|ram_block1a6~porta_address_reg2 ; regg:inst20|lpm_ff:inst|dffs[7]             ; CLKi         ; CLKi        ; 0.500        ; -0.114     ; 14.093     ;
; -13.667 ; cu:inst9|lpm_rom:inst10|altrom:srom|altsyncram:rom_block|altsyncram_f301:auto_generated|ram_block1a6~porta_address_reg3 ; regg:inst20|lpm_ff:inst|dffs[7]             ; CLKi         ; CLKi        ; 0.500        ; -0.114     ; 14.093     ;
; -13.667 ; cu:inst9|lpm_rom:inst10|altrom:srom|altsyncram:rom_block|altsyncram_f301:auto_generated|ram_block1a6~porta_address_reg4 ; regg:inst20|lpm_ff:inst|dffs[7]             ; CLKi         ; CLKi        ; 0.500        ; -0.114     ; 14.093     ;
; -13.667 ; cu:inst9|lpm_rom:inst10|altrom:srom|altsyncram:rom_block|altsyncram_f301:auto_generated|ram_block1a6~porta_address_reg5 ; regg:inst20|lpm_ff:inst|dffs[7]             ; CLKi         ; CLKi        ; 0.500        ; -0.114     ; 14.093     ;
; -13.667 ; cu:inst9|lpm_rom:inst10|altrom:srom|altsyncram:rom_block|altsyncram_f301:auto_generated|ram_block1a6~porta_address_reg6 ; regg:inst20|lpm_ff:inst|dffs[7]             ; CLKi         ; CLKi        ; 0.500        ; -0.114     ; 14.093     ;
; -13.667 ; cu:inst9|lpm_rom:inst10|altrom:srom|altsyncram:rom_block|altsyncram_f301:auto_generated|ram_block1a6~porta_address_reg7 ; regg:inst20|lpm_ff:inst|dffs[7]             ; CLKi         ; CLKi        ; 0.500        ; -0.114     ; 14.093     ;
; -13.616 ; asyncram:inst26|mem[128][4]                                                                                             ; regg:inst20|lpm_ff:inst|dffs[4]             ; CLKi         ; CLKi        ; 0.500        ; -1.348     ; 12.808     ;
; -13.610 ; asyncram:inst26|mem[40][7]                                                                                              ; regg:inst20|lpm_ff:inst|dffs[7]             ; CLKi         ; CLKi        ; 0.500        ; -1.387     ; 12.763     ;
; -13.570 ; regg:inst7|lpm_ff:inst|dffs[1]                                                                                          ; regset:inst4|regg:inst9|lpm_ff:inst|dffs[7] ; CLKi         ; CLKi        ; 1.000        ; 0.001      ; 14.611     ;
; -13.568 ; regg:inst7|lpm_ff:inst|dffs[1]                                                                                          ; regset:inst4|regg:inst|lpm_ff:inst|dffs[7]  ; CLKi         ; CLKi        ; 1.000        ; 0.001      ; 14.609     ;
; -13.564 ; regg:inst7|lpm_ff:inst|dffs[1]                                                                                          ; regset:inst4|regg:inst8|lpm_ff:inst|dffs[7] ; CLKi         ; CLKi        ; 1.000        ; 0.000      ; 14.604     ;
; -13.564 ; regg:inst7|lpm_ff:inst|dffs[1]                                                                                          ; regg:inst7|lpm_ff:inst|dffs[7]              ; CLKi         ; CLKi        ; 1.000        ; 0.000      ; 14.604     ;
; -13.557 ; regset:inst4|regg:inst9|lpm_ff:inst|dffs[0]                                                                             ; regg:inst199|lpm_ff:inst|dffs[7]            ; CLKi         ; CLKi        ; 1.000        ; -0.048     ; 14.549     ;
; -13.548 ; regg:inst7|lpm_ff:inst|dffs[1]                                                                                          ; regg:rPC|lpm_ff:inst|dffs[7]                ; CLKi         ; CLKi        ; 1.000        ; 0.002      ; 14.590     ;
; -13.528 ; asyncram:inst26|mem[67][4]                                                                                              ; regg:inst20|lpm_ff:inst|dffs[4]             ; CLKi         ; CLKi        ; 0.500        ; -1.377     ; 12.691     ;
; -13.514 ; asyncram:inst26|mem[202][1]                                                                                             ; regg:inst20|lpm_ff:inst|dffs[1]             ; CLKi         ; CLKi        ; 0.500        ; -1.356     ; 12.698     ;
; -13.501 ; asyncram:inst26|mem[66][4]                                                                                              ; regg:inst20|lpm_ff:inst|dffs[4]             ; CLKi         ; CLKi        ; 0.500        ; -1.398     ; 12.643     ;
; -13.480 ; regset:inst4|regg:inst|lpm_ff:inst|dffs[0]                                                                              ; regset:inst4|regg:inst9|lpm_ff:inst|dffs[7] ; CLKi         ; CLKi        ; 1.000        ; 0.000      ; 14.520     ;
; -13.478 ; regset:inst4|regg:inst|lpm_ff:inst|dffs[0]                                                                              ; regset:inst4|regg:inst|lpm_ff:inst|dffs[7]  ; CLKi         ; CLKi        ; 1.000        ; 0.000      ; 14.518     ;
; -13.474 ; regset:inst4|regg:inst|lpm_ff:inst|dffs[0]                                                                              ; regset:inst4|regg:inst8|lpm_ff:inst|dffs[7] ; CLKi         ; CLKi        ; 1.000        ; -0.001     ; 14.513     ;
; -13.474 ; regset:inst4|regg:inst|lpm_ff:inst|dffs[0]                                                                              ; regg:inst7|lpm_ff:inst|dffs[7]              ; CLKi         ; CLKi        ; 1.000        ; -0.001     ; 14.513     ;
; -13.461 ; regg:inst7|lpm_ff:inst|dffs[0]                                                                                          ; regg:inst199|lpm_ff:inst|dffs[7]            ; CLKi         ; CLKi        ; 1.000        ; -0.047     ; 14.454     ;
; -13.461 ; asyncram:inst26|mem[142][3]                                                                                             ; regg:inst20|lpm_ff:inst|dffs[3]             ; CLKi         ; CLKi        ; 0.500        ; -1.367     ; 12.634     ;
; -13.458 ; regset:inst4|regg:inst|lpm_ff:inst|dffs[0]                                                                              ; regg:rPC|lpm_ff:inst|dffs[7]                ; CLKi         ; CLKi        ; 1.000        ; 0.001      ; 14.499     ;
; -13.450 ; asyncram:inst26|mem[156][3]                                                                                             ; regg:inst20|lpm_ff:inst|dffs[3]             ; CLKi         ; CLKi        ; 0.500        ; -1.380     ; 12.610     ;
; -13.419 ; asyncram:inst26|mem[163][3]                                                                                             ; regg:inst20|lpm_ff:inst|dffs[3]             ; CLKi         ; CLKi        ; 0.500        ; -1.399     ; 12.560     ;
; -13.412 ; regg:inst199|lpm_ff:inst|dffs[3]                                                                                        ; regg:inst20|lpm_ff:inst|dffs[4]             ; CLKi         ; CLKi        ; 1.000        ; -0.006     ; 14.446     ;
; -13.397 ; regg:inst7|lpm_ff:inst|dffs[3]                                                                                          ; regset:inst4|regg:inst9|lpm_ff:inst|dffs[7] ; CLKi         ; CLKi        ; 1.000        ; 0.001      ; 14.438     ;
; -13.395 ; regg:inst7|lpm_ff:inst|dffs[3]                                                                                          ; regset:inst4|regg:inst|lpm_ff:inst|dffs[7]  ; CLKi         ; CLKi        ; 1.000        ; 0.001      ; 14.436     ;
; -13.391 ; regg:inst7|lpm_ff:inst|dffs[3]                                                                                          ; regset:inst4|regg:inst8|lpm_ff:inst|dffs[7] ; CLKi         ; CLKi        ; 1.000        ; 0.000      ; 14.431     ;
; -13.391 ; regg:inst7|lpm_ff:inst|dffs[3]                                                                                          ; regg:inst7|lpm_ff:inst|dffs[7]              ; CLKi         ; CLKi        ; 1.000        ; 0.000      ; 14.431     ;
; -13.385 ; asyncram:inst26|mem[17][6]                                                                                              ; regg:inst20|lpm_ff:inst|dffs[6]             ; CLKi         ; CLKi        ; 0.500        ; -1.380     ; 12.545     ;
+---------+-------------------------------------------------------------------------------------------------------------------------+---------------------------------------------+--------------+-------------+--------------+------------+------------+


+-------------------------------------------------------------------------------------------------------------------------------------------------------------------------------------------------------------------------------------------------+
; Slow Model Hold: 'CLKi'                                                                                                                                                                                                                         ;
+--------+----------------------------------------+-------------------------------------------------------------------------------------------------------------------------+--------------+-------------+--------------+------------+------------+
; Slack  ; From Node                              ; To Node                                                                                                                 ; Launch Clock ; Latch Clock ; Relationship ; Clock Skew ; Data Delay ;
+--------+----------------------------------------+-------------------------------------------------------------------------------------------------------------------------+--------------+-------------+--------------+------------+------------+
; -0.724 ; CLKi                                   ; asyncram:inst26|data_in[5]                                                                                              ; CLKi         ; CLKi        ; 0.000        ; 8.460      ; 7.736      ;
; -0.670 ; CLKi                                   ; asyncram:inst26|data_in[6]                                                                                              ; CLKi         ; CLKi        ; 0.000        ; 8.354      ; 7.684      ;
; -0.628 ; CLKi                                   ; asyncram:inst26|data_in[0]                                                                                              ; CLKi         ; CLKi        ; 0.000        ; 8.311      ; 7.683      ;
; -0.615 ; CLKi                                   ; asyncram:inst26|data_in[2]                                                                                              ; CLKi         ; CLKi        ; 0.000        ; 8.357      ; 7.742      ;
; -0.591 ; CLKi                                   ; asyncram:inst26|data_in[3]                                                                                              ; CLKi         ; CLKi        ; 0.000        ; 8.502      ; 7.911      ;
; -0.558 ; CLKi                                   ; asyncram:inst26|data_in[7]                                                                                              ; CLKi         ; CLKi        ; 0.000        ; 8.332      ; 7.774      ;
; -0.308 ; CLKi                                   ; asyncram:inst26|data_in[1]                                                                                              ; CLKi         ; CLKi        ; 0.000        ; 8.321      ; 8.013      ;
; -0.290 ; CLKi                                   ; asyncram:inst26|data_in[4]                                                                                              ; CLKi         ; CLKi        ; 0.000        ; 8.357      ; 8.067      ;
; -0.224 ; CLKi                                   ; asyncram:inst26|data_in[5]                                                                                              ; CLKi         ; CLKi        ; -0.500       ; 8.460      ; 7.736      ;
; -0.170 ; CLKi                                   ; asyncram:inst26|data_in[6]                                                                                              ; CLKi         ; CLKi        ; -0.500       ; 8.354      ; 7.684      ;
; -0.128 ; CLKi                                   ; asyncram:inst26|data_in[0]                                                                                              ; CLKi         ; CLKi        ; -0.500       ; 8.311      ; 7.683      ;
; -0.115 ; CLKi                                   ; asyncram:inst26|data_in[2]                                                                                              ; CLKi         ; CLKi        ; -0.500       ; 8.357      ; 7.742      ;
; -0.091 ; CLKi                                   ; asyncram:inst26|data_in[3]                                                                                              ; CLKi         ; CLKi        ; -0.500       ; 8.502      ; 7.911      ;
; -0.058 ; CLKi                                   ; asyncram:inst26|data_in[7]                                                                                              ; CLKi         ; CLKi        ; -0.500       ; 8.332      ; 7.774      ;
; 0.192  ; CLKi                                   ; asyncram:inst26|data_in[1]                                                                                              ; CLKi         ; CLKi        ; -0.500       ; 8.321      ; 8.013      ;
; 0.210  ; CLKi                                   ; asyncram:inst26|data_in[4]                                                                                              ; CLKi         ; CLKi        ; -0.500       ; 8.357      ; 8.067      ;
; 0.317  ; asyncram:inst26|data_in[7]             ; asyncram:inst26|mem[154][7]                                                                                             ; CLKi         ; CLKi        ; -0.500       ; -0.015     ; 0.108      ;
; 0.572  ; CLKi                                   ; regg:inst20|lpm_ff:inst|dffs[0]                                                                                         ; CLKi         ; CLKi        ; 0.000        ; 6.901      ; 7.779      ;
; 0.633  ; CLKi                                   ; regg:inst20|lpm_ff:inst|dffs[2]                                                                                         ; CLKi         ; CLKi        ; 0.000        ; 6.940      ; 7.879      ;
; 0.652  ; CLKi                                   ; regg:inst20|lpm_ff:inst|dffs[6]                                                                                         ; CLKi         ; CLKi        ; 0.000        ; 6.940      ; 7.898      ;
; 0.724  ; regg:inst20|lpm_ff:inst|dffs[5]        ; asyncram:inst26|data_in[5]                                                                                              ; CLKi         ; CLKi        ; 0.000        ; 1.548      ; 2.272      ;
; 0.776  ; CLKi                                   ; regg:inst20|lpm_ff:inst|dffs[5]                                                                                         ; CLKi         ; CLKi        ; 0.000        ; 6.912      ; 7.994      ;
; 0.779  ; regg:inst20|lpm_ff:inst|dffs[0]        ; asyncram:inst26|data_in[0]                                                                                              ; CLKi         ; CLKi        ; 0.000        ; 1.410      ; 2.189      ;
; 0.909  ; CLKi                                   ; regg:inst20|lpm_ff:inst|dffs[1]                                                                                         ; CLKi         ; CLKi        ; 0.000        ; 6.940      ; 8.155      ;
; 0.916  ; CLKi                                   ; regg:inst20|lpm_ff:inst|dffs[3]                                                                                         ; CLKi         ; CLKi        ; 0.000        ; 6.940      ; 8.162      ;
; 0.917  ; asyncram:inst26|data_in[0]             ; asyncram:inst26|mem[216][0]                                                                                             ; CLKi         ; CLKi        ; -0.500       ; -0.032     ; 0.691      ;
; 0.953  ; CLKi                                   ; regg:inst20|lpm_ff:inst|dffs[4]                                                                                         ; CLKi         ; CLKi        ; 0.000        ; 6.953      ; 8.212      ;
; 0.966  ; CLKi                                   ; regg:inst20|lpm_ff:inst|dffs[7]                                                                                         ; CLKi         ; CLKi        ; 0.000        ; 6.940      ; 8.212      ;
; 1.058  ; asyncram:inst26|data_in[5]             ; asyncram:inst26|mem[169][5]                                                                                             ; CLKi         ; CLKi        ; -0.500       ; -0.170     ; 0.694      ;
; 1.072  ; CLKi                                   ; regg:inst20|lpm_ff:inst|dffs[0]                                                                                         ; CLKi         ; CLKi        ; -0.500       ; 6.901      ; 7.779      ;
; 1.102  ; regg:rPC|lpm_ff:inst|dffs[3]           ; regg:inst199|lpm_ff:inst|dffs[3]                                                                                        ; CLKi         ; CLKi        ; 0.000        ; 0.000      ; 1.408      ;
; 1.133  ; CLKi                                   ; regg:inst20|lpm_ff:inst|dffs[2]                                                                                         ; CLKi         ; CLKi        ; -0.500       ; 6.940      ; 7.879      ;
; 1.152  ; CLKi                                   ; regg:inst20|lpm_ff:inst|dffs[6]                                                                                         ; CLKi         ; CLKi        ; -0.500       ; 6.940      ; 7.898      ;
; 1.276  ; CLKi                                   ; regg:inst20|lpm_ff:inst|dffs[5]                                                                                         ; CLKi         ; CLKi        ; -0.500       ; 6.912      ; 7.994      ;
; 1.325  ; regg:inst20|lpm_ff:inst|dffs[2]        ; asyncram:inst26|data_in[2]                                                                                              ; CLKi         ; CLKi        ; 0.000        ; 1.417      ; 2.742      ;
; 1.329  ; regg:inst20|lpm_ff:inst|dffs[6]        ; asyncram:inst26|data_in[6]                                                                                              ; CLKi         ; CLKi        ; 0.000        ; 1.414      ; 2.743      ;
; 1.409  ; CLKi                                   ; regg:inst20|lpm_ff:inst|dffs[1]                                                                                         ; CLKi         ; CLKi        ; -0.500       ; 6.940      ; 8.155      ;
; 1.416  ; CLKi                                   ; regg:inst20|lpm_ff:inst|dffs[3]                                                                                         ; CLKi         ; CLKi        ; -0.500       ; 6.940      ; 8.162      ;
; 1.453  ; CLKi                                   ; regg:inst20|lpm_ff:inst|dffs[4]                                                                                         ; CLKi         ; CLKi        ; -0.500       ; 6.953      ; 8.212      ;
; 1.466  ; CLKi                                   ; regg:inst20|lpm_ff:inst|dffs[7]                                                                                         ; CLKi         ; CLKi        ; -0.500       ; 6.940      ; 8.212      ;
; 1.517  ; regg:rPC|lpm_ff:inst|dffs[1]           ; regset:inst4|regg:inst|lpm_ff:inst|dffs[1]                                                                              ; CLKi         ; CLKi        ; 0.000        ; 0.000      ; 1.823      ;
; 1.519  ; cu:inst9|reg:inst8|lpm_ff:inst|dffs[3] ; cu:inst9|lpm_rom:inst10|altrom:srom|altsyncram:rom_block|altsyncram_f301:auto_generated|ram_block1a2~porta_address_reg3 ; CLKi         ; CLKi        ; -0.500       ; 0.095      ; 1.381      ;
; 1.525  ; cu:inst9|reg:inst8|lpm_ff:inst|dffs[2] ; cu:inst9|lpm_rom:inst10|altrom:srom|altsyncram:rom_block|altsyncram_f301:auto_generated|ram_block1a2~porta_address_reg2 ; CLKi         ; CLKi        ; -0.500       ; 0.095      ; 1.387      ;
; 1.526  ; cu:inst9|reg:inst8|lpm_ff:inst|dffs[1] ; cu:inst9|lpm_rom:inst10|altrom:srom|altsyncram:rom_block|altsyncram_f301:auto_generated|ram_block1a2~porta_address_reg1 ; CLKi         ; CLKi        ; -0.500       ; 0.095      ; 1.388      ;
; 1.606  ; asyncram:inst26|data_in[1]             ; asyncram:inst26|mem[128][1]                                                                                             ; CLKi         ; CLKi        ; -0.500       ; 0.020      ; 1.432      ;
; 1.684  ; asyncram:inst26|data_in[2]             ; asyncram:inst26|mem[122][2]                                                                                             ; CLKi         ; CLKi        ; -0.500       ; -0.028     ; 1.462      ;
; 1.698  ; asyncram:inst26|data_in[1]             ; asyncram:inst26|mem[255][1]                                                                                             ; CLKi         ; CLKi        ; -0.500       ; 0.017      ; 1.521      ;
; 1.699  ; asyncram:inst26|data_in[1]             ; asyncram:inst26|mem[239][1]                                                                                             ; CLKi         ; CLKi        ; -0.500       ; 0.017      ; 1.522      ;
; 1.775  ; asyncram:inst26|data_in[7]             ; asyncram:inst26|mem[249][7]                                                                                             ; CLKi         ; CLKi        ; -0.500       ; 0.021      ; 1.602      ;
; 1.778  ; regg:inst7|lpm_ff:inst|dffs[5]         ; cu:inst9|reg:inst8|lpm_ff:inst|dffs[5]                                                                                  ; CLKi         ; CLKi        ; 0.000        ; 0.006      ; 2.090      ;
; 1.780  ; asyncram:inst26|data_in[7]             ; asyncram:inst26|mem[184][7]                                                                                             ; CLKi         ; CLKi        ; -0.500       ; 0.020      ; 1.606      ;
; 1.782  ; asyncram:inst26|data_in[7]             ; asyncram:inst26|mem[136][7]                                                                                             ; CLKi         ; CLKi        ; -0.500       ; 0.020      ; 1.608      ;
; 1.843  ; regg:rPC|lpm_ff:inst|dffs[7]           ; regg:rFLAG|lpm_ff:inst|dffs[0]                                                                                          ; CLKi         ; CLKi        ; 0.000        ; 0.000      ; 2.149      ;
; 1.886  ; asyncram:inst26|data_in[0]             ; asyncram:inst26|mem[34][0]                                                                                              ; CLKi         ; CLKi        ; -0.500       ; -0.013     ; 1.679      ;
; 1.891  ; regg:rPC|lpm_ff:inst|dffs[4]           ; regg:inst20|lpm_ff:inst|dffs[4]                                                                                         ; CLKi         ; CLKi        ; 0.000        ; -0.001     ; 2.196      ;
; 1.899  ; asyncram:inst26|data_in[0]             ; asyncram:inst26|mem[25][0]                                                                                              ; CLKi         ; CLKi        ; -0.500       ; -0.012     ; 1.693      ;
; 1.899  ; asyncram:inst26|data_in[0]             ; asyncram:inst26|mem[41][0]                                                                                              ; CLKi         ; CLKi        ; -0.500       ; -0.012     ; 1.693      ;
; 1.917  ; cu:inst9|reg:inst8|lpm_ff:inst|dffs[7] ; cu:inst9|reg:inst8|lpm_ff:inst|dffs[7]                                                                                  ; CLKi         ; CLKi        ; 0.000        ; 0.000      ; 2.223      ;
; 1.917  ; asyncram:inst26|data_in[6]             ; asyncram:inst26|mem[158][6]                                                                                             ; CLKi         ; CLKi        ; -0.500       ; -0.073     ; 1.650      ;
; 1.926  ; asyncram:inst26|data_in[0]             ; asyncram:inst26|mem[217][0]                                                                                             ; CLKi         ; CLKi        ; -0.500       ; -0.013     ; 1.719      ;
; 1.926  ; asyncram:inst26|data_in[5]             ; asyncram:inst26|mem[69][5]                                                                                              ; CLKi         ; CLKi        ; -0.500       ; -0.151     ; 1.581      ;
; 1.928  ; asyncram:inst26|data_in[5]             ; asyncram:inst26|mem[70][5]                                                                                              ; CLKi         ; CLKi        ; -0.500       ; -0.151     ; 1.583      ;
; 1.929  ; asyncram:inst26|data_in[1]             ; asyncram:inst26|mem[151][1]                                                                                             ; CLKi         ; CLKi        ; -0.500       ; -0.001     ; 1.734      ;
; 1.938  ; asyncram:inst26|data_in[0]             ; asyncram:inst26|mem[106][0]                                                                                             ; CLKi         ; CLKi        ; -0.500       ; -0.008     ; 1.736      ;
; 1.939  ; asyncram:inst26|data_in[0]             ; asyncram:inst26|mem[110][0]                                                                                             ; CLKi         ; CLKi        ; -0.500       ; -0.008     ; 1.737      ;
; 1.946  ; cu:inst9|reg:inst8|lpm_ff:inst|dffs[2] ; cu:inst9|lpm_rom:inst10|altrom:srom|altsyncram:rom_block|altsyncram_f301:auto_generated|ram_block1a6~porta_address_reg2 ; CLKi         ; CLKi        ; -0.500       ; 0.090      ; 1.803      ;
; 1.949  ; asyncram:inst26|data_in[0]             ; asyncram:inst26|mem[142][0]                                                                                             ; CLKi         ; CLKi        ; -0.500       ; -0.004     ; 1.751      ;
; 1.952  ; regg:inst20|lpm_ff:inst|dffs[7]        ; asyncram:inst26|data_in[7]                                                                                              ; CLKi         ; CLKi        ; 0.000        ; 1.392      ; 3.344      ;
; 1.953  ; cu:inst9|reg:inst8|lpm_ff:inst|dffs[1] ; cu:inst9|lpm_rom:inst10|altrom:srom|altsyncram:rom_block|altsyncram_f301:auto_generated|ram_block1a6~porta_address_reg1 ; CLKi         ; CLKi        ; -0.500       ; 0.090      ; 1.810      ;
; 1.971  ; asyncram:inst26|data_in[1]             ; asyncram:inst26|mem[170][1]                                                                                             ; CLKi         ; CLKi        ; -0.500       ; 0.023      ; 1.800      ;
; 1.975  ; regg:inst7|lpm_ff:inst|dffs[4]         ; cu:inst9|reg:inst8|lpm_ff:inst|dffs[4]                                                                                  ; CLKi         ; CLKi        ; 0.000        ; 0.006      ; 2.287      ;
; 1.982  ; asyncram:inst26|data_in[7]             ; asyncram:inst26|mem[210][7]                                                                                             ; CLKi         ; CLKi        ; -0.500       ; -0.010     ; 1.778      ;
; 1.982  ; asyncram:inst26|data_in[7]             ; asyncram:inst26|mem[218][7]                                                                                             ; CLKi         ; CLKi        ; -0.500       ; -0.010     ; 1.778      ;
; 1.984  ; regg:inst20|lpm_ff:inst|dffs[0]        ; regg:inst20|lpm_ff:inst|dffs[0]                                                                                         ; CLKi         ; CLKi        ; 0.000        ; 0.000      ; 2.290      ;
; 1.984  ; asyncram:inst26|data_in[1]             ; asyncram:inst26|mem[231][1]                                                                                             ; CLKi         ; CLKi        ; -0.500       ; 0.012      ; 1.802      ;
; 1.984  ; asyncram:inst26|data_in[1]             ; asyncram:inst26|mem[103][1]                                                                                             ; CLKi         ; CLKi        ; -0.500       ; 0.012      ; 1.802      ;
; 1.997  ; cu:inst9|reg:inst8|lpm_ff:inst|dffs[3] ; cu:inst9|lpm_rom:inst10|altrom:srom|altsyncram:rom_block|altsyncram_f301:auto_generated|ram_block1a6~porta_address_reg3 ; CLKi         ; CLKi        ; -0.500       ; 0.090      ; 1.854      ;
; 2.007  ; asyncram:inst26|data_in[0]             ; asyncram:inst26|mem[102][0]                                                                                             ; CLKi         ; CLKi        ; -0.500       ; 0.002      ; 1.815      ;
; 2.014  ; cu:inst9|reg:inst8|lpm_ff:inst|dffs[1] ; cu:inst9|reg:inst8|lpm_ff:inst|dffs[1]                                                                                  ; CLKi         ; CLKi        ; 0.000        ; 0.000      ; 2.320      ;
; 2.029  ; asyncram:inst26|data_in[7]             ; asyncram:inst26|mem[73][7]                                                                                              ; CLKi         ; CLKi        ; -0.500       ; -0.001     ; 1.834      ;
; 2.030  ; asyncram:inst26|data_in[7]             ; asyncram:inst26|mem[121][7]                                                                                             ; CLKi         ; CLKi        ; -0.500       ; -0.001     ; 1.835      ;
; 2.040  ; asyncram:inst26|data_in[7]             ; asyncram:inst26|mem[58][7]                                                                                              ; CLKi         ; CLKi        ; -0.500       ; 0.014      ; 1.860      ;
; 2.041  ; asyncram:inst26|data_in[3]             ; asyncram:inst26|mem[63][3]                                                                                              ; CLKi         ; CLKi        ; -0.500       ; -0.140     ; 1.707      ;
; 2.055  ; asyncram:inst26|data_in[0]             ; asyncram:inst26|mem[220][0]                                                                                             ; CLKi         ; CLKi        ; -0.500       ; 0.009      ; 1.870      ;
; 2.056  ; asyncram:inst26|data_in[6]             ; asyncram:inst26|mem[98][6]                                                                                              ; CLKi         ; CLKi        ; -0.500       ; -0.007     ; 1.855      ;
; 2.059  ; asyncram:inst26|data_in[2]             ; asyncram:inst26|mem[19][2]                                                                                              ; CLKi         ; CLKi        ; -0.500       ; -0.046     ; 1.819      ;
; 2.068  ; asyncram:inst26|data_in[6]             ; asyncram:inst26|mem[127][6]                                                                                             ; CLKi         ; CLKi        ; -0.500       ; -0.024     ; 1.850      ;
; 2.086  ; asyncram:inst26|data_in[4]             ; asyncram:inst26|mem[249][4]                                                                                             ; CLKi         ; CLKi        ; -0.500       ; -0.004     ; 1.888      ;
; 2.112  ; asyncram:inst26|data_in[4]             ; asyncram:inst26|mem[127][4]                                                                                             ; CLKi         ; CLKi        ; -0.500       ; -0.027     ; 1.891      ;
; 2.119  ; cu:inst9|reg:inst8|lpm_ff:inst|dffs[3] ; cu:inst9|reg:inst8|lpm_ff:inst|dffs[3]                                                                                  ; CLKi         ; CLKi        ; 0.000        ; 0.000      ; 2.425      ;
; 2.126  ; asyncram:inst26|data_in[1]             ; asyncram:inst26|mem[58][1]                                                                                              ; CLKi         ; CLKi        ; -0.500       ; 0.013      ; 1.945      ;
; 2.129  ; asyncram:inst26|data_in[6]             ; asyncram:inst26|mem[206][6]                                                                                             ; CLKi         ; CLKi        ; -0.500       ; -0.059     ; 1.876      ;
; 2.130  ; asyncram:inst26|data_in[0]             ; asyncram:inst26|mem[138][0]                                                                                             ; CLKi         ; CLKi        ; -0.500       ; 0.004      ; 1.940      ;
; 2.131  ; asyncram:inst26|data_in[0]             ; asyncram:inst26|mem[134][0]                                                                                             ; CLKi         ; CLKi        ; -0.500       ; 0.004      ; 1.941      ;
; 2.137  ; asyncram:inst26|data_in[4]             ; asyncram:inst26|mem[133][4]                                                                                             ; CLKi         ; CLKi        ; -0.500       ; -0.046     ; 1.897      ;
; 2.138  ; asyncram:inst26|data_in[4]             ; asyncram:inst26|mem[135][4]                                                                                             ; CLKi         ; CLKi        ; -0.500       ; -0.046     ; 1.898      ;
; 2.140  ; asyncram:inst26|data_in[1]             ; asyncram:inst26|mem[59][1]                                                                                              ; CLKi         ; CLKi        ; -0.500       ; 0.020      ; 1.966      ;
; 2.141  ; asyncram:inst26|data_in[1]             ; asyncram:inst26|mem[123][1]                                                                                             ; CLKi         ; CLKi        ; -0.500       ; 0.020      ; 1.967      ;
; 2.143  ; asyncram:inst26|data_in[1]             ; asyncram:inst26|mem[168][1]                                                                                             ; CLKi         ; CLKi        ; -0.500       ; 0.022      ; 1.971      ;
; 2.151  ; regg:rPC|lpm_ff:inst|dffs[3]           ; regset:inst4|regg:inst9|lpm_ff:inst|dffs[3]                                                                             ; CLKi         ; CLKi        ; 0.000        ; 0.001      ; 2.458      ;
+--------+----------------------------------------+-------------------------------------------------------------------------------------------------------------------------+--------------+-------------+--------------+------------+------------+


+----------------------------------------------------------------------------------------------------------------------------------------------------------------------------------------------------------+
; Slow Model Minimum Pulse Width: 'CLKi'                                                                                                                                                                   ;
+--------+--------------+----------------+------------------+-------+------------+-------------------------------------------------------------------------------------------------------------------------+
; Slack  ; Actual Width ; Required Width ; Type             ; Clock ; Clock Edge ; Target                                                                                                                  ;
+--------+--------------+----------------+------------------+-------+------------+-------------------------------------------------------------------------------------------------------------------------+
; -2.277 ; 0.500        ; 2.777          ; High Pulse Width ; CLKi  ; Fall       ; cu:inst9|lpm_rom:inst10|altrom:srom|altsyncram:rom_block|altsyncram_f301:auto_generated|ram_block1a0~porta_address_reg0 ;
; -2.277 ; 0.500        ; 2.777          ; Low Pulse Width  ; CLKi  ; Fall       ; cu:inst9|lpm_rom:inst10|altrom:srom|altsyncram:rom_block|altsyncram_f301:auto_generated|ram_block1a0~porta_address_reg0 ;
; -2.277 ; 0.500        ; 2.777          ; High Pulse Width ; CLKi  ; Fall       ; cu:inst9|lpm_rom:inst10|altrom:srom|altsyncram:rom_block|altsyncram_f301:auto_generated|ram_block1a0~porta_address_reg1 ;
; -2.277 ; 0.500        ; 2.777          ; Low Pulse Width  ; CLKi  ; Fall       ; cu:inst9|lpm_rom:inst10|altrom:srom|altsyncram:rom_block|altsyncram_f301:auto_generated|ram_block1a0~porta_address_reg1 ;
; -2.277 ; 0.500        ; 2.777          ; High Pulse Width ; CLKi  ; Fall       ; cu:inst9|lpm_rom:inst10|altrom:srom|altsyncram:rom_block|altsyncram_f301:auto_generated|ram_block1a0~porta_address_reg2 ;
; -2.277 ; 0.500        ; 2.777          ; Low Pulse Width  ; CLKi  ; Fall       ; cu:inst9|lpm_rom:inst10|altrom:srom|altsyncram:rom_block|altsyncram_f301:auto_generated|ram_block1a0~porta_address_reg2 ;
; -2.277 ; 0.500        ; 2.777          ; High Pulse Width ; CLKi  ; Fall       ; cu:inst9|lpm_rom:inst10|altrom:srom|altsyncram:rom_block|altsyncram_f301:auto_generated|ram_block1a0~porta_address_reg3 ;
; -2.277 ; 0.500        ; 2.777          ; Low Pulse Width  ; CLKi  ; Fall       ; cu:inst9|lpm_rom:inst10|altrom:srom|altsyncram:rom_block|altsyncram_f301:auto_generated|ram_block1a0~porta_address_reg3 ;
; -2.277 ; 0.500        ; 2.777          ; High Pulse Width ; CLKi  ; Fall       ; cu:inst9|lpm_rom:inst10|altrom:srom|altsyncram:rom_block|altsyncram_f301:auto_generated|ram_block1a0~porta_address_reg4 ;
; -2.277 ; 0.500        ; 2.777          ; Low Pulse Width  ; CLKi  ; Fall       ; cu:inst9|lpm_rom:inst10|altrom:srom|altsyncram:rom_block|altsyncram_f301:auto_generated|ram_block1a0~porta_address_reg4 ;
; -2.277 ; 0.500        ; 2.777          ; High Pulse Width ; CLKi  ; Fall       ; cu:inst9|lpm_rom:inst10|altrom:srom|altsyncram:rom_block|altsyncram_f301:auto_generated|ram_block1a0~porta_address_reg5 ;
; -2.277 ; 0.500        ; 2.777          ; Low Pulse Width  ; CLKi  ; Fall       ; cu:inst9|lpm_rom:inst10|altrom:srom|altsyncram:rom_block|altsyncram_f301:auto_generated|ram_block1a0~porta_address_reg5 ;
; -2.277 ; 0.500        ; 2.777          ; High Pulse Width ; CLKi  ; Fall       ; cu:inst9|lpm_rom:inst10|altrom:srom|altsyncram:rom_block|altsyncram_f301:auto_generated|ram_block1a0~porta_address_reg6 ;
; -2.277 ; 0.500        ; 2.777          ; Low Pulse Width  ; CLKi  ; Fall       ; cu:inst9|lpm_rom:inst10|altrom:srom|altsyncram:rom_block|altsyncram_f301:auto_generated|ram_block1a0~porta_address_reg6 ;
; -2.277 ; 0.500        ; 2.777          ; High Pulse Width ; CLKi  ; Fall       ; cu:inst9|lpm_rom:inst10|altrom:srom|altsyncram:rom_block|altsyncram_f301:auto_generated|ram_block1a0~porta_address_reg7 ;
; -2.277 ; 0.500        ; 2.777          ; Low Pulse Width  ; CLKi  ; Fall       ; cu:inst9|lpm_rom:inst10|altrom:srom|altsyncram:rom_block|altsyncram_f301:auto_generated|ram_block1a0~porta_address_reg7 ;
; -2.277 ; 0.500        ; 2.777          ; High Pulse Width ; CLKi  ; Fall       ; cu:inst9|lpm_rom:inst10|altrom:srom|altsyncram:rom_block|altsyncram_f301:auto_generated|ram_block1a2~porta_address_reg0 ;
; -2.277 ; 0.500        ; 2.777          ; Low Pulse Width  ; CLKi  ; Fall       ; cu:inst9|lpm_rom:inst10|altrom:srom|altsyncram:rom_block|altsyncram_f301:auto_generated|ram_block1a2~porta_address_reg0 ;
; -2.277 ; 0.500        ; 2.777          ; High Pulse Width ; CLKi  ; Fall       ; cu:inst9|lpm_rom:inst10|altrom:srom|altsyncram:rom_block|altsyncram_f301:auto_generated|ram_block1a2~porta_address_reg1 ;
; -2.277 ; 0.500        ; 2.777          ; Low Pulse Width  ; CLKi  ; Fall       ; cu:inst9|lpm_rom:inst10|altrom:srom|altsyncram:rom_block|altsyncram_f301:auto_generated|ram_block1a2~porta_address_reg1 ;
; -2.277 ; 0.500        ; 2.777          ; High Pulse Width ; CLKi  ; Fall       ; cu:inst9|lpm_rom:inst10|altrom:srom|altsyncram:rom_block|altsyncram_f301:auto_generated|ram_block1a2~porta_address_reg2 ;
; -2.277 ; 0.500        ; 2.777          ; Low Pulse Width  ; CLKi  ; Fall       ; cu:inst9|lpm_rom:inst10|altrom:srom|altsyncram:rom_block|altsyncram_f301:auto_generated|ram_block1a2~porta_address_reg2 ;
; -2.277 ; 0.500        ; 2.777          ; High Pulse Width ; CLKi  ; Fall       ; cu:inst9|lpm_rom:inst10|altrom:srom|altsyncram:rom_block|altsyncram_f301:auto_generated|ram_block1a2~porta_address_reg3 ;
; -2.277 ; 0.500        ; 2.777          ; Low Pulse Width  ; CLKi  ; Fall       ; cu:inst9|lpm_rom:inst10|altrom:srom|altsyncram:rom_block|altsyncram_f301:auto_generated|ram_block1a2~porta_address_reg3 ;
; -2.277 ; 0.500        ; 2.777          ; High Pulse Width ; CLKi  ; Fall       ; cu:inst9|lpm_rom:inst10|altrom:srom|altsyncram:rom_block|altsyncram_f301:auto_generated|ram_block1a2~porta_address_reg4 ;
; -2.277 ; 0.500        ; 2.777          ; Low Pulse Width  ; CLKi  ; Fall       ; cu:inst9|lpm_rom:inst10|altrom:srom|altsyncram:rom_block|altsyncram_f301:auto_generated|ram_block1a2~porta_address_reg4 ;
; -2.277 ; 0.500        ; 2.777          ; High Pulse Width ; CLKi  ; Fall       ; cu:inst9|lpm_rom:inst10|altrom:srom|altsyncram:rom_block|altsyncram_f301:auto_generated|ram_block1a2~porta_address_reg5 ;
; -2.277 ; 0.500        ; 2.777          ; Low Pulse Width  ; CLKi  ; Fall       ; cu:inst9|lpm_rom:inst10|altrom:srom|altsyncram:rom_block|altsyncram_f301:auto_generated|ram_block1a2~porta_address_reg5 ;
; -2.277 ; 0.500        ; 2.777          ; High Pulse Width ; CLKi  ; Fall       ; cu:inst9|lpm_rom:inst10|altrom:srom|altsyncram:rom_block|altsyncram_f301:auto_generated|ram_block1a2~porta_address_reg6 ;
; -2.277 ; 0.500        ; 2.777          ; Low Pulse Width  ; CLKi  ; Fall       ; cu:inst9|lpm_rom:inst10|altrom:srom|altsyncram:rom_block|altsyncram_f301:auto_generated|ram_block1a2~porta_address_reg6 ;
; -2.277 ; 0.500        ; 2.777          ; High Pulse Width ; CLKi  ; Fall       ; cu:inst9|lpm_rom:inst10|altrom:srom|altsyncram:rom_block|altsyncram_f301:auto_generated|ram_block1a2~porta_address_reg7 ;
; -2.277 ; 0.500        ; 2.777          ; Low Pulse Width  ; CLKi  ; Fall       ; cu:inst9|lpm_rom:inst10|altrom:srom|altsyncram:rom_block|altsyncram_f301:auto_generated|ram_block1a2~porta_address_reg7 ;
; -2.277 ; 0.500        ; 2.777          ; High Pulse Width ; CLKi  ; Fall       ; cu:inst9|lpm_rom:inst10|altrom:srom|altsyncram:rom_block|altsyncram_f301:auto_generated|ram_block1a6~porta_address_reg0 ;
; -2.277 ; 0.500        ; 2.777          ; Low Pulse Width  ; CLKi  ; Fall       ; cu:inst9|lpm_rom:inst10|altrom:srom|altsyncram:rom_block|altsyncram_f301:auto_generated|ram_block1a6~porta_address_reg0 ;
; -2.277 ; 0.500        ; 2.777          ; High Pulse Width ; CLKi  ; Fall       ; cu:inst9|lpm_rom:inst10|altrom:srom|altsyncram:rom_block|altsyncram_f301:auto_generated|ram_block1a6~porta_address_reg1 ;
; -2.277 ; 0.500        ; 2.777          ; Low Pulse Width  ; CLKi  ; Fall       ; cu:inst9|lpm_rom:inst10|altrom:srom|altsyncram:rom_block|altsyncram_f301:auto_generated|ram_block1a6~porta_address_reg1 ;
; -2.277 ; 0.500        ; 2.777          ; High Pulse Width ; CLKi  ; Fall       ; cu:inst9|lpm_rom:inst10|altrom:srom|altsyncram:rom_block|altsyncram_f301:auto_generated|ram_block1a6~porta_address_reg2 ;
; -2.277 ; 0.500        ; 2.777          ; Low Pulse Width  ; CLKi  ; Fall       ; cu:inst9|lpm_rom:inst10|altrom:srom|altsyncram:rom_block|altsyncram_f301:auto_generated|ram_block1a6~porta_address_reg2 ;
; -2.277 ; 0.500        ; 2.777          ; High Pulse Width ; CLKi  ; Fall       ; cu:inst9|lpm_rom:inst10|altrom:srom|altsyncram:rom_block|altsyncram_f301:auto_generated|ram_block1a6~porta_address_reg3 ;
; -2.277 ; 0.500        ; 2.777          ; Low Pulse Width  ; CLKi  ; Fall       ; cu:inst9|lpm_rom:inst10|altrom:srom|altsyncram:rom_block|altsyncram_f301:auto_generated|ram_block1a6~porta_address_reg3 ;
; -2.277 ; 0.500        ; 2.777          ; High Pulse Width ; CLKi  ; Fall       ; cu:inst9|lpm_rom:inst10|altrom:srom|altsyncram:rom_block|altsyncram_f301:auto_generated|ram_block1a6~porta_address_reg4 ;
; -2.277 ; 0.500        ; 2.777          ; Low Pulse Width  ; CLKi  ; Fall       ; cu:inst9|lpm_rom:inst10|altrom:srom|altsyncram:rom_block|altsyncram_f301:auto_generated|ram_block1a6~porta_address_reg4 ;
; -2.277 ; 0.500        ; 2.777          ; High Pulse Width ; CLKi  ; Fall       ; cu:inst9|lpm_rom:inst10|altrom:srom|altsyncram:rom_block|altsyncram_f301:auto_generated|ram_block1a6~porta_address_reg5 ;
; -2.277 ; 0.500        ; 2.777          ; Low Pulse Width  ; CLKi  ; Fall       ; cu:inst9|lpm_rom:inst10|altrom:srom|altsyncram:rom_block|altsyncram_f301:auto_generated|ram_block1a6~porta_address_reg5 ;
; -2.277 ; 0.500        ; 2.777          ; High Pulse Width ; CLKi  ; Fall       ; cu:inst9|lpm_rom:inst10|altrom:srom|altsyncram:rom_block|altsyncram_f301:auto_generated|ram_block1a6~porta_address_reg6 ;
; -2.277 ; 0.500        ; 2.777          ; Low Pulse Width  ; CLKi  ; Fall       ; cu:inst9|lpm_rom:inst10|altrom:srom|altsyncram:rom_block|altsyncram_f301:auto_generated|ram_block1a6~porta_address_reg6 ;
; -2.277 ; 0.500        ; 2.777          ; High Pulse Width ; CLKi  ; Fall       ; cu:inst9|lpm_rom:inst10|altrom:srom|altsyncram:rom_block|altsyncram_f301:auto_generated|ram_block1a6~porta_address_reg7 ;
; -2.277 ; 0.500        ; 2.777          ; Low Pulse Width  ; CLKi  ; Fall       ; cu:inst9|lpm_rom:inst10|altrom:srom|altsyncram:rom_block|altsyncram_f301:auto_generated|ram_block1a6~porta_address_reg7 ;
; -1.941 ; 1.000        ; 2.941          ; Port Rate        ; CLKi  ; Rise       ; CLKi                                                                                                                    ;
; -0.742 ; 0.500        ; 1.242          ; High Pulse Width ; CLKi  ; Fall       ; asyncram:inst26|mem[0][0]                                                                                               ;
; -0.742 ; 0.500        ; 1.242          ; Low Pulse Width  ; CLKi  ; Fall       ; asyncram:inst26|mem[0][0]                                                                                               ;
; -0.742 ; 0.500        ; 1.242          ; High Pulse Width ; CLKi  ; Fall       ; asyncram:inst26|mem[0][1]                                                                                               ;
; -0.742 ; 0.500        ; 1.242          ; Low Pulse Width  ; CLKi  ; Fall       ; asyncram:inst26|mem[0][1]                                                                                               ;
; -0.742 ; 0.500        ; 1.242          ; High Pulse Width ; CLKi  ; Fall       ; asyncram:inst26|mem[0][2]                                                                                               ;
; -0.742 ; 0.500        ; 1.242          ; Low Pulse Width  ; CLKi  ; Fall       ; asyncram:inst26|mem[0][2]                                                                                               ;
; -0.742 ; 0.500        ; 1.242          ; High Pulse Width ; CLKi  ; Fall       ; asyncram:inst26|mem[0][3]                                                                                               ;
; -0.742 ; 0.500        ; 1.242          ; Low Pulse Width  ; CLKi  ; Fall       ; asyncram:inst26|mem[0][3]                                                                                               ;
; -0.742 ; 0.500        ; 1.242          ; High Pulse Width ; CLKi  ; Fall       ; asyncram:inst26|mem[0][4]                                                                                               ;
; -0.742 ; 0.500        ; 1.242          ; Low Pulse Width  ; CLKi  ; Fall       ; asyncram:inst26|mem[0][4]                                                                                               ;
; -0.742 ; 0.500        ; 1.242          ; High Pulse Width ; CLKi  ; Fall       ; asyncram:inst26|mem[0][5]                                                                                               ;
; -0.742 ; 0.500        ; 1.242          ; Low Pulse Width  ; CLKi  ; Fall       ; asyncram:inst26|mem[0][5]                                                                                               ;
; -0.742 ; 0.500        ; 1.242          ; High Pulse Width ; CLKi  ; Fall       ; asyncram:inst26|mem[0][6]                                                                                               ;
; -0.742 ; 0.500        ; 1.242          ; Low Pulse Width  ; CLKi  ; Fall       ; asyncram:inst26|mem[0][6]                                                                                               ;
; -0.742 ; 0.500        ; 1.242          ; High Pulse Width ; CLKi  ; Fall       ; asyncram:inst26|mem[0][7]                                                                                               ;
; -0.742 ; 0.500        ; 1.242          ; Low Pulse Width  ; CLKi  ; Fall       ; asyncram:inst26|mem[0][7]                                                                                               ;
; -0.742 ; 0.500        ; 1.242          ; High Pulse Width ; CLKi  ; Fall       ; asyncram:inst26|mem[100][0]                                                                                             ;
; -0.742 ; 0.500        ; 1.242          ; Low Pulse Width  ; CLKi  ; Fall       ; asyncram:inst26|mem[100][0]                                                                                             ;
; -0.742 ; 0.500        ; 1.242          ; High Pulse Width ; CLKi  ; Fall       ; asyncram:inst26|mem[100][1]                                                                                             ;
; -0.742 ; 0.500        ; 1.242          ; Low Pulse Width  ; CLKi  ; Fall       ; asyncram:inst26|mem[100][1]                                                                                             ;
; -0.742 ; 0.500        ; 1.242          ; High Pulse Width ; CLKi  ; Fall       ; asyncram:inst26|mem[100][2]                                                                                             ;
; -0.742 ; 0.500        ; 1.242          ; Low Pulse Width  ; CLKi  ; Fall       ; asyncram:inst26|mem[100][2]                                                                                             ;
; -0.742 ; 0.500        ; 1.242          ; High Pulse Width ; CLKi  ; Fall       ; asyncram:inst26|mem[100][3]                                                                                             ;
; -0.742 ; 0.500        ; 1.242          ; Low Pulse Width  ; CLKi  ; Fall       ; asyncram:inst26|mem[100][3]                                                                                             ;
; -0.742 ; 0.500        ; 1.242          ; High Pulse Width ; CLKi  ; Fall       ; asyncram:inst26|mem[100][4]                                                                                             ;
; -0.742 ; 0.500        ; 1.242          ; Low Pulse Width  ; CLKi  ; Fall       ; asyncram:inst26|mem[100][4]                                                                                             ;
; -0.742 ; 0.500        ; 1.242          ; High Pulse Width ; CLKi  ; Fall       ; asyncram:inst26|mem[100][5]                                                                                             ;
; -0.742 ; 0.500        ; 1.242          ; Low Pulse Width  ; CLKi  ; Fall       ; asyncram:inst26|mem[100][5]                                                                                             ;
; -0.742 ; 0.500        ; 1.242          ; High Pulse Width ; CLKi  ; Fall       ; asyncram:inst26|mem[100][6]                                                                                             ;
; -0.742 ; 0.500        ; 1.242          ; Low Pulse Width  ; CLKi  ; Fall       ; asyncram:inst26|mem[100][6]                                                                                             ;
; -0.742 ; 0.500        ; 1.242          ; High Pulse Width ; CLKi  ; Fall       ; asyncram:inst26|mem[100][7]                                                                                             ;
; -0.742 ; 0.500        ; 1.242          ; Low Pulse Width  ; CLKi  ; Fall       ; asyncram:inst26|mem[100][7]                                                                                             ;
; -0.742 ; 0.500        ; 1.242          ; High Pulse Width ; CLKi  ; Fall       ; asyncram:inst26|mem[101][0]                                                                                             ;
; -0.742 ; 0.500        ; 1.242          ; Low Pulse Width  ; CLKi  ; Fall       ; asyncram:inst26|mem[101][0]                                                                                             ;
; -0.742 ; 0.500        ; 1.242          ; High Pulse Width ; CLKi  ; Fall       ; asyncram:inst26|mem[101][1]                                                                                             ;
; -0.742 ; 0.500        ; 1.242          ; Low Pulse Width  ; CLKi  ; Fall       ; asyncram:inst26|mem[101][1]                                                                                             ;
; -0.742 ; 0.500        ; 1.242          ; High Pulse Width ; CLKi  ; Fall       ; asyncram:inst26|mem[101][2]                                                                                             ;
; -0.742 ; 0.500        ; 1.242          ; Low Pulse Width  ; CLKi  ; Fall       ; asyncram:inst26|mem[101][2]                                                                                             ;
; -0.742 ; 0.500        ; 1.242          ; High Pulse Width ; CLKi  ; Fall       ; asyncram:inst26|mem[101][3]                                                                                             ;
; -0.742 ; 0.500        ; 1.242          ; Low Pulse Width  ; CLKi  ; Fall       ; asyncram:inst26|mem[101][3]                                                                                             ;
; -0.742 ; 0.500        ; 1.242          ; High Pulse Width ; CLKi  ; Fall       ; asyncram:inst26|mem[101][4]                                                                                             ;
; -0.742 ; 0.500        ; 1.242          ; Low Pulse Width  ; CLKi  ; Fall       ; asyncram:inst26|mem[101][4]                                                                                             ;
; -0.742 ; 0.500        ; 1.242          ; High Pulse Width ; CLKi  ; Fall       ; asyncram:inst26|mem[101][5]                                                                                             ;
; -0.742 ; 0.500        ; 1.242          ; Low Pulse Width  ; CLKi  ; Fall       ; asyncram:inst26|mem[101][5]                                                                                             ;
; -0.742 ; 0.500        ; 1.242          ; High Pulse Width ; CLKi  ; Fall       ; asyncram:inst26|mem[101][6]                                                                                             ;
; -0.742 ; 0.500        ; 1.242          ; Low Pulse Width  ; CLKi  ; Fall       ; asyncram:inst26|mem[101][6]                                                                                             ;
; -0.742 ; 0.500        ; 1.242          ; High Pulse Width ; CLKi  ; Fall       ; asyncram:inst26|mem[101][7]                                                                                             ;
; -0.742 ; 0.500        ; 1.242          ; Low Pulse Width  ; CLKi  ; Fall       ; asyncram:inst26|mem[101][7]                                                                                             ;
; -0.742 ; 0.500        ; 1.242          ; High Pulse Width ; CLKi  ; Fall       ; asyncram:inst26|mem[102][0]                                                                                             ;
; -0.742 ; 0.500        ; 1.242          ; Low Pulse Width  ; CLKi  ; Fall       ; asyncram:inst26|mem[102][0]                                                                                             ;
; -0.742 ; 0.500        ; 1.242          ; High Pulse Width ; CLKi  ; Fall       ; asyncram:inst26|mem[102][1]                                                                                             ;
+--------+--------------+----------------+------------------+-------+------------+-------------------------------------------------------------------------------------------------------------------------+


+-------------------------------------------------------------------------+
; Setup Times                                                             ;
+-----------+------------+--------+--------+------------+-----------------+
; Data Port ; Clock Port ; Rise   ; Fall   ; Clock Edge ; Clock Reference ;
+-----------+------------+--------+--------+------------+-----------------+
; CLKi      ; CLKi       ; 1.232  ; 1.232  ; Rise       ; CLKi            ;
; CLRN      ; CLKi       ; 4.464  ; 4.464  ; Rise       ; CLKi            ;
; SPULS     ; CLKi       ; 4.604  ; 4.604  ; Rise       ; CLKi            ;
; CLRN      ; CLKi       ; -0.010 ; -0.010 ; Fall       ; CLKi            ;
+-----------+------------+--------+--------+------------+-----------------+


+-------------------------------------------------------------------------+
; Hold Times                                                              ;
+-----------+------------+--------+--------+------------+-----------------+
; Data Port ; Clock Port ; Rise   ; Fall   ; Clock Edge ; Clock Reference ;
+-----------+------------+--------+--------+------------+-----------------+
; CLKi      ; CLKi       ; 0.724  ; 0.724  ; Rise       ; CLKi            ;
; CLRN      ; CLKi       ; -2.508 ; -2.508 ; Rise       ; CLKi            ;
; SPULS     ; CLKi       ; -2.648 ; -2.648 ; Rise       ; CLKi            ;
; CLRN      ; CLKi       ; 4.446  ; 4.446  ; Fall       ; CLKi            ;
+-----------+------------+--------+--------+------------+-----------------+


+-------------------------------------------------------------------------+
; Clock to Output Times                                                   ;
+-----------+------------+--------+--------+------------+-----------------+
; Data Port ; Clock Port ; Rise   ; Fall   ; Clock Edge ; Clock Reference ;
+-----------+------------+--------+--------+------------+-----------------+
; IO[*]     ; CLKi       ; 25.563 ; 25.563 ; Rise       ; CLKi            ;
;  IO[0]    ; CLKi       ; 25.233 ; 25.233 ; Rise       ; CLKi            ;
;  IO[1]    ; CLKi       ; 24.524 ; 24.524 ; Rise       ; CLKi            ;
;  IO[2]    ; CLKi       ; 25.563 ; 25.563 ; Rise       ; CLKi            ;
;  IO[3]    ; CLKi       ; 25.335 ; 25.335 ; Rise       ; CLKi            ;
;  IO[4]    ; CLKi       ; 24.817 ; 24.817 ; Rise       ; CLKi            ;
;  IO[5]    ; CLKi       ; 25.508 ; 25.508 ; Rise       ; CLKi            ;
;  IO[6]    ; CLKi       ; 24.348 ; 24.348 ; Rise       ; CLKi            ;
;  IO[7]    ; CLKi       ; 24.336 ; 24.336 ; Rise       ; CLKi            ;
; IR[*]     ; CLKi       ; 13.494 ; 13.494 ; Rise       ; CLKi            ;
;  IR[0]    ; CLKi       ; 13.042 ; 13.042 ; Rise       ; CLKi            ;
;  IR[1]    ; CLKi       ; 13.494 ; 13.494 ; Rise       ; CLKi            ;
;  IR[2]    ; CLKi       ; 11.801 ; 11.801 ; Rise       ; CLKi            ;
;  IR[3]    ; CLKi       ; 12.892 ; 12.892 ; Rise       ; CLKi            ;
;  IR[4]    ; CLKi       ; 12.500 ; 12.500 ; Rise       ; CLKi            ;
;  IR[5]    ; CLKi       ; 12.297 ; 12.297 ; Rise       ; CLKi            ;
;  IR[6]    ; CLKi       ; 12.199 ; 12.199 ; Rise       ; CLKi            ;
;  IR[7]    ; CLKi       ; 12.269 ; 12.269 ; Rise       ; CLKi            ;
; MAR[*]    ; CLKi       ; 14.142 ; 14.142 ; Rise       ; CLKi            ;
;  MAR[0]   ; CLKi       ; 13.379 ; 13.379 ; Rise       ; CLKi            ;
;  MAR[1]   ; CLKi       ; 13.589 ; 13.589 ; Rise       ; CLKi            ;
;  MAR[2]   ; CLKi       ; 13.646 ; 13.646 ; Rise       ; CLKi            ;
;  MAR[3]   ; CLKi       ; 14.142 ; 14.142 ; Rise       ; CLKi            ;
;  MAR[4]   ; CLKi       ; 13.697 ; 13.697 ; Rise       ; CLKi            ;
;  MAR[5]   ; CLKi       ; 13.286 ; 13.286 ; Rise       ; CLKi            ;
;  MAR[6]   ; CLKi       ; 13.780 ; 13.780 ; Rise       ; CLKi            ;
;  MAR[7]   ; CLKi       ; 13.250 ; 13.250 ; Rise       ; CLKi            ;
; MDR[*]    ; CLKi       ; 13.526 ; 13.526 ; Rise       ; CLKi            ;
;  MDR[0]   ; CLKi       ; 13.408 ; 13.408 ; Rise       ; CLKi            ;
;  MDR[1]   ; CLKi       ; 13.107 ; 13.107 ; Rise       ; CLKi            ;
;  MDR[2]   ; CLKi       ; 13.504 ; 13.504 ; Rise       ; CLKi            ;
;  MDR[3]   ; CLKi       ; 12.626 ; 12.626 ; Rise       ; CLKi            ;
;  MDR[4]   ; CLKi       ; 13.526 ; 13.526 ; Rise       ; CLKi            ;
;  MDR[5]   ; CLKi       ; 13.450 ; 13.450 ; Rise       ; CLKi            ;
;  MDR[6]   ; CLKi       ; 12.755 ; 12.755 ; Rise       ; CLKi            ;
;  MDR[7]   ; CLKi       ; 12.337 ; 12.337 ; Rise       ; CLKi            ;
; OVF       ; CLKi       ; 12.794 ; 12.794 ; Rise       ; CLKi            ;
; PC[*]     ; CLKi       ; 13.157 ; 13.157 ; Rise       ; CLKi            ;
;  PC[0]    ; CLKi       ; 11.924 ; 11.924 ; Rise       ; CLKi            ;
;  PC[1]    ; CLKi       ; 12.686 ; 12.686 ; Rise       ; CLKi            ;
;  PC[2]    ; CLKi       ; 12.987 ; 12.987 ; Rise       ; CLKi            ;
;  PC[3]    ; CLKi       ; 12.677 ; 12.677 ; Rise       ; CLKi            ;
;  PC[4]    ; CLKi       ; 13.157 ; 13.157 ; Rise       ; CLKi            ;
;  PC[5]    ; CLKi       ; 12.929 ; 12.929 ; Rise       ; CLKi            ;
;  PC[6]    ; CLKi       ; 13.138 ; 13.138 ; Rise       ; CLKi            ;
;  PC[7]    ; CLKi       ; 11.938 ; 11.938 ; Rise       ; CLKi            ;
; Ra[*]     ; CLKi       ; 16.820 ; 16.820 ; Rise       ; CLKi            ;
;  Ra[0]    ; CLKi       ; 16.791 ; 16.791 ; Rise       ; CLKi            ;
;  Ra[1]    ; CLKi       ; 16.614 ; 16.614 ; Rise       ; CLKi            ;
;  Ra[2]    ; CLKi       ; 16.562 ; 16.562 ; Rise       ; CLKi            ;
;  Ra[3]    ; CLKi       ; 15.712 ; 15.712 ; Rise       ; CLKi            ;
;  Ra[4]    ; CLKi       ; 16.820 ; 16.820 ; Rise       ; CLKi            ;
;  Ra[5]    ; CLKi       ; 16.665 ; 16.665 ; Rise       ; CLKi            ;
;  Ra[6]    ; CLKi       ; 16.419 ; 16.419 ; Rise       ; CLKi            ;
;  Ra[7]    ; CLKi       ; 16.630 ; 16.630 ; Rise       ; CLKi            ;
; Rb[*]     ; CLKi       ; 17.385 ; 17.385 ; Rise       ; CLKi            ;
;  Rb[0]    ; CLKi       ; 15.456 ; 15.456 ; Rise       ; CLKi            ;
;  Rb[1]    ; CLKi       ; 17.385 ; 17.385 ; Rise       ; CLKi            ;
;  Rb[2]    ; CLKi       ; 16.566 ; 16.566 ; Rise       ; CLKi            ;
;  Rb[3]    ; CLKi       ; 16.210 ; 16.210 ; Rise       ; CLKi            ;
;  Rb[4]    ; CLKi       ; 15.600 ; 15.600 ; Rise       ; CLKi            ;
;  Rb[5]    ; CLKi       ; 16.043 ; 16.043 ; Rise       ; CLKi            ;
;  Rb[6]    ; CLKi       ; 16.008 ; 16.008 ; Rise       ; CLKi            ;
;  Rb[7]    ; CLKi       ; 17.111 ; 17.111 ; Rise       ; CLKi            ;
; uPC[*]    ; CLKi       ; 14.184 ; 14.184 ; Rise       ; CLKi            ;
;  uPC[0]   ; CLKi       ; 12.985 ; 12.985 ; Rise       ; CLKi            ;
;  uPC[1]   ; CLKi       ; 13.421 ; 13.421 ; Rise       ; CLKi            ;
;  uPC[2]   ; CLKi       ; 13.820 ; 13.820 ; Rise       ; CLKi            ;
;  uPC[3]   ; CLKi       ; 13.041 ; 13.041 ; Rise       ; CLKi            ;
;  uPC[4]   ; CLKi       ; 14.184 ; 14.184 ; Rise       ; CLKi            ;
;  uPC[5]   ; CLKi       ; 13.038 ; 13.038 ; Rise       ; CLKi            ;
;  uPC[6]   ; CLKi       ; 13.015 ; 13.015 ; Rise       ; CLKi            ;
;  uPC[7]   ; CLKi       ; 13.800 ; 13.800 ; Rise       ; CLKi            ;
; IMM[*]    ; CLKi       ; 18.548 ; 18.548 ; Fall       ; CLKi            ;
;  IMM[0]   ; CLKi       ; 18.282 ; 18.282 ; Fall       ; CLKi            ;
;  IMM[1]   ; CLKi       ; 17.695 ; 17.695 ; Fall       ; CLKi            ;
;  IMM[2]   ; CLKi       ; 17.797 ; 17.797 ; Fall       ; CLKi            ;
;  IMM[3]   ; CLKi       ; 17.467 ; 17.467 ; Fall       ; CLKi            ;
;  IMM[4]   ; CLKi       ; 17.843 ; 17.843 ; Fall       ; CLKi            ;
;  IMM[5]   ; CLKi       ; 17.279 ; 17.279 ; Fall       ; CLKi            ;
;  IMM[6]   ; CLKi       ; 18.391 ; 18.391 ; Fall       ; CLKi            ;
;  IMM[7]   ; CLKi       ; 18.548 ; 18.548 ; Fall       ; CLKi            ;
; IO[*]     ; CLKi       ; 25.534 ; 25.534 ; Fall       ; CLKi            ;
;  IO[0]    ; CLKi       ; 25.516 ; 25.516 ; Fall       ; CLKi            ;
;  IO[1]    ; CLKi       ; 24.457 ; 24.457 ; Fall       ; CLKi            ;
;  IO[2]    ; CLKi       ; 25.534 ; 25.534 ; Fall       ; CLKi            ;
;  IO[3]    ; CLKi       ; 25.144 ; 25.144 ; Fall       ; CLKi            ;
;  IO[4]    ; CLKi       ; 24.521 ; 24.521 ; Fall       ; CLKi            ;
;  IO[5]    ; CLKi       ; 25.435 ; 25.435 ; Fall       ; CLKi            ;
;  IO[6]    ; CLKi       ; 24.368 ; 24.368 ; Fall       ; CLKi            ;
;  IO[7]    ; CLKi       ; 24.349 ; 24.349 ; Fall       ; CLKi            ;
; R         ; CLKi       ; 14.914 ; 14.914 ; Fall       ; CLKi            ;
; W         ; CLKi       ; 14.914 ; 14.914 ; Fall       ; CLKi            ;
; uIR[*]    ; CLKi       ; 18.205 ; 18.205 ; Fall       ; CLKi            ;
;  uIR[0]   ; CLKi       ; 14.899 ; 14.899 ; Fall       ; CLKi            ;
;  uIR[1]   ; CLKi       ; 14.914 ; 14.914 ; Fall       ; CLKi            ;
;  uIR[2]   ; CLKi       ; 16.019 ; 16.019 ; Fall       ; CLKi            ;
;  uIR[3]   ; CLKi       ; 15.953 ; 15.953 ; Fall       ; CLKi            ;
;  uIR[4]   ; CLKi       ; 16.349 ; 16.349 ; Fall       ; CLKi            ;
;  uIR[5]   ; CLKi       ; 17.271 ; 17.271 ; Fall       ; CLKi            ;
;  uIR[6]   ; CLKi       ; 16.357 ; 16.357 ; Fall       ; CLKi            ;
;  uIR[7]   ; CLKi       ; 17.492 ; 17.492 ; Fall       ; CLKi            ;
;  uIR[8]   ; CLKi       ; 16.796 ; 16.796 ; Fall       ; CLKi            ;
;  uIR[9]   ; CLKi       ; 16.035 ; 16.035 ; Fall       ; CLKi            ;
;  uIR[10]  ; CLKi       ; 15.926 ; 15.926 ; Fall       ; CLKi            ;
;  uIR[11]  ; CLKi       ; 15.640 ; 15.640 ; Fall       ; CLKi            ;
;  uIR[12]  ; CLKi       ; 16.408 ; 16.408 ; Fall       ; CLKi            ;
;  uIR[13]  ; CLKi       ; 18.205 ; 18.205 ; Fall       ; CLKi            ;
;  uIR[14]  ; CLKi       ; 16.567 ; 16.567 ; Fall       ; CLKi            ;
;  uIR[15]  ; CLKi       ; 15.917 ; 15.917 ; Fall       ; CLKi            ;
;  uIR[16]  ; CLKi       ; 15.856 ; 15.856 ; Fall       ; CLKi            ;
;  uIR[17]  ; CLKi       ; 15.848 ; 15.848 ; Fall       ; CLKi            ;
;  uIR[18]  ; CLKi       ; 15.844 ; 15.844 ; Fall       ; CLKi            ;
;  uIR[19]  ; CLKi       ; 16.018 ; 16.018 ; Fall       ; CLKi            ;
;  uIR[20]  ; CLKi       ; 15.852 ; 15.852 ; Fall       ; CLKi            ;
;  uIR[21]  ; CLKi       ; 15.870 ; 15.870 ; Fall       ; CLKi            ;
;  uIR[22]  ; CLKi       ; 16.008 ; 16.008 ; Fall       ; CLKi            ;
;  uIR[23]  ; CLKi       ; 16.730 ; 16.730 ; Fall       ; CLKi            ;
+-----------+------------+--------+--------+------------+-----------------+


+-------------------------------------------------------------------------+
; Minimum Clock to Output Times                                           ;
+-----------+------------+--------+--------+------------+-----------------+
; Data Port ; Clock Port ; Rise   ; Fall   ; Clock Edge ; Clock Reference ;
+-----------+------------+--------+--------+------------+-----------------+
; IO[*]     ; CLKi       ; 11.336 ; 11.336 ; Rise       ; CLKi            ;
;  IO[0]    ; CLKi       ; 12.620 ; 12.620 ; Rise       ; CLKi            ;
;  IO[1]    ; CLKi       ; 11.618 ; 11.618 ; Rise       ; CLKi            ;
;  IO[2]    ; CLKi       ; 12.802 ; 12.802 ; Rise       ; CLKi            ;
;  IO[3]    ; CLKi       ; 12.365 ; 12.365 ; Rise       ; CLKi            ;
;  IO[4]    ; CLKi       ; 11.624 ; 11.624 ; Rise       ; CLKi            ;
;  IO[5]    ; CLKi       ; 13.203 ; 13.203 ; Rise       ; CLKi            ;
;  IO[6]    ; CLKi       ; 11.401 ; 11.401 ; Rise       ; CLKi            ;
;  IO[7]    ; CLKi       ; 11.336 ; 11.336 ; Rise       ; CLKi            ;
; IR[*]     ; CLKi       ; 11.801 ; 11.801 ; Rise       ; CLKi            ;
;  IR[0]    ; CLKi       ; 13.042 ; 13.042 ; Rise       ; CLKi            ;
;  IR[1]    ; CLKi       ; 13.494 ; 13.494 ; Rise       ; CLKi            ;
;  IR[2]    ; CLKi       ; 11.801 ; 11.801 ; Rise       ; CLKi            ;
;  IR[3]    ; CLKi       ; 12.892 ; 12.892 ; Rise       ; CLKi            ;
;  IR[4]    ; CLKi       ; 12.500 ; 12.500 ; Rise       ; CLKi            ;
;  IR[5]    ; CLKi       ; 12.297 ; 12.297 ; Rise       ; CLKi            ;
;  IR[6]    ; CLKi       ; 12.199 ; 12.199 ; Rise       ; CLKi            ;
;  IR[7]    ; CLKi       ; 12.269 ; 12.269 ; Rise       ; CLKi            ;
; MAR[*]    ; CLKi       ; 13.250 ; 13.250 ; Rise       ; CLKi            ;
;  MAR[0]   ; CLKi       ; 13.379 ; 13.379 ; Rise       ; CLKi            ;
;  MAR[1]   ; CLKi       ; 13.589 ; 13.589 ; Rise       ; CLKi            ;
;  MAR[2]   ; CLKi       ; 13.646 ; 13.646 ; Rise       ; CLKi            ;
;  MAR[3]   ; CLKi       ; 14.142 ; 14.142 ; Rise       ; CLKi            ;
;  MAR[4]   ; CLKi       ; 13.697 ; 13.697 ; Rise       ; CLKi            ;
;  MAR[5]   ; CLKi       ; 13.286 ; 13.286 ; Rise       ; CLKi            ;
;  MAR[6]   ; CLKi       ; 13.780 ; 13.780 ; Rise       ; CLKi            ;
;  MAR[7]   ; CLKi       ; 13.250 ; 13.250 ; Rise       ; CLKi            ;
; MDR[*]    ; CLKi       ; 12.337 ; 12.337 ; Rise       ; CLKi            ;
;  MDR[0]   ; CLKi       ; 13.408 ; 13.408 ; Rise       ; CLKi            ;
;  MDR[1]   ; CLKi       ; 13.107 ; 13.107 ; Rise       ; CLKi            ;
;  MDR[2]   ; CLKi       ; 13.504 ; 13.504 ; Rise       ; CLKi            ;
;  MDR[3]   ; CLKi       ; 12.626 ; 12.626 ; Rise       ; CLKi            ;
;  MDR[4]   ; CLKi       ; 13.526 ; 13.526 ; Rise       ; CLKi            ;
;  MDR[5]   ; CLKi       ; 13.450 ; 13.450 ; Rise       ; CLKi            ;
;  MDR[6]   ; CLKi       ; 12.755 ; 12.755 ; Rise       ; CLKi            ;
;  MDR[7]   ; CLKi       ; 12.337 ; 12.337 ; Rise       ; CLKi            ;
; OVF       ; CLKi       ; 12.794 ; 12.794 ; Rise       ; CLKi            ;
; PC[*]     ; CLKi       ; 11.924 ; 11.924 ; Rise       ; CLKi            ;
;  PC[0]    ; CLKi       ; 11.924 ; 11.924 ; Rise       ; CLKi            ;
;  PC[1]    ; CLKi       ; 12.686 ; 12.686 ; Rise       ; CLKi            ;
;  PC[2]    ; CLKi       ; 12.987 ; 12.987 ; Rise       ; CLKi            ;
;  PC[3]    ; CLKi       ; 12.677 ; 12.677 ; Rise       ; CLKi            ;
;  PC[4]    ; CLKi       ; 13.157 ; 13.157 ; Rise       ; CLKi            ;
;  PC[5]    ; CLKi       ; 12.929 ; 12.929 ; Rise       ; CLKi            ;
;  PC[6]    ; CLKi       ; 13.138 ; 13.138 ; Rise       ; CLKi            ;
;  PC[7]    ; CLKi       ; 11.938 ; 11.938 ; Rise       ; CLKi            ;
; Ra[*]     ; CLKi       ; 12.455 ; 12.455 ; Rise       ; CLKi            ;
;  Ra[0]    ; CLKi       ; 13.888 ; 13.888 ; Rise       ; CLKi            ;
;  Ra[1]    ; CLKi       ; 12.704 ; 12.704 ; Rise       ; CLKi            ;
;  Ra[2]    ; CLKi       ; 15.125 ; 15.125 ; Rise       ; CLKi            ;
;  Ra[3]    ; CLKi       ; 12.455 ; 12.455 ; Rise       ; CLKi            ;
;  Ra[4]    ; CLKi       ; 13.591 ; 13.591 ; Rise       ; CLKi            ;
;  Ra[5]    ; CLKi       ; 14.541 ; 14.541 ; Rise       ; CLKi            ;
;  Ra[6]    ; CLKi       ; 13.056 ; 13.056 ; Rise       ; CLKi            ;
;  Ra[7]    ; CLKi       ; 14.542 ; 14.542 ; Rise       ; CLKi            ;
; Rb[*]     ; CLKi       ; 13.286 ; 13.286 ; Rise       ; CLKi            ;
;  Rb[0]    ; CLKi       ; 13.286 ; 13.286 ; Rise       ; CLKi            ;
;  Rb[1]    ; CLKi       ; 13.685 ; 13.685 ; Rise       ; CLKi            ;
;  Rb[2]    ; CLKi       ; 13.683 ; 13.683 ; Rise       ; CLKi            ;
;  Rb[3]    ; CLKi       ; 13.918 ; 13.918 ; Rise       ; CLKi            ;
;  Rb[4]    ; CLKi       ; 13.640 ; 13.640 ; Rise       ; CLKi            ;
;  Rb[5]    ; CLKi       ; 13.870 ; 13.870 ; Rise       ; CLKi            ;
;  Rb[6]    ; CLKi       ; 13.652 ; 13.652 ; Rise       ; CLKi            ;
;  Rb[7]    ; CLKi       ; 14.483 ; 14.483 ; Rise       ; CLKi            ;
; uPC[*]    ; CLKi       ; 12.985 ; 12.985 ; Rise       ; CLKi            ;
;  uPC[0]   ; CLKi       ; 12.985 ; 12.985 ; Rise       ; CLKi            ;
;  uPC[1]   ; CLKi       ; 13.421 ; 13.421 ; Rise       ; CLKi            ;
;  uPC[2]   ; CLKi       ; 13.820 ; 13.820 ; Rise       ; CLKi            ;
;  uPC[3]   ; CLKi       ; 13.041 ; 13.041 ; Rise       ; CLKi            ;
;  uPC[4]   ; CLKi       ; 14.184 ; 14.184 ; Rise       ; CLKi            ;
;  uPC[5]   ; CLKi       ; 13.038 ; 13.038 ; Rise       ; CLKi            ;
;  uPC[6]   ; CLKi       ; 13.015 ; 13.015 ; Rise       ; CLKi            ;
;  uPC[7]   ; CLKi       ; 13.800 ; 13.800 ; Rise       ; CLKi            ;
; IMM[*]    ; CLKi       ; 17.072 ; 17.072 ; Fall       ; CLKi            ;
;  IMM[0]   ; CLKi       ; 18.115 ; 18.115 ; Fall       ; CLKi            ;
;  IMM[1]   ; CLKi       ; 17.485 ; 17.485 ; Fall       ; CLKi            ;
;  IMM[2]   ; CLKi       ; 17.563 ; 17.563 ; Fall       ; CLKi            ;
;  IMM[3]   ; CLKi       ; 17.305 ; 17.305 ; Fall       ; CLKi            ;
;  IMM[4]   ; CLKi       ; 17.681 ; 17.681 ; Fall       ; CLKi            ;
;  IMM[5]   ; CLKi       ; 17.072 ; 17.072 ; Fall       ; CLKi            ;
;  IMM[6]   ; CLKi       ; 18.167 ; 18.167 ; Fall       ; CLKi            ;
;  IMM[7]   ; CLKi       ; 18.125 ; 18.125 ; Fall       ; CLKi            ;
; IO[*]     ; CLKi       ; 11.336 ; 11.336 ; Fall       ; CLKi            ;
;  IO[0]    ; CLKi       ; 12.620 ; 12.620 ; Fall       ; CLKi            ;
;  IO[1]    ; CLKi       ; 11.618 ; 11.618 ; Fall       ; CLKi            ;
;  IO[2]    ; CLKi       ; 12.802 ; 12.802 ; Fall       ; CLKi            ;
;  IO[3]    ; CLKi       ; 12.365 ; 12.365 ; Fall       ; CLKi            ;
;  IO[4]    ; CLKi       ; 11.624 ; 11.624 ; Fall       ; CLKi            ;
;  IO[5]    ; CLKi       ; 13.203 ; 13.203 ; Fall       ; CLKi            ;
;  IO[6]    ; CLKi       ; 11.401 ; 11.401 ; Fall       ; CLKi            ;
;  IO[7]    ; CLKi       ; 11.336 ; 11.336 ; Fall       ; CLKi            ;
; R         ; CLKi       ; 14.914 ; 14.914 ; Fall       ; CLKi            ;
; W         ; CLKi       ; 14.914 ; 14.914 ; Fall       ; CLKi            ;
; uIR[*]    ; CLKi       ; 14.899 ; 14.899 ; Fall       ; CLKi            ;
;  uIR[0]   ; CLKi       ; 14.899 ; 14.899 ; Fall       ; CLKi            ;
;  uIR[1]   ; CLKi       ; 14.914 ; 14.914 ; Fall       ; CLKi            ;
;  uIR[2]   ; CLKi       ; 16.019 ; 16.019 ; Fall       ; CLKi            ;
;  uIR[3]   ; CLKi       ; 15.953 ; 15.953 ; Fall       ; CLKi            ;
;  uIR[4]   ; CLKi       ; 16.349 ; 16.349 ; Fall       ; CLKi            ;
;  uIR[5]   ; CLKi       ; 17.271 ; 17.271 ; Fall       ; CLKi            ;
;  uIR[6]   ; CLKi       ; 16.357 ; 16.357 ; Fall       ; CLKi            ;
;  uIR[7]   ; CLKi       ; 17.492 ; 17.492 ; Fall       ; CLKi            ;
;  uIR[8]   ; CLKi       ; 16.796 ; 16.796 ; Fall       ; CLKi            ;
;  uIR[9]   ; CLKi       ; 16.035 ; 16.035 ; Fall       ; CLKi            ;
;  uIR[10]  ; CLKi       ; 15.926 ; 15.926 ; Fall       ; CLKi            ;
;  uIR[11]  ; CLKi       ; 15.640 ; 15.640 ; Fall       ; CLKi            ;
;  uIR[12]  ; CLKi       ; 16.408 ; 16.408 ; Fall       ; CLKi            ;
;  uIR[13]  ; CLKi       ; 18.205 ; 18.205 ; Fall       ; CLKi            ;
;  uIR[14]  ; CLKi       ; 16.567 ; 16.567 ; Fall       ; CLKi            ;
;  uIR[15]  ; CLKi       ; 15.917 ; 15.917 ; Fall       ; CLKi            ;
;  uIR[16]  ; CLKi       ; 15.856 ; 15.856 ; Fall       ; CLKi            ;
;  uIR[17]  ; CLKi       ; 15.848 ; 15.848 ; Fall       ; CLKi            ;
;  uIR[18]  ; CLKi       ; 15.844 ; 15.844 ; Fall       ; CLKi            ;
;  uIR[19]  ; CLKi       ; 16.018 ; 16.018 ; Fall       ; CLKi            ;
;  uIR[20]  ; CLKi       ; 15.852 ; 15.852 ; Fall       ; CLKi            ;
;  uIR[21]  ; CLKi       ; 15.870 ; 15.870 ; Fall       ; CLKi            ;
;  uIR[22]  ; CLKi       ; 16.008 ; 16.008 ; Fall       ; CLKi            ;
;  uIR[23]  ; CLKi       ; 16.730 ; 16.730 ; Fall       ; CLKi            ;
+-----------+------------+--------+--------+------------+-----------------+


+--------------------------------------------------------------+
; Propagation Delay                                            ;
+------------+-------------+--------+--------+--------+--------+
; Input Port ; Output Port ; RR     ; RF     ; FR     ; FF     ;
+------------+-------------+--------+--------+--------+--------+
; CLRN       ; IO[0]       ; 17.251 ; 17.251 ; 17.251 ; 17.251 ;
; CLRN       ; IO[1]       ; 16.048 ; 16.048 ; 16.048 ; 16.048 ;
; CLRN       ; IO[2]       ; 17.035 ; 17.035 ; 17.035 ; 17.035 ;
; CLRN       ; IO[3]       ; 17.025 ; 17.025 ; 17.025 ; 17.025 ;
; CLRN       ; IO[4]       ; 16.815 ; 16.815 ; 16.815 ; 16.815 ;
; CLRN       ; IO[5]       ; 17.251 ; 17.251 ; 17.251 ; 17.251 ;
; CLRN       ; IO[6]       ; 16.835 ; 16.835 ; 16.835 ; 16.835 ;
; CLRN       ; IO[7]       ; 16.058 ; 16.058 ; 16.058 ; 16.058 ;
; SPULS      ; IO[0]       ; 17.391 ; 17.391 ; 17.391 ; 17.391 ;
; SPULS      ; IO[1]       ; 16.188 ; 16.188 ; 16.188 ; 16.188 ;
; SPULS      ; IO[2]       ; 17.175 ; 17.175 ; 17.175 ; 17.175 ;
; SPULS      ; IO[3]       ; 17.165 ; 17.165 ; 17.165 ; 17.165 ;
; SPULS      ; IO[4]       ; 16.955 ; 16.955 ; 16.955 ; 16.955 ;
; SPULS      ; IO[5]       ; 17.391 ; 17.391 ; 17.391 ; 17.391 ;
; SPULS      ; IO[6]       ; 16.975 ; 16.975 ; 16.975 ; 16.975 ;
; SPULS      ; IO[7]       ; 16.198 ; 16.198 ; 16.198 ; 16.198 ;
+------------+-------------+--------+--------+--------+--------+


+--------------------------------------------------------------+
; Minimum Propagation Delay                                    ;
+------------+-------------+--------+--------+--------+--------+
; Input Port ; Output Port ; RR     ; RF     ; FR     ; FF     ;
+------------+-------------+--------+--------+--------+--------+
; CLRN       ; IO[0]       ; 17.251 ; 15.852 ; 15.852 ; 17.251 ;
; CLRN       ; IO[1]       ; 16.048 ; 14.850 ; 14.850 ; 16.048 ;
; CLRN       ; IO[2]       ; 17.035 ; 16.034 ; 16.034 ; 17.035 ;
; CLRN       ; IO[3]       ; 17.025 ; 15.597 ; 15.597 ; 17.025 ;
; CLRN       ; IO[4]       ; 16.815 ; 14.856 ; 14.856 ; 16.815 ;
; CLRN       ; IO[5]       ; 17.251 ; 16.435 ; 16.435 ; 17.251 ;
; CLRN       ; IO[6]       ; 16.835 ; 14.633 ; 14.633 ; 16.835 ;
; CLRN       ; IO[7]       ; 16.058 ; 14.568 ; 14.568 ; 16.058 ;
; SPULS      ; IO[0]       ; 15.992 ; 17.391 ; 17.391 ; 15.992 ;
; SPULS      ; IO[1]       ; 14.990 ; 16.188 ; 16.188 ; 14.990 ;
; SPULS      ; IO[2]       ; 16.174 ; 17.175 ; 17.175 ; 16.174 ;
; SPULS      ; IO[3]       ; 15.737 ; 17.165 ; 17.165 ; 15.737 ;
; SPULS      ; IO[4]       ; 14.996 ; 16.955 ; 16.955 ; 14.996 ;
; SPULS      ; IO[5]       ; 16.575 ; 17.391 ; 17.391 ; 16.575 ;
; SPULS      ; IO[6]       ; 14.773 ; 16.975 ; 16.975 ; 14.773 ;
; SPULS      ; IO[7]       ; 14.708 ; 16.198 ; 16.198 ; 14.708 ;
+------------+-------------+--------+--------+--------+--------+


+-----------------------------------------------------------------------+
; Output Enable Times                                                   ;
+-----------+------------+--------+------+------------+-----------------+
; Data Port ; Clock Port ; Rise   ; Fall ; Clock Edge ; Clock Reference ;
+-----------+------------+--------+------+------------+-----------------+
; IO[*]     ; CLKi       ; 12.816 ;      ; Rise       ; CLKi            ;
;  IO[0]    ; CLKi       ; 14.019 ;      ; Rise       ; CLKi            ;
;  IO[1]    ; CLKi       ; 12.816 ;      ; Rise       ; CLKi            ;
;  IO[2]    ; CLKi       ; 13.803 ;      ; Rise       ; CLKi            ;
;  IO[3]    ; CLKi       ; 13.793 ;      ; Rise       ; CLKi            ;
;  IO[4]    ; CLKi       ; 13.583 ;      ; Rise       ; CLKi            ;
;  IO[5]    ; CLKi       ; 14.019 ;      ; Rise       ; CLKi            ;
;  IO[6]    ; CLKi       ; 13.603 ;      ; Rise       ; CLKi            ;
;  IO[7]    ; CLKi       ; 12.826 ;      ; Rise       ; CLKi            ;
; IO[*]     ; CLKi       ; 20.603 ;      ; Fall       ; CLKi            ;
;  IO[0]    ; CLKi       ; 21.806 ;      ; Fall       ; CLKi            ;
;  IO[1]    ; CLKi       ; 20.603 ;      ; Fall       ; CLKi            ;
;  IO[2]    ; CLKi       ; 21.590 ;      ; Fall       ; CLKi            ;
;  IO[3]    ; CLKi       ; 21.580 ;      ; Fall       ; CLKi            ;
;  IO[4]    ; CLKi       ; 21.370 ;      ; Fall       ; CLKi            ;
;  IO[5]    ; CLKi       ; 21.806 ;      ; Fall       ; CLKi            ;
;  IO[6]    ; CLKi       ; 21.390 ;      ; Fall       ; CLKi            ;
;  IO[7]    ; CLKi       ; 20.613 ;      ; Fall       ; CLKi            ;
+-----------+------------+--------+------+------------+-----------------+


+-----------------------------------------------------------------------+
; Minimum Output Enable Times                                           ;
+-----------+------------+--------+------+------------+-----------------+
; Data Port ; Clock Port ; Rise   ; Fall ; Clock Edge ; Clock Reference ;
+-----------+------------+--------+------+------------+-----------------+
; IO[*]     ; CLKi       ; 12.816 ;      ; Rise       ; CLKi            ;
;  IO[0]    ; CLKi       ; 14.019 ;      ; Rise       ; CLKi            ;
;  IO[1]    ; CLKi       ; 12.816 ;      ; Rise       ; CLKi            ;
;  IO[2]    ; CLKi       ; 13.803 ;      ; Rise       ; CLKi            ;
;  IO[3]    ; CLKi       ; 13.793 ;      ; Rise       ; CLKi            ;
;  IO[4]    ; CLKi       ; 13.583 ;      ; Rise       ; CLKi            ;
;  IO[5]    ; CLKi       ; 14.019 ;      ; Rise       ; CLKi            ;
;  IO[6]    ; CLKi       ; 13.603 ;      ; Rise       ; CLKi            ;
;  IO[7]    ; CLKi       ; 12.826 ;      ; Rise       ; CLKi            ;
; IO[*]     ; CLKi       ; 12.816 ;      ; Fall       ; CLKi            ;
;  IO[0]    ; CLKi       ; 14.019 ;      ; Fall       ; CLKi            ;
;  IO[1]    ; CLKi       ; 12.816 ;      ; Fall       ; CLKi            ;
;  IO[2]    ; CLKi       ; 13.803 ;      ; Fall       ; CLKi            ;
;  IO[3]    ; CLKi       ; 13.793 ;      ; Fall       ; CLKi            ;
;  IO[4]    ; CLKi       ; 13.583 ;      ; Fall       ; CLKi            ;
;  IO[5]    ; CLKi       ; 14.019 ;      ; Fall       ; CLKi            ;
;  IO[6]    ; CLKi       ; 13.603 ;      ; Fall       ; CLKi            ;
;  IO[7]    ; CLKi       ; 12.826 ;      ; Fall       ; CLKi            ;
+-----------+------------+--------+------+------------+-----------------+


+-------------------------------------------------------------------------------+
; Output Disable Times                                                          ;
+-----------+------------+-----------+-----------+------------+-----------------+
; Data Port ; Clock Port ; 0 to Hi-Z ; 1 to Hi-Z ; Clock Edge ; Clock Reference ;
+-----------+------------+-----------+-----------+------------+-----------------+
; IO[*]     ; CLKi       ; 12.816    ;           ; Rise       ; CLKi            ;
;  IO[0]    ; CLKi       ; 14.019    ;           ; Rise       ; CLKi            ;
;  IO[1]    ; CLKi       ; 12.816    ;           ; Rise       ; CLKi            ;
;  IO[2]    ; CLKi       ; 13.803    ;           ; Rise       ; CLKi            ;
;  IO[3]    ; CLKi       ; 13.793    ;           ; Rise       ; CLKi            ;
;  IO[4]    ; CLKi       ; 13.583    ;           ; Rise       ; CLKi            ;
;  IO[5]    ; CLKi       ; 14.019    ;           ; Rise       ; CLKi            ;
;  IO[6]    ; CLKi       ; 13.603    ;           ; Rise       ; CLKi            ;
;  IO[7]    ; CLKi       ; 12.826    ;           ; Rise       ; CLKi            ;
; IO[*]     ; CLKi       ; 20.603    ;           ; Fall       ; CLKi            ;
;  IO[0]    ; CLKi       ; 21.806    ;           ; Fall       ; CLKi            ;
;  IO[1]    ; CLKi       ; 20.603    ;           ; Fall       ; CLKi            ;
;  IO[2]    ; CLKi       ; 21.590    ;           ; Fall       ; CLKi            ;
;  IO[3]    ; CLKi       ; 21.580    ;           ; Fall       ; CLKi            ;
;  IO[4]    ; CLKi       ; 21.370    ;           ; Fall       ; CLKi            ;
;  IO[5]    ; CLKi       ; 21.806    ;           ; Fall       ; CLKi            ;
;  IO[6]    ; CLKi       ; 21.390    ;           ; Fall       ; CLKi            ;
;  IO[7]    ; CLKi       ; 20.613    ;           ; Fall       ; CLKi            ;
+-----------+------------+-----------+-----------+------------+-----------------+


+-------------------------------------------------------------------------------+
; Minimum Output Disable Times                                                  ;
+-----------+------------+-----------+-----------+------------+-----------------+
; Data Port ; Clock Port ; 0 to Hi-Z ; 1 to Hi-Z ; Clock Edge ; Clock Reference ;
+-----------+------------+-----------+-----------+------------+-----------------+
; IO[*]     ; CLKi       ; 12.816    ;           ; Rise       ; CLKi            ;
;  IO[0]    ; CLKi       ; 14.019    ;           ; Rise       ; CLKi            ;
;  IO[1]    ; CLKi       ; 12.816    ;           ; Rise       ; CLKi            ;
;  IO[2]    ; CLKi       ; 13.803    ;           ; Rise       ; CLKi            ;
;  IO[3]    ; CLKi       ; 13.793    ;           ; Rise       ; CLKi            ;
;  IO[4]    ; CLKi       ; 13.583    ;           ; Rise       ; CLKi            ;
;  IO[5]    ; CLKi       ; 14.019    ;           ; Rise       ; CLKi            ;
;  IO[6]    ; CLKi       ; 13.603    ;           ; Rise       ; CLKi            ;
;  IO[7]    ; CLKi       ; 12.826    ;           ; Rise       ; CLKi            ;
; IO[*]     ; CLKi       ; 12.816    ;           ; Fall       ; CLKi            ;
;  IO[0]    ; CLKi       ; 14.019    ;           ; Fall       ; CLKi            ;
;  IO[1]    ; CLKi       ; 12.816    ;           ; Fall       ; CLKi            ;
;  IO[2]    ; CLKi       ; 13.803    ;           ; Fall       ; CLKi            ;
;  IO[3]    ; CLKi       ; 13.793    ;           ; Fall       ; CLKi            ;
;  IO[4]    ; CLKi       ; 13.583    ;           ; Fall       ; CLKi            ;
;  IO[5]    ; CLKi       ; 14.019    ;           ; Fall       ; CLKi            ;
;  IO[6]    ; CLKi       ; 13.603    ;           ; Fall       ; CLKi            ;
;  IO[7]    ; CLKi       ; 12.826    ;           ; Fall       ; CLKi            ;
+-----------+------------+-----------+-----------+------------+-----------------+


+--------------------------------+
; Fast Model Setup Summary       ;
+-------+--------+---------------+
; Clock ; Slack  ; End Point TNS ;
+-------+--------+---------------+
; CLKi  ; -4.981 ; -3422.352     ;
+-------+--------+---------------+


+--------------------------------+
; Fast Model Hold Summary        ;
+-------+--------+---------------+
; Clock ; Slack  ; End Point TNS ;
+-------+--------+---------------+
; CLKi  ; -0.633 ; -6.687        ;
+-------+--------+---------------+


-------------------------------
; Fast Model Recovery Summary ;
-------------------------------
No paths to report.


------------------------------
; Fast Model Removal Summary ;
------------------------------
No paths to report.


+----------------------------------------+
; Fast Model Minimum Pulse Width Summary ;
+-------+--------+-----------------------+
; Clock ; Slack  ; End Point TNS         ;
+-------+--------+-----------------------+
; CLKi  ; -1.423 ; -2191.684             ;
+-------+--------+-----------------------+


+-------------------------------------------------------------------------------------------------------------------------------------------------------------------------------------------------------------------------------------------------------+
; Fast Model Setup: 'CLKi'                                                                                                                                                                                                                              ;
+--------+-------------------------------------------------------------------------------------------------------------------------+----------------------------------------------+--------------+-------------+--------------+------------+------------+
; Slack  ; From Node                                                                                                               ; To Node                                      ; Launch Clock ; Latch Clock ; Relationship ; Clock Skew ; Data Delay ;
+--------+-------------------------------------------------------------------------------------------------------------------------+----------------------------------------------+--------------+-------------+--------------+------------+------------+
; -4.981 ; cu:inst9|lpm_rom:inst10|altrom:srom|altsyncram:rom_block|altsyncram_f301:auto_generated|ram_block1a6~porta_address_reg0 ; regg:inst199|lpm_ff:inst|dffs[7]             ; CLKi         ; CLKi        ; 0.500        ; -0.112     ; 5.401      ;
; -4.981 ; cu:inst9|lpm_rom:inst10|altrom:srom|altsyncram:rom_block|altsyncram_f301:auto_generated|ram_block1a6~porta_address_reg1 ; regg:inst199|lpm_ff:inst|dffs[7]             ; CLKi         ; CLKi        ; 0.500        ; -0.112     ; 5.401      ;
; -4.981 ; cu:inst9|lpm_rom:inst10|altrom:srom|altsyncram:rom_block|altsyncram_f301:auto_generated|ram_block1a6~porta_address_reg2 ; regg:inst199|lpm_ff:inst|dffs[7]             ; CLKi         ; CLKi        ; 0.500        ; -0.112     ; 5.401      ;
; -4.981 ; cu:inst9|lpm_rom:inst10|altrom:srom|altsyncram:rom_block|altsyncram_f301:auto_generated|ram_block1a6~porta_address_reg3 ; regg:inst199|lpm_ff:inst|dffs[7]             ; CLKi         ; CLKi        ; 0.500        ; -0.112     ; 5.401      ;
; -4.981 ; cu:inst9|lpm_rom:inst10|altrom:srom|altsyncram:rom_block|altsyncram_f301:auto_generated|ram_block1a6~porta_address_reg4 ; regg:inst199|lpm_ff:inst|dffs[7]             ; CLKi         ; CLKi        ; 0.500        ; -0.112     ; 5.401      ;
; -4.981 ; cu:inst9|lpm_rom:inst10|altrom:srom|altsyncram:rom_block|altsyncram_f301:auto_generated|ram_block1a6~porta_address_reg5 ; regg:inst199|lpm_ff:inst|dffs[7]             ; CLKi         ; CLKi        ; 0.500        ; -0.112     ; 5.401      ;
; -4.981 ; cu:inst9|lpm_rom:inst10|altrom:srom|altsyncram:rom_block|altsyncram_f301:auto_generated|ram_block1a6~porta_address_reg6 ; regg:inst199|lpm_ff:inst|dffs[7]             ; CLKi         ; CLKi        ; 0.500        ; -0.112     ; 5.401      ;
; -4.981 ; cu:inst9|lpm_rom:inst10|altrom:srom|altsyncram:rom_block|altsyncram_f301:auto_generated|ram_block1a6~porta_address_reg7 ; regg:inst199|lpm_ff:inst|dffs[7]             ; CLKi         ; CLKi        ; 0.500        ; -0.112     ; 5.401      ;
; -4.878 ; cu:inst9|lpm_rom:inst10|altrom:srom|altsyncram:rom_block|altsyncram_f301:auto_generated|ram_block1a6~porta_address_reg0 ; regset:inst4|regg:inst9|lpm_ff:inst|dffs[7]  ; CLKi         ; CLKi        ; 0.500        ; -0.066     ; 5.344      ;
; -4.878 ; cu:inst9|lpm_rom:inst10|altrom:srom|altsyncram:rom_block|altsyncram_f301:auto_generated|ram_block1a6~porta_address_reg1 ; regset:inst4|regg:inst9|lpm_ff:inst|dffs[7]  ; CLKi         ; CLKi        ; 0.500        ; -0.066     ; 5.344      ;
; -4.878 ; cu:inst9|lpm_rom:inst10|altrom:srom|altsyncram:rom_block|altsyncram_f301:auto_generated|ram_block1a6~porta_address_reg2 ; regset:inst4|regg:inst9|lpm_ff:inst|dffs[7]  ; CLKi         ; CLKi        ; 0.500        ; -0.066     ; 5.344      ;
; -4.878 ; cu:inst9|lpm_rom:inst10|altrom:srom|altsyncram:rom_block|altsyncram_f301:auto_generated|ram_block1a6~porta_address_reg3 ; regset:inst4|regg:inst9|lpm_ff:inst|dffs[7]  ; CLKi         ; CLKi        ; 0.500        ; -0.066     ; 5.344      ;
; -4.878 ; cu:inst9|lpm_rom:inst10|altrom:srom|altsyncram:rom_block|altsyncram_f301:auto_generated|ram_block1a6~porta_address_reg4 ; regset:inst4|regg:inst9|lpm_ff:inst|dffs[7]  ; CLKi         ; CLKi        ; 0.500        ; -0.066     ; 5.344      ;
; -4.878 ; cu:inst9|lpm_rom:inst10|altrom:srom|altsyncram:rom_block|altsyncram_f301:auto_generated|ram_block1a6~porta_address_reg5 ; regset:inst4|regg:inst9|lpm_ff:inst|dffs[7]  ; CLKi         ; CLKi        ; 0.500        ; -0.066     ; 5.344      ;
; -4.878 ; cu:inst9|lpm_rom:inst10|altrom:srom|altsyncram:rom_block|altsyncram_f301:auto_generated|ram_block1a6~porta_address_reg6 ; regset:inst4|regg:inst9|lpm_ff:inst|dffs[7]  ; CLKi         ; CLKi        ; 0.500        ; -0.066     ; 5.344      ;
; -4.878 ; cu:inst9|lpm_rom:inst10|altrom:srom|altsyncram:rom_block|altsyncram_f301:auto_generated|ram_block1a6~porta_address_reg7 ; regset:inst4|regg:inst9|lpm_ff:inst|dffs[7]  ; CLKi         ; CLKi        ; 0.500        ; -0.066     ; 5.344      ;
; -4.876 ; cu:inst9|lpm_rom:inst10|altrom:srom|altsyncram:rom_block|altsyncram_f301:auto_generated|ram_block1a6~porta_address_reg0 ; regset:inst4|regg:inst|lpm_ff:inst|dffs[7]   ; CLKi         ; CLKi        ; 0.500        ; -0.066     ; 5.342      ;
; -4.876 ; cu:inst9|lpm_rom:inst10|altrom:srom|altsyncram:rom_block|altsyncram_f301:auto_generated|ram_block1a6~porta_address_reg1 ; regset:inst4|regg:inst|lpm_ff:inst|dffs[7]   ; CLKi         ; CLKi        ; 0.500        ; -0.066     ; 5.342      ;
; -4.876 ; cu:inst9|lpm_rom:inst10|altrom:srom|altsyncram:rom_block|altsyncram_f301:auto_generated|ram_block1a6~porta_address_reg2 ; regset:inst4|regg:inst|lpm_ff:inst|dffs[7]   ; CLKi         ; CLKi        ; 0.500        ; -0.066     ; 5.342      ;
; -4.876 ; cu:inst9|lpm_rom:inst10|altrom:srom|altsyncram:rom_block|altsyncram_f301:auto_generated|ram_block1a6~porta_address_reg3 ; regset:inst4|regg:inst|lpm_ff:inst|dffs[7]   ; CLKi         ; CLKi        ; 0.500        ; -0.066     ; 5.342      ;
; -4.876 ; cu:inst9|lpm_rom:inst10|altrom:srom|altsyncram:rom_block|altsyncram_f301:auto_generated|ram_block1a6~porta_address_reg4 ; regset:inst4|regg:inst|lpm_ff:inst|dffs[7]   ; CLKi         ; CLKi        ; 0.500        ; -0.066     ; 5.342      ;
; -4.876 ; cu:inst9|lpm_rom:inst10|altrom:srom|altsyncram:rom_block|altsyncram_f301:auto_generated|ram_block1a6~porta_address_reg5 ; regset:inst4|regg:inst|lpm_ff:inst|dffs[7]   ; CLKi         ; CLKi        ; 0.500        ; -0.066     ; 5.342      ;
; -4.876 ; cu:inst9|lpm_rom:inst10|altrom:srom|altsyncram:rom_block|altsyncram_f301:auto_generated|ram_block1a6~porta_address_reg6 ; regset:inst4|regg:inst|lpm_ff:inst|dffs[7]   ; CLKi         ; CLKi        ; 0.500        ; -0.066     ; 5.342      ;
; -4.876 ; cu:inst9|lpm_rom:inst10|altrom:srom|altsyncram:rom_block|altsyncram_f301:auto_generated|ram_block1a6~porta_address_reg7 ; regset:inst4|regg:inst|lpm_ff:inst|dffs[7]   ; CLKi         ; CLKi        ; 0.500        ; -0.066     ; 5.342      ;
; -4.873 ; cu:inst9|lpm_rom:inst10|altrom:srom|altsyncram:rom_block|altsyncram_f301:auto_generated|ram_block1a6~porta_address_reg0 ; regset:inst4|regg:inst8|lpm_ff:inst|dffs[7]  ; CLKi         ; CLKi        ; 0.500        ; -0.068     ; 5.337      ;
; -4.873 ; cu:inst9|lpm_rom:inst10|altrom:srom|altsyncram:rom_block|altsyncram_f301:auto_generated|ram_block1a6~porta_address_reg0 ; regg:inst7|lpm_ff:inst|dffs[7]               ; CLKi         ; CLKi        ; 0.500        ; -0.068     ; 5.337      ;
; -4.873 ; cu:inst9|lpm_rom:inst10|altrom:srom|altsyncram:rom_block|altsyncram_f301:auto_generated|ram_block1a6~porta_address_reg1 ; regset:inst4|regg:inst8|lpm_ff:inst|dffs[7]  ; CLKi         ; CLKi        ; 0.500        ; -0.068     ; 5.337      ;
; -4.873 ; cu:inst9|lpm_rom:inst10|altrom:srom|altsyncram:rom_block|altsyncram_f301:auto_generated|ram_block1a6~porta_address_reg2 ; regset:inst4|regg:inst8|lpm_ff:inst|dffs[7]  ; CLKi         ; CLKi        ; 0.500        ; -0.068     ; 5.337      ;
; -4.873 ; cu:inst9|lpm_rom:inst10|altrom:srom|altsyncram:rom_block|altsyncram_f301:auto_generated|ram_block1a6~porta_address_reg3 ; regset:inst4|regg:inst8|lpm_ff:inst|dffs[7]  ; CLKi         ; CLKi        ; 0.500        ; -0.068     ; 5.337      ;
; -4.873 ; cu:inst9|lpm_rom:inst10|altrom:srom|altsyncram:rom_block|altsyncram_f301:auto_generated|ram_block1a6~porta_address_reg4 ; regset:inst4|regg:inst8|lpm_ff:inst|dffs[7]  ; CLKi         ; CLKi        ; 0.500        ; -0.068     ; 5.337      ;
; -4.873 ; cu:inst9|lpm_rom:inst10|altrom:srom|altsyncram:rom_block|altsyncram_f301:auto_generated|ram_block1a6~porta_address_reg5 ; regset:inst4|regg:inst8|lpm_ff:inst|dffs[7]  ; CLKi         ; CLKi        ; 0.500        ; -0.068     ; 5.337      ;
; -4.873 ; cu:inst9|lpm_rom:inst10|altrom:srom|altsyncram:rom_block|altsyncram_f301:auto_generated|ram_block1a6~porta_address_reg6 ; regset:inst4|regg:inst8|lpm_ff:inst|dffs[7]  ; CLKi         ; CLKi        ; 0.500        ; -0.068     ; 5.337      ;
; -4.873 ; cu:inst9|lpm_rom:inst10|altrom:srom|altsyncram:rom_block|altsyncram_f301:auto_generated|ram_block1a6~porta_address_reg7 ; regset:inst4|regg:inst8|lpm_ff:inst|dffs[7]  ; CLKi         ; CLKi        ; 0.500        ; -0.068     ; 5.337      ;
; -4.873 ; cu:inst9|lpm_rom:inst10|altrom:srom|altsyncram:rom_block|altsyncram_f301:auto_generated|ram_block1a6~porta_address_reg1 ; regg:inst7|lpm_ff:inst|dffs[7]               ; CLKi         ; CLKi        ; 0.500        ; -0.068     ; 5.337      ;
; -4.873 ; cu:inst9|lpm_rom:inst10|altrom:srom|altsyncram:rom_block|altsyncram_f301:auto_generated|ram_block1a6~porta_address_reg2 ; regg:inst7|lpm_ff:inst|dffs[7]               ; CLKi         ; CLKi        ; 0.500        ; -0.068     ; 5.337      ;
; -4.873 ; cu:inst9|lpm_rom:inst10|altrom:srom|altsyncram:rom_block|altsyncram_f301:auto_generated|ram_block1a6~porta_address_reg3 ; regg:inst7|lpm_ff:inst|dffs[7]               ; CLKi         ; CLKi        ; 0.500        ; -0.068     ; 5.337      ;
; -4.873 ; cu:inst9|lpm_rom:inst10|altrom:srom|altsyncram:rom_block|altsyncram_f301:auto_generated|ram_block1a6~porta_address_reg4 ; regg:inst7|lpm_ff:inst|dffs[7]               ; CLKi         ; CLKi        ; 0.500        ; -0.068     ; 5.337      ;
; -4.873 ; cu:inst9|lpm_rom:inst10|altrom:srom|altsyncram:rom_block|altsyncram_f301:auto_generated|ram_block1a6~porta_address_reg5 ; regg:inst7|lpm_ff:inst|dffs[7]               ; CLKi         ; CLKi        ; 0.500        ; -0.068     ; 5.337      ;
; -4.873 ; cu:inst9|lpm_rom:inst10|altrom:srom|altsyncram:rom_block|altsyncram_f301:auto_generated|ram_block1a6~porta_address_reg6 ; regg:inst7|lpm_ff:inst|dffs[7]               ; CLKi         ; CLKi        ; 0.500        ; -0.068     ; 5.337      ;
; -4.873 ; cu:inst9|lpm_rom:inst10|altrom:srom|altsyncram:rom_block|altsyncram_f301:auto_generated|ram_block1a6~porta_address_reg7 ; regg:inst7|lpm_ff:inst|dffs[7]               ; CLKi         ; CLKi        ; 0.500        ; -0.068     ; 5.337      ;
; -4.864 ; cu:inst9|lpm_rom:inst10|altrom:srom|altsyncram:rom_block|altsyncram_f301:auto_generated|ram_block1a6~porta_address_reg0 ; regg:rPC|lpm_ff:inst|dffs[7]                 ; CLKi         ; CLKi        ; 0.500        ; -0.065     ; 5.331      ;
; -4.864 ; cu:inst9|lpm_rom:inst10|altrom:srom|altsyncram:rom_block|altsyncram_f301:auto_generated|ram_block1a6~porta_address_reg1 ; regg:rPC|lpm_ff:inst|dffs[7]                 ; CLKi         ; CLKi        ; 0.500        ; -0.065     ; 5.331      ;
; -4.864 ; cu:inst9|lpm_rom:inst10|altrom:srom|altsyncram:rom_block|altsyncram_f301:auto_generated|ram_block1a6~porta_address_reg2 ; regg:rPC|lpm_ff:inst|dffs[7]                 ; CLKi         ; CLKi        ; 0.500        ; -0.065     ; 5.331      ;
; -4.864 ; cu:inst9|lpm_rom:inst10|altrom:srom|altsyncram:rom_block|altsyncram_f301:auto_generated|ram_block1a6~porta_address_reg3 ; regg:rPC|lpm_ff:inst|dffs[7]                 ; CLKi         ; CLKi        ; 0.500        ; -0.065     ; 5.331      ;
; -4.864 ; cu:inst9|lpm_rom:inst10|altrom:srom|altsyncram:rom_block|altsyncram_f301:auto_generated|ram_block1a6~porta_address_reg4 ; regg:rPC|lpm_ff:inst|dffs[7]                 ; CLKi         ; CLKi        ; 0.500        ; -0.065     ; 5.331      ;
; -4.864 ; cu:inst9|lpm_rom:inst10|altrom:srom|altsyncram:rom_block|altsyncram_f301:auto_generated|ram_block1a6~porta_address_reg5 ; regg:rPC|lpm_ff:inst|dffs[7]                 ; CLKi         ; CLKi        ; 0.500        ; -0.065     ; 5.331      ;
; -4.864 ; cu:inst9|lpm_rom:inst10|altrom:srom|altsyncram:rom_block|altsyncram_f301:auto_generated|ram_block1a6~porta_address_reg6 ; regg:rPC|lpm_ff:inst|dffs[7]                 ; CLKi         ; CLKi        ; 0.500        ; -0.065     ; 5.331      ;
; -4.864 ; cu:inst9|lpm_rom:inst10|altrom:srom|altsyncram:rom_block|altsyncram_f301:auto_generated|ram_block1a6~porta_address_reg7 ; regg:rPC|lpm_ff:inst|dffs[7]                 ; CLKi         ; CLKi        ; 0.500        ; -0.065     ; 5.331      ;
; -4.585 ; cu:inst9|lpm_rom:inst10|altrom:srom|altsyncram:rom_block|altsyncram_f301:auto_generated|ram_block1a6~porta_address_reg0 ; regg:inst20|lpm_ff:inst|dffs[7]              ; CLKi         ; CLKi        ; 0.500        ; -0.073     ; 5.044      ;
; -4.585 ; cu:inst9|lpm_rom:inst10|altrom:srom|altsyncram:rom_block|altsyncram_f301:auto_generated|ram_block1a6~porta_address_reg1 ; regg:inst20|lpm_ff:inst|dffs[7]              ; CLKi         ; CLKi        ; 0.500        ; -0.073     ; 5.044      ;
; -4.585 ; cu:inst9|lpm_rom:inst10|altrom:srom|altsyncram:rom_block|altsyncram_f301:auto_generated|ram_block1a6~porta_address_reg2 ; regg:inst20|lpm_ff:inst|dffs[7]              ; CLKi         ; CLKi        ; 0.500        ; -0.073     ; 5.044      ;
; -4.585 ; cu:inst9|lpm_rom:inst10|altrom:srom|altsyncram:rom_block|altsyncram_f301:auto_generated|ram_block1a6~porta_address_reg3 ; regg:inst20|lpm_ff:inst|dffs[7]              ; CLKi         ; CLKi        ; 0.500        ; -0.073     ; 5.044      ;
; -4.585 ; cu:inst9|lpm_rom:inst10|altrom:srom|altsyncram:rom_block|altsyncram_f301:auto_generated|ram_block1a6~porta_address_reg4 ; regg:inst20|lpm_ff:inst|dffs[7]              ; CLKi         ; CLKi        ; 0.500        ; -0.073     ; 5.044      ;
; -4.585 ; cu:inst9|lpm_rom:inst10|altrom:srom|altsyncram:rom_block|altsyncram_f301:auto_generated|ram_block1a6~porta_address_reg5 ; regg:inst20|lpm_ff:inst|dffs[7]              ; CLKi         ; CLKi        ; 0.500        ; -0.073     ; 5.044      ;
; -4.585 ; cu:inst9|lpm_rom:inst10|altrom:srom|altsyncram:rom_block|altsyncram_f301:auto_generated|ram_block1a6~porta_address_reg6 ; regg:inst20|lpm_ff:inst|dffs[7]              ; CLKi         ; CLKi        ; 0.500        ; -0.073     ; 5.044      ;
; -4.585 ; cu:inst9|lpm_rom:inst10|altrom:srom|altsyncram:rom_block|altsyncram_f301:auto_generated|ram_block1a6~porta_address_reg7 ; regg:inst20|lpm_ff:inst|dffs[7]              ; CLKi         ; CLKi        ; 0.500        ; -0.073     ; 5.044      ;
; -4.530 ; cu:inst9|lpm_rom:inst10|altrom:srom|altsyncram:rom_block|altsyncram_f301:auto_generated|ram_block1a6~porta_address_reg0 ; regset:inst4|regg:inst10|lpm_ff:inst|dffs[5] ; CLKi         ; CLKi        ; 0.500        ; -0.056     ; 5.006      ;
; -4.530 ; cu:inst9|lpm_rom:inst10|altrom:srom|altsyncram:rom_block|altsyncram_f301:auto_generated|ram_block1a6~porta_address_reg1 ; regset:inst4|regg:inst10|lpm_ff:inst|dffs[5] ; CLKi         ; CLKi        ; 0.500        ; -0.056     ; 5.006      ;
; -4.530 ; cu:inst9|lpm_rom:inst10|altrom:srom|altsyncram:rom_block|altsyncram_f301:auto_generated|ram_block1a6~porta_address_reg2 ; regset:inst4|regg:inst10|lpm_ff:inst|dffs[5] ; CLKi         ; CLKi        ; 0.500        ; -0.056     ; 5.006      ;
; -4.530 ; cu:inst9|lpm_rom:inst10|altrom:srom|altsyncram:rom_block|altsyncram_f301:auto_generated|ram_block1a6~porta_address_reg3 ; regset:inst4|regg:inst10|lpm_ff:inst|dffs[5] ; CLKi         ; CLKi        ; 0.500        ; -0.056     ; 5.006      ;
; -4.530 ; cu:inst9|lpm_rom:inst10|altrom:srom|altsyncram:rom_block|altsyncram_f301:auto_generated|ram_block1a6~porta_address_reg4 ; regset:inst4|regg:inst10|lpm_ff:inst|dffs[5] ; CLKi         ; CLKi        ; 0.500        ; -0.056     ; 5.006      ;
; -4.530 ; cu:inst9|lpm_rom:inst10|altrom:srom|altsyncram:rom_block|altsyncram_f301:auto_generated|ram_block1a6~porta_address_reg5 ; regset:inst4|regg:inst10|lpm_ff:inst|dffs[5] ; CLKi         ; CLKi        ; 0.500        ; -0.056     ; 5.006      ;
; -4.530 ; cu:inst9|lpm_rom:inst10|altrom:srom|altsyncram:rom_block|altsyncram_f301:auto_generated|ram_block1a6~porta_address_reg6 ; regset:inst4|regg:inst10|lpm_ff:inst|dffs[5] ; CLKi         ; CLKi        ; 0.500        ; -0.056     ; 5.006      ;
; -4.530 ; cu:inst9|lpm_rom:inst10|altrom:srom|altsyncram:rom_block|altsyncram_f301:auto_generated|ram_block1a6~porta_address_reg7 ; regset:inst4|regg:inst10|lpm_ff:inst|dffs[5] ; CLKi         ; CLKi        ; 0.500        ; -0.056     ; 5.006      ;
; -4.498 ; cu:inst9|lpm_rom:inst10|altrom:srom|altsyncram:rom_block|altsyncram_f301:auto_generated|ram_block1a6~porta_address_reg0 ; regg:inst20|lpm_ff:inst|dffs[2]              ; CLKi         ; CLKi        ; 0.500        ; -0.073     ; 4.957      ;
; -4.498 ; cu:inst9|lpm_rom:inst10|altrom:srom|altsyncram:rom_block|altsyncram_f301:auto_generated|ram_block1a6~porta_address_reg1 ; regg:inst20|lpm_ff:inst|dffs[2]              ; CLKi         ; CLKi        ; 0.500        ; -0.073     ; 4.957      ;
; -4.498 ; cu:inst9|lpm_rom:inst10|altrom:srom|altsyncram:rom_block|altsyncram_f301:auto_generated|ram_block1a6~porta_address_reg2 ; regg:inst20|lpm_ff:inst|dffs[2]              ; CLKi         ; CLKi        ; 0.500        ; -0.073     ; 4.957      ;
; -4.498 ; cu:inst9|lpm_rom:inst10|altrom:srom|altsyncram:rom_block|altsyncram_f301:auto_generated|ram_block1a6~porta_address_reg3 ; regg:inst20|lpm_ff:inst|dffs[2]              ; CLKi         ; CLKi        ; 0.500        ; -0.073     ; 4.957      ;
; -4.498 ; cu:inst9|lpm_rom:inst10|altrom:srom|altsyncram:rom_block|altsyncram_f301:auto_generated|ram_block1a6~porta_address_reg4 ; regg:inst20|lpm_ff:inst|dffs[2]              ; CLKi         ; CLKi        ; 0.500        ; -0.073     ; 4.957      ;
; -4.498 ; cu:inst9|lpm_rom:inst10|altrom:srom|altsyncram:rom_block|altsyncram_f301:auto_generated|ram_block1a6~porta_address_reg5 ; regg:inst20|lpm_ff:inst|dffs[2]              ; CLKi         ; CLKi        ; 0.500        ; -0.073     ; 4.957      ;
; -4.498 ; cu:inst9|lpm_rom:inst10|altrom:srom|altsyncram:rom_block|altsyncram_f301:auto_generated|ram_block1a6~porta_address_reg6 ; regg:inst20|lpm_ff:inst|dffs[2]              ; CLKi         ; CLKi        ; 0.500        ; -0.073     ; 4.957      ;
; -4.498 ; cu:inst9|lpm_rom:inst10|altrom:srom|altsyncram:rom_block|altsyncram_f301:auto_generated|ram_block1a6~porta_address_reg7 ; regg:inst20|lpm_ff:inst|dffs[2]              ; CLKi         ; CLKi        ; 0.500        ; -0.073     ; 4.957      ;
; -4.478 ; cu:inst9|lpm_rom:inst10|altrom:srom|altsyncram:rom_block|altsyncram_f301:auto_generated|ram_block1a6~porta_address_reg0 ; regg:inst7|lpm_ff:inst|dffs[6]               ; CLKi         ; CLKi        ; 0.500        ; -0.068     ; 4.942      ;
; -4.478 ; cu:inst9|lpm_rom:inst10|altrom:srom|altsyncram:rom_block|altsyncram_f301:auto_generated|ram_block1a6~porta_address_reg1 ; regg:inst7|lpm_ff:inst|dffs[6]               ; CLKi         ; CLKi        ; 0.500        ; -0.068     ; 4.942      ;
; -4.478 ; cu:inst9|lpm_rom:inst10|altrom:srom|altsyncram:rom_block|altsyncram_f301:auto_generated|ram_block1a6~porta_address_reg2 ; regg:inst7|lpm_ff:inst|dffs[6]               ; CLKi         ; CLKi        ; 0.500        ; -0.068     ; 4.942      ;
; -4.478 ; cu:inst9|lpm_rom:inst10|altrom:srom|altsyncram:rom_block|altsyncram_f301:auto_generated|ram_block1a6~porta_address_reg3 ; regg:inst7|lpm_ff:inst|dffs[6]               ; CLKi         ; CLKi        ; 0.500        ; -0.068     ; 4.942      ;
; -4.478 ; cu:inst9|lpm_rom:inst10|altrom:srom|altsyncram:rom_block|altsyncram_f301:auto_generated|ram_block1a6~porta_address_reg4 ; regg:inst7|lpm_ff:inst|dffs[6]               ; CLKi         ; CLKi        ; 0.500        ; -0.068     ; 4.942      ;
; -4.478 ; cu:inst9|lpm_rom:inst10|altrom:srom|altsyncram:rom_block|altsyncram_f301:auto_generated|ram_block1a6~porta_address_reg5 ; regg:inst7|lpm_ff:inst|dffs[6]               ; CLKi         ; CLKi        ; 0.500        ; -0.068     ; 4.942      ;
; -4.478 ; cu:inst9|lpm_rom:inst10|altrom:srom|altsyncram:rom_block|altsyncram_f301:auto_generated|ram_block1a6~porta_address_reg6 ; regg:inst7|lpm_ff:inst|dffs[6]               ; CLKi         ; CLKi        ; 0.500        ; -0.068     ; 4.942      ;
; -4.478 ; cu:inst9|lpm_rom:inst10|altrom:srom|altsyncram:rom_block|altsyncram_f301:auto_generated|ram_block1a6~porta_address_reg7 ; regg:inst7|lpm_ff:inst|dffs[6]               ; CLKi         ; CLKi        ; 0.500        ; -0.068     ; 4.942      ;
; -4.473 ; cu:inst9|lpm_rom:inst10|altrom:srom|altsyncram:rom_block|altsyncram_f301:auto_generated|ram_block1a6~porta_address_reg0 ; regg:inst199|lpm_ff:inst|dffs[6]             ; CLKi         ; CLKi        ; 0.500        ; -0.103     ; 4.902      ;
; -4.473 ; cu:inst9|lpm_rom:inst10|altrom:srom|altsyncram:rom_block|altsyncram_f301:auto_generated|ram_block1a6~porta_address_reg1 ; regg:inst199|lpm_ff:inst|dffs[6]             ; CLKi         ; CLKi        ; 0.500        ; -0.103     ; 4.902      ;
; -4.473 ; cu:inst9|lpm_rom:inst10|altrom:srom|altsyncram:rom_block|altsyncram_f301:auto_generated|ram_block1a6~porta_address_reg2 ; regg:inst199|lpm_ff:inst|dffs[6]             ; CLKi         ; CLKi        ; 0.500        ; -0.103     ; 4.902      ;
; -4.473 ; cu:inst9|lpm_rom:inst10|altrom:srom|altsyncram:rom_block|altsyncram_f301:auto_generated|ram_block1a6~porta_address_reg3 ; regg:inst199|lpm_ff:inst|dffs[6]             ; CLKi         ; CLKi        ; 0.500        ; -0.103     ; 4.902      ;
; -4.473 ; cu:inst9|lpm_rom:inst10|altrom:srom|altsyncram:rom_block|altsyncram_f301:auto_generated|ram_block1a6~porta_address_reg4 ; regg:inst199|lpm_ff:inst|dffs[6]             ; CLKi         ; CLKi        ; 0.500        ; -0.103     ; 4.902      ;
; -4.473 ; cu:inst9|lpm_rom:inst10|altrom:srom|altsyncram:rom_block|altsyncram_f301:auto_generated|ram_block1a6~porta_address_reg5 ; regg:inst199|lpm_ff:inst|dffs[6]             ; CLKi         ; CLKi        ; 0.500        ; -0.103     ; 4.902      ;
; -4.473 ; cu:inst9|lpm_rom:inst10|altrom:srom|altsyncram:rom_block|altsyncram_f301:auto_generated|ram_block1a6~porta_address_reg6 ; regg:inst199|lpm_ff:inst|dffs[6]             ; CLKi         ; CLKi        ; 0.500        ; -0.103     ; 4.902      ;
; -4.473 ; cu:inst9|lpm_rom:inst10|altrom:srom|altsyncram:rom_block|altsyncram_f301:auto_generated|ram_block1a6~porta_address_reg7 ; regg:inst199|lpm_ff:inst|dffs[6]             ; CLKi         ; CLKi        ; 0.500        ; -0.103     ; 4.902      ;
; -4.470 ; cu:inst9|lpm_rom:inst10|altrom:srom|altsyncram:rom_block|altsyncram_f301:auto_generated|ram_block1a6~porta_address_reg0 ; regg:inst199|lpm_ff:inst|dffs[5]             ; CLKi         ; CLKi        ; 0.500        ; -0.083     ; 4.919      ;
; -4.470 ; cu:inst9|lpm_rom:inst10|altrom:srom|altsyncram:rom_block|altsyncram_f301:auto_generated|ram_block1a6~porta_address_reg1 ; regg:inst199|lpm_ff:inst|dffs[5]             ; CLKi         ; CLKi        ; 0.500        ; -0.083     ; 4.919      ;
; -4.470 ; cu:inst9|lpm_rom:inst10|altrom:srom|altsyncram:rom_block|altsyncram_f301:auto_generated|ram_block1a6~porta_address_reg2 ; regg:inst199|lpm_ff:inst|dffs[5]             ; CLKi         ; CLKi        ; 0.500        ; -0.083     ; 4.919      ;
; -4.470 ; cu:inst9|lpm_rom:inst10|altrom:srom|altsyncram:rom_block|altsyncram_f301:auto_generated|ram_block1a6~porta_address_reg3 ; regg:inst199|lpm_ff:inst|dffs[5]             ; CLKi         ; CLKi        ; 0.500        ; -0.083     ; 4.919      ;
; -4.470 ; cu:inst9|lpm_rom:inst10|altrom:srom|altsyncram:rom_block|altsyncram_f301:auto_generated|ram_block1a6~porta_address_reg4 ; regg:inst199|lpm_ff:inst|dffs[5]             ; CLKi         ; CLKi        ; 0.500        ; -0.083     ; 4.919      ;
; -4.470 ; cu:inst9|lpm_rom:inst10|altrom:srom|altsyncram:rom_block|altsyncram_f301:auto_generated|ram_block1a6~porta_address_reg5 ; regg:inst199|lpm_ff:inst|dffs[5]             ; CLKi         ; CLKi        ; 0.500        ; -0.083     ; 4.919      ;
; -4.470 ; cu:inst9|lpm_rom:inst10|altrom:srom|altsyncram:rom_block|altsyncram_f301:auto_generated|ram_block1a6~porta_address_reg6 ; regg:inst199|lpm_ff:inst|dffs[5]             ; CLKi         ; CLKi        ; 0.500        ; -0.083     ; 4.919      ;
; -4.470 ; cu:inst9|lpm_rom:inst10|altrom:srom|altsyncram:rom_block|altsyncram_f301:auto_generated|ram_block1a6~porta_address_reg7 ; regg:inst199|lpm_ff:inst|dffs[5]             ; CLKi         ; CLKi        ; 0.500        ; -0.083     ; 4.919      ;
; -4.462 ; cu:inst9|lpm_rom:inst10|altrom:srom|altsyncram:rom_block|altsyncram_f301:auto_generated|ram_block1a6~porta_address_reg0 ; regset:inst4|regg:inst|lpm_ff:inst|dffs[2]   ; CLKi         ; CLKi        ; 0.500        ; -0.066     ; 4.928      ;
; -4.462 ; cu:inst9|lpm_rom:inst10|altrom:srom|altsyncram:rom_block|altsyncram_f301:auto_generated|ram_block1a6~porta_address_reg1 ; regset:inst4|regg:inst|lpm_ff:inst|dffs[2]   ; CLKi         ; CLKi        ; 0.500        ; -0.066     ; 4.928      ;
; -4.462 ; cu:inst9|lpm_rom:inst10|altrom:srom|altsyncram:rom_block|altsyncram_f301:auto_generated|ram_block1a6~porta_address_reg2 ; regset:inst4|regg:inst|lpm_ff:inst|dffs[2]   ; CLKi         ; CLKi        ; 0.500        ; -0.066     ; 4.928      ;
; -4.462 ; cu:inst9|lpm_rom:inst10|altrom:srom|altsyncram:rom_block|altsyncram_f301:auto_generated|ram_block1a6~porta_address_reg3 ; regset:inst4|regg:inst|lpm_ff:inst|dffs[2]   ; CLKi         ; CLKi        ; 0.500        ; -0.066     ; 4.928      ;
+--------+-------------------------------------------------------------------------------------------------------------------------+----------------------------------------------+--------------+-------------+--------------+------------+------------+


+-------------------------------------------------------------------------------------------------------------------------------------------------------------------------------------------------------------------------------------------------+
; Fast Model Hold: 'CLKi'                                                                                                                                                                                                                         ;
+--------+----------------------------------------+-------------------------------------------------------------------------------------------------------------------------+--------------+-------------+--------------+------------+------------+
; Slack  ; From Node                              ; To Node                                                                                                                 ; Launch Clock ; Latch Clock ; Relationship ; Clock Skew ; Data Delay ;
+--------+----------------------------------------+-------------------------------------------------------------------------------------------------------------------------+--------------+-------------+--------------+------------+------------+
; -0.633 ; CLKi                                   ; asyncram:inst26|data_in[6]                                                                                              ; CLKi         ; CLKi        ; 0.000        ; 3.363      ; 2.730      ;
; -0.616 ; CLKi                                   ; asyncram:inst26|data_in[2]                                                                                              ; CLKi         ; CLKi        ; 0.000        ; 3.366      ; 2.750      ;
; -0.592 ; CLKi                                   ; asyncram:inst26|data_in[3]                                                                                              ; CLKi         ; CLKi        ; 0.000        ; 3.401      ; 2.809      ;
; -0.577 ; CLKi                                   ; asyncram:inst26|data_in[5]                                                                                              ; CLKi         ; CLKi        ; 0.000        ; 3.368      ; 2.791      ;
; -0.571 ; CLKi                                   ; asyncram:inst26|data_in[7]                                                                                              ; CLKi         ; CLKi        ; 0.000        ; 3.351      ; 2.780      ;
; -0.567 ; CLKi                                   ; asyncram:inst26|data_in[0]                                                                                              ; CLKi         ; CLKi        ; 0.000        ; 3.324      ; 2.757      ;
; -0.513 ; CLKi                                   ; asyncram:inst26|data_in[1]                                                                                              ; CLKi         ; CLKi        ; 0.000        ; 3.351      ; 2.838      ;
; -0.510 ; CLKi                                   ; asyncram:inst26|data_in[4]                                                                                              ; CLKi         ; CLKi        ; 0.000        ; 3.366      ; 2.856      ;
; -0.340 ; CLKi                                   ; regg:inst20|lpm_ff:inst|dffs[2]                                                                                         ; CLKi         ; CLKi        ; 0.000        ; 3.027      ; 2.839      ;
; -0.331 ; CLKi                                   ; regg:inst20|lpm_ff:inst|dffs[6]                                                                                         ; CLKi         ; CLKi        ; 0.000        ; 3.027      ; 2.848      ;
; -0.259 ; CLKi                                   ; regg:inst20|lpm_ff:inst|dffs[3]                                                                                         ; CLKi         ; CLKi        ; 0.000        ; 3.027      ; 2.920      ;
; -0.253 ; CLKi                                   ; regg:inst20|lpm_ff:inst|dffs[1]                                                                                         ; CLKi         ; CLKi        ; 0.000        ; 3.027      ; 2.926      ;
; -0.235 ; CLKi                                   ; regg:inst20|lpm_ff:inst|dffs[0]                                                                                         ; CLKi         ; CLKi        ; 0.000        ; 2.987      ; 2.904      ;
; -0.234 ; CLKi                                   ; regg:inst20|lpm_ff:inst|dffs[7]                                                                                         ; CLKi         ; CLKi        ; 0.000        ; 3.027      ; 2.945      ;
; -0.233 ; CLKi                                   ; regg:inst20|lpm_ff:inst|dffs[5]                                                                                         ; CLKi         ; CLKi        ; 0.000        ; 2.996      ; 2.915      ;
; -0.223 ; CLKi                                   ; regg:inst20|lpm_ff:inst|dffs[4]                                                                                         ; CLKi         ; CLKi        ; 0.000        ; 3.036      ; 2.965      ;
; -0.133 ; CLKi                                   ; asyncram:inst26|data_in[6]                                                                                              ; CLKi         ; CLKi        ; -0.500       ; 3.363      ; 2.730      ;
; -0.116 ; CLKi                                   ; asyncram:inst26|data_in[2]                                                                                              ; CLKi         ; CLKi        ; -0.500       ; 3.366      ; 2.750      ;
; -0.092 ; CLKi                                   ; asyncram:inst26|data_in[3]                                                                                              ; CLKi         ; CLKi        ; -0.500       ; 3.401      ; 2.809      ;
; -0.077 ; CLKi                                   ; asyncram:inst26|data_in[5]                                                                                              ; CLKi         ; CLKi        ; -0.500       ; 3.368      ; 2.791      ;
; -0.071 ; CLKi                                   ; asyncram:inst26|data_in[7]                                                                                              ; CLKi         ; CLKi        ; -0.500       ; 3.351      ; 2.780      ;
; -0.067 ; CLKi                                   ; asyncram:inst26|data_in[0]                                                                                              ; CLKi         ; CLKi        ; -0.500       ; 3.324      ; 2.757      ;
; -0.013 ; CLKi                                   ; asyncram:inst26|data_in[1]                                                                                              ; CLKi         ; CLKi        ; -0.500       ; 3.351      ; 2.838      ;
; -0.010 ; CLKi                                   ; asyncram:inst26|data_in[4]                                                                                              ; CLKi         ; CLKi        ; -0.500       ; 3.366      ; 2.856      ;
; 0.160  ; CLKi                                   ; regg:inst20|lpm_ff:inst|dffs[2]                                                                                         ; CLKi         ; CLKi        ; -0.500       ; 3.027      ; 2.839      ;
; 0.169  ; CLKi                                   ; regg:inst20|lpm_ff:inst|dffs[6]                                                                                         ; CLKi         ; CLKi        ; -0.500       ; 3.027      ; 2.848      ;
; 0.222  ; asyncram:inst26|data_in[7]             ; asyncram:inst26|mem[154][7]                                                                                             ; CLKi         ; CLKi        ; -0.500       ; 0.168      ; 0.042      ;
; 0.241  ; CLKi                                   ; regg:inst20|lpm_ff:inst|dffs[3]                                                                                         ; CLKi         ; CLKi        ; -0.500       ; 3.027      ; 2.920      ;
; 0.247  ; CLKi                                   ; regg:inst20|lpm_ff:inst|dffs[1]                                                                                         ; CLKi         ; CLKi        ; -0.500       ; 3.027      ; 2.926      ;
; 0.265  ; CLKi                                   ; regg:inst20|lpm_ff:inst|dffs[0]                                                                                         ; CLKi         ; CLKi        ; -0.500       ; 2.987      ; 2.904      ;
; 0.266  ; CLKi                                   ; regg:inst20|lpm_ff:inst|dffs[7]                                                                                         ; CLKi         ; CLKi        ; -0.500       ; 3.027      ; 2.945      ;
; 0.267  ; CLKi                                   ; regg:inst20|lpm_ff:inst|dffs[5]                                                                                         ; CLKi         ; CLKi        ; -0.500       ; 2.996      ; 2.915      ;
; 0.277  ; CLKi                                   ; regg:inst20|lpm_ff:inst|dffs[4]                                                                                         ; CLKi         ; CLKi        ; -0.500       ; 3.036      ; 2.965      ;
; 0.358  ; regg:inst20|lpm_ff:inst|dffs[5]        ; asyncram:inst26|data_in[5]                                                                                              ; CLKi         ; CLKi        ; 0.000        ; 0.372      ; 0.730      ;
; 0.378  ; regg:inst20|lpm_ff:inst|dffs[0]        ; asyncram:inst26|data_in[0]                                                                                              ; CLKi         ; CLKi        ; 0.000        ; 0.337      ; 0.715      ;
; 0.396  ; regg:rPC|lpm_ff:inst|dffs[3]           ; regg:inst199|lpm_ff:inst|dffs[3]                                                                                        ; CLKi         ; CLKi        ; 0.000        ; 0.000      ; 0.548      ;
; 0.403  ; asyncram:inst26|data_in[0]             ; asyncram:inst26|mem[216][0]                                                                                             ; CLKi         ; CLKi        ; -0.500       ; 0.157      ; 0.212      ;
; 0.440  ; asyncram:inst26|data_in[5]             ; asyncram:inst26|mem[169][5]                                                                                             ; CLKi         ; CLKi        ; -0.500       ; 0.122      ; 0.214      ;
; 0.508  ; regg:rPC|lpm_ff:inst|dffs[1]           ; regset:inst4|regg:inst|lpm_ff:inst|dffs[1]                                                                              ; CLKi         ; CLKi        ; 0.000        ; 0.000      ; 0.660      ;
; 0.525  ; regg:inst20|lpm_ff:inst|dffs[6]        ; asyncram:inst26|data_in[6]                                                                                              ; CLKi         ; CLKi        ; 0.000        ; 0.336      ; 0.861      ;
; 0.527  ; regg:inst20|lpm_ff:inst|dffs[2]        ; asyncram:inst26|data_in[2]                                                                                              ; CLKi         ; CLKi        ; 0.000        ; 0.339      ; 0.866      ;
; 0.583  ; cu:inst9|reg:inst8|lpm_ff:inst|dffs[7] ; cu:inst9|reg:inst8|lpm_ff:inst|dffs[7]                                                                                  ; CLKi         ; CLKi        ; 0.000        ; 0.000      ; 0.735      ;
; 0.585  ; regg:inst7|lpm_ff:inst|dffs[5]         ; cu:inst9|reg:inst8|lpm_ff:inst|dffs[5]                                                                                  ; CLKi         ; CLKi        ; 0.000        ; 0.007      ; 0.744      ;
; 0.600  ; regg:inst7|lpm_ff:inst|dffs[4]         ; cu:inst9|reg:inst8|lpm_ff:inst|dffs[4]                                                                                  ; CLKi         ; CLKi        ; 0.000        ; 0.007      ; 0.759      ;
; 0.609  ; asyncram:inst26|data_in[1]             ; asyncram:inst26|mem[128][1]                                                                                             ; CLKi         ; CLKi        ; -0.500       ; 0.188      ; 0.449      ;
; 0.610  ; regg:rPC|lpm_ff:inst|dffs[7]           ; regg:rFLAG|lpm_ff:inst|dffs[0]                                                                                          ; CLKi         ; CLKi        ; 0.000        ; 0.000      ; 0.762      ;
; 0.612  ; cu:inst9|reg:inst8|lpm_ff:inst|dffs[1] ; cu:inst9|reg:inst8|lpm_ff:inst|dffs[1]                                                                                  ; CLKi         ; CLKi        ; 0.000        ; 0.000      ; 0.764      ;
; 0.616  ; regg:rPC|lpm_ff:inst|dffs[4]           ; regg:inst20|lpm_ff:inst|dffs[4]                                                                                         ; CLKi         ; CLKi        ; 0.000        ; -0.001     ; 0.767      ;
; 0.621  ; regg:inst20|lpm_ff:inst|dffs[0]        ; regg:inst20|lpm_ff:inst|dffs[0]                                                                                         ; CLKi         ; CLKi        ; 0.000        ; 0.000      ; 0.773      ;
; 0.644  ; asyncram:inst26|data_in[2]             ; asyncram:inst26|mem[122][2]                                                                                             ; CLKi         ; CLKi        ; -0.500       ; 0.165      ; 0.461      ;
; 0.653  ; cu:inst9|reg:inst8|lpm_ff:inst|dffs[3] ; cu:inst9|reg:inst8|lpm_ff:inst|dffs[3]                                                                                  ; CLKi         ; CLKi        ; 0.000        ; 0.000      ; 0.805      ;
; 0.669  ; regg:inst7|lpm_ff:inst|dffs[6]         ; cu:inst9|reg:inst8|lpm_ff:inst|dffs[6]                                                                                  ; CLKi         ; CLKi        ; 0.000        ; 0.007      ; 0.828      ;
; 0.689  ; asyncram:inst26|data_in[1]             ; asyncram:inst26|mem[239][1]                                                                                             ; CLKi         ; CLKi        ; -0.500       ; 0.185      ; 0.526      ;
; 0.689  ; asyncram:inst26|data_in[1]             ; asyncram:inst26|mem[255][1]                                                                                             ; CLKi         ; CLKi        ; -0.500       ; 0.185      ; 0.526      ;
; 0.690  ; cu:inst9|reg:inst8|lpm_ff:inst|dffs[0] ; cu:inst9|reg:inst8|lpm_ff:inst|dffs[0]                                                                                  ; CLKi         ; CLKi        ; 0.000        ; 0.000      ; 0.842      ;
; 0.690  ; asyncram:inst26|data_in[7]             ; asyncram:inst26|mem[249][7]                                                                                             ; CLKi         ; CLKi        ; -0.500       ; 0.198      ; 0.540      ;
; 0.695  ; asyncram:inst26|data_in[7]             ; asyncram:inst26|mem[184][7]                                                                                             ; CLKi         ; CLKi        ; -0.500       ; 0.197      ; 0.544      ;
; 0.698  ; asyncram:inst26|data_in[7]             ; asyncram:inst26|mem[136][7]                                                                                             ; CLKi         ; CLKi        ; -0.500       ; 0.197      ; 0.547      ;
; 0.702  ; regg:inst20|lpm_ff:inst|dffs[5]        ; regg:inst20|lpm_ff:inst|dffs[5]                                                                                         ; CLKi         ; CLKi        ; 0.000        ; 0.000      ; 0.854      ;
; 0.707  ; regg:rPC|lpm_ff:inst|dffs[7]           ; regset:inst4|regg:inst10|lpm_ff:inst|dffs[7]                                                                            ; CLKi         ; CLKi        ; 0.000        ; -0.008     ; 0.851      ;
; 0.713  ; asyncram:inst26|data_in[1]             ; asyncram:inst26|mem[103][1]                                                                                             ; CLKi         ; CLKi        ; -0.500       ; 0.181      ; 0.546      ;
; 0.715  ; asyncram:inst26|data_in[1]             ; asyncram:inst26|mem[231][1]                                                                                             ; CLKi         ; CLKi        ; -0.500       ; 0.181      ; 0.548      ;
; 0.717  ; asyncram:inst26|data_in[1]             ; asyncram:inst26|mem[170][1]                                                                                             ; CLKi         ; CLKi        ; -0.500       ; 0.191      ; 0.560      ;
; 0.719  ; cu:inst9|reg:inst8|lpm_ff:inst|dffs[1] ; cu:inst9|reg:inst8|lpm_ff:inst|dffs[3]                                                                                  ; CLKi         ; CLKi        ; 0.000        ; 0.000      ; 0.871      ;
; 0.721  ; asyncram:inst26|data_in[1]             ; asyncram:inst26|mem[151][1]                                                                                             ; CLKi         ; CLKi        ; -0.500       ; 0.168      ; 0.541      ;
; 0.725  ; asyncram:inst26|data_in[5]             ; asyncram:inst26|mem[69][5]                                                                                              ; CLKi         ; CLKi        ; -0.500       ; 0.142      ; 0.519      ;
; 0.727  ; asyncram:inst26|data_in[5]             ; asyncram:inst26|mem[70][5]                                                                                              ; CLKi         ; CLKi        ; -0.500       ; 0.142      ; 0.521      ;
; 0.741  ; regg:rPC|lpm_ff:inst|dffs[3]           ; regset:inst4|regg:inst9|lpm_ff:inst|dffs[3]                                                                             ; CLKi         ; CLKi        ; 0.000        ; 0.001      ; 0.894      ;
; 0.743  ; regg:rPC|lpm_ff:inst|dffs[3]           ; regset:inst4|regg:inst10|lpm_ff:inst|dffs[3]                                                                            ; CLKi         ; CLKi        ; 0.000        ; 0.001      ; 0.896      ;
; 0.749  ; asyncram:inst26|data_in[7]             ; asyncram:inst26|mem[58][7]                                                                                              ; CLKi         ; CLKi        ; -0.500       ; 0.190      ; 0.591      ;
; 0.753  ; regg:inst20|lpm_ff:inst|dffs[7]        ; asyncram:inst26|data_in[7]                                                                                              ; CLKi         ; CLKi        ; 0.000        ; 0.324      ; 1.077      ;
; 0.762  ; cu:inst9|reg:inst8|lpm_ff:inst|dffs[5] ; cu:inst9|reg:inst8|lpm_ff:inst|dffs[7]                                                                                  ; CLKi         ; CLKi        ; 0.000        ; 0.000      ; 0.914      ;
; 0.765  ; regg:rPC|lpm_ff:inst|dffs[1]           ; regg:rPC|lpm_ff:inst|dffs[1]                                                                                            ; CLKi         ; CLKi        ; 0.000        ; 0.000      ; 0.917      ;
; 0.765  ; asyncram:inst26|data_in[4]             ; asyncram:inst26|mem[249][4]                                                                                             ; CLKi         ; CLKi        ; -0.500       ; 0.183      ; 0.600      ;
; 0.773  ; cu:inst9|reg:inst8|lpm_ff:inst|dffs[0] ; cu:inst9|reg:inst8|lpm_ff:inst|dffs[1]                                                                                  ; CLKi         ; CLKi        ; 0.000        ; 0.000      ; 0.925      ;
; 0.780  ; asyncram:inst26|data_in[0]             ; asyncram:inst26|mem[217][0]                                                                                             ; CLKi         ; CLKi        ; -0.500       ; 0.178      ; 0.610      ;
; 0.786  ; cu:inst9|reg:inst8|lpm_ff:inst|dffs[2] ; cu:inst9|reg:inst8|lpm_ff:inst|dffs[3]                                                                                  ; CLKi         ; CLKi        ; 0.000        ; 0.000      ; 0.938      ;
; 0.786  ; asyncram:inst26|data_in[0]             ; asyncram:inst26|mem[106][0]                                                                                             ; CLKi         ; CLKi        ; -0.500       ; 0.177      ; 0.615      ;
; 0.786  ; asyncram:inst26|data_in[0]             ; asyncram:inst26|mem[110][0]                                                                                             ; CLKi         ; CLKi        ; -0.500       ; 0.177      ; 0.615      ;
; 0.786  ; asyncram:inst26|data_in[5]             ; asyncram:inst26|mem[142][5]                                                                                             ; CLKi         ; CLKi        ; -0.500       ; 0.143      ; 0.581      ;
; 0.787  ; asyncram:inst26|data_in[2]             ; asyncram:inst26|mem[19][2]                                                                                              ; CLKi         ; CLKi        ; -0.500       ; 0.145      ; 0.584      ;
; 0.789  ; asyncram:inst26|data_in[4]             ; asyncram:inst26|mem[127][4]                                                                                             ; CLKi         ; CLKi        ; -0.500       ; 0.165      ; 0.606      ;
; 0.791  ; cu:inst9|reg:inst8|lpm_ff:inst|dffs[0] ; cu:inst9|reg:inst8|lpm_ff:inst|dffs[3]                                                                                  ; CLKi         ; CLKi        ; 0.000        ; 0.000      ; 0.943      ;
; 0.791  ; asyncram:inst26|data_in[0]             ; asyncram:inst26|mem[34][0]                                                                                              ; CLKi         ; CLKi        ; -0.500       ; 0.176      ; 0.619      ;
; 0.792  ; asyncram:inst26|data_in[1]             ; asyncram:inst26|mem[58][1]                                                                                              ; CLKi         ; CLKi        ; -0.500       ; 0.182      ; 0.626      ;
; 0.793  ; cu:inst9|reg:inst8|lpm_ff:inst|dffs[3] ; cu:inst9|lpm_rom:inst10|altrom:srom|altsyncram:rom_block|altsyncram_f301:auto_generated|ram_block1a2~porta_address_reg3 ; CLKi         ; CLKi        ; -0.500       ; 0.057      ; 0.488      ;
; 0.794  ; cu:inst9|reg:inst8|lpm_ff:inst|dffs[2] ; cu:inst9|lpm_rom:inst10|altrom:srom|altsyncram:rom_block|altsyncram_f301:auto_generated|ram_block1a2~porta_address_reg2 ; CLKi         ; CLKi        ; -0.500       ; 0.057      ; 0.489      ;
; 0.794  ; cu:inst9|reg:inst8|lpm_ff:inst|dffs[1] ; cu:inst9|lpm_rom:inst10|altrom:srom|altsyncram:rom_block|altsyncram_f301:auto_generated|ram_block1a2~porta_address_reg1 ; CLKi         ; CLKi        ; -0.500       ; 0.057      ; 0.489      ;
; 0.794  ; asyncram:inst26|data_in[6]             ; asyncram:inst26|mem[98][6]                                                                                              ; CLKi         ; CLKi        ; -0.500       ; 0.178      ; 0.624      ;
; 0.797  ; asyncram:inst26|data_in[4]             ; asyncram:inst26|mem[133][4]                                                                                             ; CLKi         ; CLKi        ; -0.500       ; 0.148      ; 0.597      ;
; 0.797  ; asyncram:inst26|data_in[4]             ; asyncram:inst26|mem[135][4]                                                                                             ; CLKi         ; CLKi        ; -0.500       ; 0.148      ; 0.597      ;
; 0.797  ; asyncram:inst26|data_in[0]             ; asyncram:inst26|mem[25][0]                                                                                              ; CLKi         ; CLKi        ; -0.500       ; 0.177      ; 0.626      ;
; 0.797  ; asyncram:inst26|data_in[0]             ; asyncram:inst26|mem[41][0]                                                                                              ; CLKi         ; CLKi        ; -0.500       ; 0.177      ; 0.626      ;
; 0.798  ; asyncram:inst26|data_in[6]             ; asyncram:inst26|mem[127][6]                                                                                             ; CLKi         ; CLKi        ; -0.500       ; 0.168      ; 0.618      ;
; 0.800  ; asyncram:inst26|data_in[5]             ; asyncram:inst26|mem[175][5]                                                                                             ; CLKi         ; CLKi        ; -0.500       ; 0.170      ; 0.622      ;
; 0.801  ; asyncram:inst26|data_in[5]             ; asyncram:inst26|mem[174][5]                                                                                             ; CLKi         ; CLKi        ; -0.500       ; 0.170      ; 0.623      ;
; 0.802  ; asyncram:inst26|data_in[6]             ; asyncram:inst26|mem[158][6]                                                                                             ; CLKi         ; CLKi        ; -0.500       ; 0.121      ; 0.575      ;
; 0.802  ; asyncram:inst26|data_in[0]             ; asyncram:inst26|mem[142][0]                                                                                             ; CLKi         ; CLKi        ; -0.500       ; 0.187      ; 0.641      ;
; 0.803  ; regg:inst20|lpm_ff:inst|dffs[2]        ; regg:inst20|lpm_ff:inst|dffs[2]                                                                                         ; CLKi         ; CLKi        ; 0.000        ; 0.000      ; 0.955      ;
; 0.805  ; asyncram:inst26|data_in[1]             ; asyncram:inst26|mem[59][1]                                                                                              ; CLKi         ; CLKi        ; -0.500       ; 0.189      ; 0.646      ;
+--------+----------------------------------------+-------------------------------------------------------------------------------------------------------------------------+--------------+-------------+--------------+------------+------------+


+----------------------------------------------------------------------------------------------------------------------------------------------------------------------------------------------------------+
; Fast Model Minimum Pulse Width: 'CLKi'                                                                                                                                                                   ;
+--------+--------------+----------------+------------------+-------+------------+-------------------------------------------------------------------------------------------------------------------------+
; Slack  ; Actual Width ; Required Width ; Type             ; Clock ; Clock Edge ; Target                                                                                                                  ;
+--------+--------------+----------------+------------------+-------+------------+-------------------------------------------------------------------------------------------------------------------------+
; -1.423 ; 0.500        ; 1.923          ; High Pulse Width ; CLKi  ; Fall       ; cu:inst9|lpm_rom:inst10|altrom:srom|altsyncram:rom_block|altsyncram_f301:auto_generated|ram_block1a0~porta_address_reg0 ;
; -1.423 ; 0.500        ; 1.923          ; Low Pulse Width  ; CLKi  ; Fall       ; cu:inst9|lpm_rom:inst10|altrom:srom|altsyncram:rom_block|altsyncram_f301:auto_generated|ram_block1a0~porta_address_reg0 ;
; -1.423 ; 0.500        ; 1.923          ; High Pulse Width ; CLKi  ; Fall       ; cu:inst9|lpm_rom:inst10|altrom:srom|altsyncram:rom_block|altsyncram_f301:auto_generated|ram_block1a0~porta_address_reg1 ;
; -1.423 ; 0.500        ; 1.923          ; Low Pulse Width  ; CLKi  ; Fall       ; cu:inst9|lpm_rom:inst10|altrom:srom|altsyncram:rom_block|altsyncram_f301:auto_generated|ram_block1a0~porta_address_reg1 ;
; -1.423 ; 0.500        ; 1.923          ; High Pulse Width ; CLKi  ; Fall       ; cu:inst9|lpm_rom:inst10|altrom:srom|altsyncram:rom_block|altsyncram_f301:auto_generated|ram_block1a0~porta_address_reg2 ;
; -1.423 ; 0.500        ; 1.923          ; Low Pulse Width  ; CLKi  ; Fall       ; cu:inst9|lpm_rom:inst10|altrom:srom|altsyncram:rom_block|altsyncram_f301:auto_generated|ram_block1a0~porta_address_reg2 ;
; -1.423 ; 0.500        ; 1.923          ; High Pulse Width ; CLKi  ; Fall       ; cu:inst9|lpm_rom:inst10|altrom:srom|altsyncram:rom_block|altsyncram_f301:auto_generated|ram_block1a0~porta_address_reg3 ;
; -1.423 ; 0.500        ; 1.923          ; Low Pulse Width  ; CLKi  ; Fall       ; cu:inst9|lpm_rom:inst10|altrom:srom|altsyncram:rom_block|altsyncram_f301:auto_generated|ram_block1a0~porta_address_reg3 ;
; -1.423 ; 0.500        ; 1.923          ; High Pulse Width ; CLKi  ; Fall       ; cu:inst9|lpm_rom:inst10|altrom:srom|altsyncram:rom_block|altsyncram_f301:auto_generated|ram_block1a0~porta_address_reg4 ;
; -1.423 ; 0.500        ; 1.923          ; Low Pulse Width  ; CLKi  ; Fall       ; cu:inst9|lpm_rom:inst10|altrom:srom|altsyncram:rom_block|altsyncram_f301:auto_generated|ram_block1a0~porta_address_reg4 ;
; -1.423 ; 0.500        ; 1.923          ; High Pulse Width ; CLKi  ; Fall       ; cu:inst9|lpm_rom:inst10|altrom:srom|altsyncram:rom_block|altsyncram_f301:auto_generated|ram_block1a0~porta_address_reg5 ;
; -1.423 ; 0.500        ; 1.923          ; Low Pulse Width  ; CLKi  ; Fall       ; cu:inst9|lpm_rom:inst10|altrom:srom|altsyncram:rom_block|altsyncram_f301:auto_generated|ram_block1a0~porta_address_reg5 ;
; -1.423 ; 0.500        ; 1.923          ; High Pulse Width ; CLKi  ; Fall       ; cu:inst9|lpm_rom:inst10|altrom:srom|altsyncram:rom_block|altsyncram_f301:auto_generated|ram_block1a0~porta_address_reg6 ;
; -1.423 ; 0.500        ; 1.923          ; Low Pulse Width  ; CLKi  ; Fall       ; cu:inst9|lpm_rom:inst10|altrom:srom|altsyncram:rom_block|altsyncram_f301:auto_generated|ram_block1a0~porta_address_reg6 ;
; -1.423 ; 0.500        ; 1.923          ; High Pulse Width ; CLKi  ; Fall       ; cu:inst9|lpm_rom:inst10|altrom:srom|altsyncram:rom_block|altsyncram_f301:auto_generated|ram_block1a0~porta_address_reg7 ;
; -1.423 ; 0.500        ; 1.923          ; Low Pulse Width  ; CLKi  ; Fall       ; cu:inst9|lpm_rom:inst10|altrom:srom|altsyncram:rom_block|altsyncram_f301:auto_generated|ram_block1a0~porta_address_reg7 ;
; -1.423 ; 0.500        ; 1.923          ; High Pulse Width ; CLKi  ; Fall       ; cu:inst9|lpm_rom:inst10|altrom:srom|altsyncram:rom_block|altsyncram_f301:auto_generated|ram_block1a2~porta_address_reg0 ;
; -1.423 ; 0.500        ; 1.923          ; Low Pulse Width  ; CLKi  ; Fall       ; cu:inst9|lpm_rom:inst10|altrom:srom|altsyncram:rom_block|altsyncram_f301:auto_generated|ram_block1a2~porta_address_reg0 ;
; -1.423 ; 0.500        ; 1.923          ; High Pulse Width ; CLKi  ; Fall       ; cu:inst9|lpm_rom:inst10|altrom:srom|altsyncram:rom_block|altsyncram_f301:auto_generated|ram_block1a2~porta_address_reg1 ;
; -1.423 ; 0.500        ; 1.923          ; Low Pulse Width  ; CLKi  ; Fall       ; cu:inst9|lpm_rom:inst10|altrom:srom|altsyncram:rom_block|altsyncram_f301:auto_generated|ram_block1a2~porta_address_reg1 ;
; -1.423 ; 0.500        ; 1.923          ; High Pulse Width ; CLKi  ; Fall       ; cu:inst9|lpm_rom:inst10|altrom:srom|altsyncram:rom_block|altsyncram_f301:auto_generated|ram_block1a2~porta_address_reg2 ;
; -1.423 ; 0.500        ; 1.923          ; Low Pulse Width  ; CLKi  ; Fall       ; cu:inst9|lpm_rom:inst10|altrom:srom|altsyncram:rom_block|altsyncram_f301:auto_generated|ram_block1a2~porta_address_reg2 ;
; -1.423 ; 0.500        ; 1.923          ; High Pulse Width ; CLKi  ; Fall       ; cu:inst9|lpm_rom:inst10|altrom:srom|altsyncram:rom_block|altsyncram_f301:auto_generated|ram_block1a2~porta_address_reg3 ;
; -1.423 ; 0.500        ; 1.923          ; Low Pulse Width  ; CLKi  ; Fall       ; cu:inst9|lpm_rom:inst10|altrom:srom|altsyncram:rom_block|altsyncram_f301:auto_generated|ram_block1a2~porta_address_reg3 ;
; -1.423 ; 0.500        ; 1.923          ; High Pulse Width ; CLKi  ; Fall       ; cu:inst9|lpm_rom:inst10|altrom:srom|altsyncram:rom_block|altsyncram_f301:auto_generated|ram_block1a2~porta_address_reg4 ;
; -1.423 ; 0.500        ; 1.923          ; Low Pulse Width  ; CLKi  ; Fall       ; cu:inst9|lpm_rom:inst10|altrom:srom|altsyncram:rom_block|altsyncram_f301:auto_generated|ram_block1a2~porta_address_reg4 ;
; -1.423 ; 0.500        ; 1.923          ; High Pulse Width ; CLKi  ; Fall       ; cu:inst9|lpm_rom:inst10|altrom:srom|altsyncram:rom_block|altsyncram_f301:auto_generated|ram_block1a2~porta_address_reg5 ;
; -1.423 ; 0.500        ; 1.923          ; Low Pulse Width  ; CLKi  ; Fall       ; cu:inst9|lpm_rom:inst10|altrom:srom|altsyncram:rom_block|altsyncram_f301:auto_generated|ram_block1a2~porta_address_reg5 ;
; -1.423 ; 0.500        ; 1.923          ; High Pulse Width ; CLKi  ; Fall       ; cu:inst9|lpm_rom:inst10|altrom:srom|altsyncram:rom_block|altsyncram_f301:auto_generated|ram_block1a2~porta_address_reg6 ;
; -1.423 ; 0.500        ; 1.923          ; Low Pulse Width  ; CLKi  ; Fall       ; cu:inst9|lpm_rom:inst10|altrom:srom|altsyncram:rom_block|altsyncram_f301:auto_generated|ram_block1a2~porta_address_reg6 ;
; -1.423 ; 0.500        ; 1.923          ; High Pulse Width ; CLKi  ; Fall       ; cu:inst9|lpm_rom:inst10|altrom:srom|altsyncram:rom_block|altsyncram_f301:auto_generated|ram_block1a2~porta_address_reg7 ;
; -1.423 ; 0.500        ; 1.923          ; Low Pulse Width  ; CLKi  ; Fall       ; cu:inst9|lpm_rom:inst10|altrom:srom|altsyncram:rom_block|altsyncram_f301:auto_generated|ram_block1a2~porta_address_reg7 ;
; -1.423 ; 0.500        ; 1.923          ; High Pulse Width ; CLKi  ; Fall       ; cu:inst9|lpm_rom:inst10|altrom:srom|altsyncram:rom_block|altsyncram_f301:auto_generated|ram_block1a6~porta_address_reg0 ;
; -1.423 ; 0.500        ; 1.923          ; Low Pulse Width  ; CLKi  ; Fall       ; cu:inst9|lpm_rom:inst10|altrom:srom|altsyncram:rom_block|altsyncram_f301:auto_generated|ram_block1a6~porta_address_reg0 ;
; -1.423 ; 0.500        ; 1.923          ; High Pulse Width ; CLKi  ; Fall       ; cu:inst9|lpm_rom:inst10|altrom:srom|altsyncram:rom_block|altsyncram_f301:auto_generated|ram_block1a6~porta_address_reg1 ;
; -1.423 ; 0.500        ; 1.923          ; Low Pulse Width  ; CLKi  ; Fall       ; cu:inst9|lpm_rom:inst10|altrom:srom|altsyncram:rom_block|altsyncram_f301:auto_generated|ram_block1a6~porta_address_reg1 ;
; -1.423 ; 0.500        ; 1.923          ; High Pulse Width ; CLKi  ; Fall       ; cu:inst9|lpm_rom:inst10|altrom:srom|altsyncram:rom_block|altsyncram_f301:auto_generated|ram_block1a6~porta_address_reg2 ;
; -1.423 ; 0.500        ; 1.923          ; Low Pulse Width  ; CLKi  ; Fall       ; cu:inst9|lpm_rom:inst10|altrom:srom|altsyncram:rom_block|altsyncram_f301:auto_generated|ram_block1a6~porta_address_reg2 ;
; -1.423 ; 0.500        ; 1.923          ; High Pulse Width ; CLKi  ; Fall       ; cu:inst9|lpm_rom:inst10|altrom:srom|altsyncram:rom_block|altsyncram_f301:auto_generated|ram_block1a6~porta_address_reg3 ;
; -1.423 ; 0.500        ; 1.923          ; Low Pulse Width  ; CLKi  ; Fall       ; cu:inst9|lpm_rom:inst10|altrom:srom|altsyncram:rom_block|altsyncram_f301:auto_generated|ram_block1a6~porta_address_reg3 ;
; -1.423 ; 0.500        ; 1.923          ; High Pulse Width ; CLKi  ; Fall       ; cu:inst9|lpm_rom:inst10|altrom:srom|altsyncram:rom_block|altsyncram_f301:auto_generated|ram_block1a6~porta_address_reg4 ;
; -1.423 ; 0.500        ; 1.923          ; Low Pulse Width  ; CLKi  ; Fall       ; cu:inst9|lpm_rom:inst10|altrom:srom|altsyncram:rom_block|altsyncram_f301:auto_generated|ram_block1a6~porta_address_reg4 ;
; -1.423 ; 0.500        ; 1.923          ; High Pulse Width ; CLKi  ; Fall       ; cu:inst9|lpm_rom:inst10|altrom:srom|altsyncram:rom_block|altsyncram_f301:auto_generated|ram_block1a6~porta_address_reg5 ;
; -1.423 ; 0.500        ; 1.923          ; Low Pulse Width  ; CLKi  ; Fall       ; cu:inst9|lpm_rom:inst10|altrom:srom|altsyncram:rom_block|altsyncram_f301:auto_generated|ram_block1a6~porta_address_reg5 ;
; -1.423 ; 0.500        ; 1.923          ; High Pulse Width ; CLKi  ; Fall       ; cu:inst9|lpm_rom:inst10|altrom:srom|altsyncram:rom_block|altsyncram_f301:auto_generated|ram_block1a6~porta_address_reg6 ;
; -1.423 ; 0.500        ; 1.923          ; Low Pulse Width  ; CLKi  ; Fall       ; cu:inst9|lpm_rom:inst10|altrom:srom|altsyncram:rom_block|altsyncram_f301:auto_generated|ram_block1a6~porta_address_reg6 ;
; -1.423 ; 0.500        ; 1.923          ; High Pulse Width ; CLKi  ; Fall       ; cu:inst9|lpm_rom:inst10|altrom:srom|altsyncram:rom_block|altsyncram_f301:auto_generated|ram_block1a6~porta_address_reg7 ;
; -1.423 ; 0.500        ; 1.923          ; Low Pulse Width  ; CLKi  ; Fall       ; cu:inst9|lpm_rom:inst10|altrom:srom|altsyncram:rom_block|altsyncram_f301:auto_generated|ram_block1a6~porta_address_reg7 ;
; -1.380 ; 1.000        ; 2.380          ; Port Rate        ; CLKi  ; Rise       ; CLKi                                                                                                                    ;
; -0.500 ; 0.500        ; 1.000          ; High Pulse Width ; CLKi  ; Fall       ; asyncram:inst26|mem[0][0]                                                                                               ;
; -0.500 ; 0.500        ; 1.000          ; Low Pulse Width  ; CLKi  ; Fall       ; asyncram:inst26|mem[0][0]                                                                                               ;
; -0.500 ; 0.500        ; 1.000          ; High Pulse Width ; CLKi  ; Fall       ; asyncram:inst26|mem[0][1]                                                                                               ;
; -0.500 ; 0.500        ; 1.000          ; Low Pulse Width  ; CLKi  ; Fall       ; asyncram:inst26|mem[0][1]                                                                                               ;
; -0.500 ; 0.500        ; 1.000          ; High Pulse Width ; CLKi  ; Fall       ; asyncram:inst26|mem[0][2]                                                                                               ;
; -0.500 ; 0.500        ; 1.000          ; Low Pulse Width  ; CLKi  ; Fall       ; asyncram:inst26|mem[0][2]                                                                                               ;
; -0.500 ; 0.500        ; 1.000          ; High Pulse Width ; CLKi  ; Fall       ; asyncram:inst26|mem[0][3]                                                                                               ;
; -0.500 ; 0.500        ; 1.000          ; Low Pulse Width  ; CLKi  ; Fall       ; asyncram:inst26|mem[0][3]                                                                                               ;
; -0.500 ; 0.500        ; 1.000          ; High Pulse Width ; CLKi  ; Fall       ; asyncram:inst26|mem[0][4]                                                                                               ;
; -0.500 ; 0.500        ; 1.000          ; Low Pulse Width  ; CLKi  ; Fall       ; asyncram:inst26|mem[0][4]                                                                                               ;
; -0.500 ; 0.500        ; 1.000          ; High Pulse Width ; CLKi  ; Fall       ; asyncram:inst26|mem[0][5]                                                                                               ;
; -0.500 ; 0.500        ; 1.000          ; Low Pulse Width  ; CLKi  ; Fall       ; asyncram:inst26|mem[0][5]                                                                                               ;
; -0.500 ; 0.500        ; 1.000          ; High Pulse Width ; CLKi  ; Fall       ; asyncram:inst26|mem[0][6]                                                                                               ;
; -0.500 ; 0.500        ; 1.000          ; Low Pulse Width  ; CLKi  ; Fall       ; asyncram:inst26|mem[0][6]                                                                                               ;
; -0.500 ; 0.500        ; 1.000          ; High Pulse Width ; CLKi  ; Fall       ; asyncram:inst26|mem[0][7]                                                                                               ;
; -0.500 ; 0.500        ; 1.000          ; Low Pulse Width  ; CLKi  ; Fall       ; asyncram:inst26|mem[0][7]                                                                                               ;
; -0.500 ; 0.500        ; 1.000          ; High Pulse Width ; CLKi  ; Fall       ; asyncram:inst26|mem[100][0]                                                                                             ;
; -0.500 ; 0.500        ; 1.000          ; Low Pulse Width  ; CLKi  ; Fall       ; asyncram:inst26|mem[100][0]                                                                                             ;
; -0.500 ; 0.500        ; 1.000          ; High Pulse Width ; CLKi  ; Fall       ; asyncram:inst26|mem[100][1]                                                                                             ;
; -0.500 ; 0.500        ; 1.000          ; Low Pulse Width  ; CLKi  ; Fall       ; asyncram:inst26|mem[100][1]                                                                                             ;
; -0.500 ; 0.500        ; 1.000          ; High Pulse Width ; CLKi  ; Fall       ; asyncram:inst26|mem[100][2]                                                                                             ;
; -0.500 ; 0.500        ; 1.000          ; Low Pulse Width  ; CLKi  ; Fall       ; asyncram:inst26|mem[100][2]                                                                                             ;
; -0.500 ; 0.500        ; 1.000          ; High Pulse Width ; CLKi  ; Fall       ; asyncram:inst26|mem[100][3]                                                                                             ;
; -0.500 ; 0.500        ; 1.000          ; Low Pulse Width  ; CLKi  ; Fall       ; asyncram:inst26|mem[100][3]                                                                                             ;
; -0.500 ; 0.500        ; 1.000          ; High Pulse Width ; CLKi  ; Fall       ; asyncram:inst26|mem[100][4]                                                                                             ;
; -0.500 ; 0.500        ; 1.000          ; Low Pulse Width  ; CLKi  ; Fall       ; asyncram:inst26|mem[100][4]                                                                                             ;
; -0.500 ; 0.500        ; 1.000          ; High Pulse Width ; CLKi  ; Fall       ; asyncram:inst26|mem[100][5]                                                                                             ;
; -0.500 ; 0.500        ; 1.000          ; Low Pulse Width  ; CLKi  ; Fall       ; asyncram:inst26|mem[100][5]                                                                                             ;
; -0.500 ; 0.500        ; 1.000          ; High Pulse Width ; CLKi  ; Fall       ; asyncram:inst26|mem[100][6]                                                                                             ;
; -0.500 ; 0.500        ; 1.000          ; Low Pulse Width  ; CLKi  ; Fall       ; asyncram:inst26|mem[100][6]                                                                                             ;
; -0.500 ; 0.500        ; 1.000          ; High Pulse Width ; CLKi  ; Fall       ; asyncram:inst26|mem[100][7]                                                                                             ;
; -0.500 ; 0.500        ; 1.000          ; Low Pulse Width  ; CLKi  ; Fall       ; asyncram:inst26|mem[100][7]                                                                                             ;
; -0.500 ; 0.500        ; 1.000          ; High Pulse Width ; CLKi  ; Fall       ; asyncram:inst26|mem[101][0]                                                                                             ;
; -0.500 ; 0.500        ; 1.000          ; Low Pulse Width  ; CLKi  ; Fall       ; asyncram:inst26|mem[101][0]                                                                                             ;
; -0.500 ; 0.500        ; 1.000          ; High Pulse Width ; CLKi  ; Fall       ; asyncram:inst26|mem[101][1]                                                                                             ;
; -0.500 ; 0.500        ; 1.000          ; Low Pulse Width  ; CLKi  ; Fall       ; asyncram:inst26|mem[101][1]                                                                                             ;
; -0.500 ; 0.500        ; 1.000          ; High Pulse Width ; CLKi  ; Fall       ; asyncram:inst26|mem[101][2]                                                                                             ;
; -0.500 ; 0.500        ; 1.000          ; Low Pulse Width  ; CLKi  ; Fall       ; asyncram:inst26|mem[101][2]                                                                                             ;
; -0.500 ; 0.500        ; 1.000          ; High Pulse Width ; CLKi  ; Fall       ; asyncram:inst26|mem[101][3]                                                                                             ;
; -0.500 ; 0.500        ; 1.000          ; Low Pulse Width  ; CLKi  ; Fall       ; asyncram:inst26|mem[101][3]                                                                                             ;
; -0.500 ; 0.500        ; 1.000          ; High Pulse Width ; CLKi  ; Fall       ; asyncram:inst26|mem[101][4]                                                                                             ;
; -0.500 ; 0.500        ; 1.000          ; Low Pulse Width  ; CLKi  ; Fall       ; asyncram:inst26|mem[101][4]                                                                                             ;
; -0.500 ; 0.500        ; 1.000          ; High Pulse Width ; CLKi  ; Fall       ; asyncram:inst26|mem[101][5]                                                                                             ;
; -0.500 ; 0.500        ; 1.000          ; Low Pulse Width  ; CLKi  ; Fall       ; asyncram:inst26|mem[101][5]                                                                                             ;
; -0.500 ; 0.500        ; 1.000          ; High Pulse Width ; CLKi  ; Fall       ; asyncram:inst26|mem[101][6]                                                                                             ;
; -0.500 ; 0.500        ; 1.000          ; Low Pulse Width  ; CLKi  ; Fall       ; asyncram:inst26|mem[101][6]                                                                                             ;
; -0.500 ; 0.500        ; 1.000          ; High Pulse Width ; CLKi  ; Fall       ; asyncram:inst26|mem[101][7]                                                                                             ;
; -0.500 ; 0.500        ; 1.000          ; Low Pulse Width  ; CLKi  ; Fall       ; asyncram:inst26|mem[101][7]                                                                                             ;
; -0.500 ; 0.500        ; 1.000          ; High Pulse Width ; CLKi  ; Fall       ; asyncram:inst26|mem[102][0]                                                                                             ;
; -0.500 ; 0.500        ; 1.000          ; Low Pulse Width  ; CLKi  ; Fall       ; asyncram:inst26|mem[102][0]                                                                                             ;
; -0.500 ; 0.500        ; 1.000          ; High Pulse Width ; CLKi  ; Fall       ; asyncram:inst26|mem[102][1]                                                                                             ;
+--------+--------------+----------------+------------------+-------+------------+-------------------------------------------------------------------------------------------------------------------------+


+-------------------------------------------------------------------------+
; Setup Times                                                             ;
+-----------+------------+--------+--------+------------+-----------------+
; Data Port ; Clock Port ; Rise   ; Fall   ; Clock Edge ; Clock Reference ;
+-----------+------------+--------+--------+------------+-----------------+
; CLKi      ; CLKi       ; -0.103 ; -0.103 ; Rise       ; CLKi            ;
; CLRN      ; CLKi       ; 0.940  ; 0.940  ; Rise       ; CLKi            ;
; SPULS     ; CLKi       ; 0.897  ; 0.897  ; Rise       ; CLKi            ;
; CLRN      ; CLKi       ; -0.401 ; -0.401 ; Fall       ; CLKi            ;
+-----------+------------+--------+--------+------------+-----------------+


+-------------------------------------------------------------------------+
; Hold Times                                                              ;
+-----------+------------+--------+--------+------------+-----------------+
; Data Port ; Clock Port ; Rise   ; Fall   ; Clock Edge ; Clock Reference ;
+-----------+------------+--------+--------+------------+-----------------+
; CLKi      ; CLKi       ; 0.633  ; 0.633  ; Rise       ; CLKi            ;
; CLRN      ; CLKi       ; -0.410 ; -0.410 ; Rise       ; CLKi            ;
; SPULS     ; CLKi       ; -0.367 ; -0.367 ; Rise       ; CLKi            ;
; CLRN      ; CLKi       ; 1.954  ; 1.954  ; Fall       ; CLKi            ;
+-----------+------------+--------+--------+------------+-----------------+


+-----------------------------------------------------------------------+
; Clock to Output Times                                                 ;
+-----------+------------+-------+-------+------------+-----------------+
; Data Port ; Clock Port ; Rise  ; Fall  ; Clock Edge ; Clock Reference ;
+-----------+------------+-------+-------+------------+-----------------+
; IO[*]     ; CLKi       ; 9.514 ; 9.514 ; Rise       ; CLKi            ;
;  IO[0]    ; CLKi       ; 9.357 ; 9.357 ; Rise       ; CLKi            ;
;  IO[1]    ; CLKi       ; 9.039 ; 9.039 ; Rise       ; CLKi            ;
;  IO[2]    ; CLKi       ; 9.514 ; 9.514 ; Rise       ; CLKi            ;
;  IO[3]    ; CLKi       ; 9.313 ; 9.313 ; Rise       ; CLKi            ;
;  IO[4]    ; CLKi       ; 9.163 ; 9.163 ; Rise       ; CLKi            ;
;  IO[5]    ; CLKi       ; 9.246 ; 9.246 ; Rise       ; CLKi            ;
;  IO[6]    ; CLKi       ; 9.106 ; 9.106 ; Rise       ; CLKi            ;
;  IO[7]    ; CLKi       ; 9.122 ; 9.122 ; Rise       ; CLKi            ;
; IR[*]     ; CLKi       ; 5.733 ; 5.733 ; Rise       ; CLKi            ;
;  IR[0]    ; CLKi       ; 5.578 ; 5.578 ; Rise       ; CLKi            ;
;  IR[1]    ; CLKi       ; 5.733 ; 5.733 ; Rise       ; CLKi            ;
;  IR[2]    ; CLKi       ; 5.119 ; 5.119 ; Rise       ; CLKi            ;
;  IR[3]    ; CLKi       ; 5.450 ; 5.450 ; Rise       ; CLKi            ;
;  IR[4]    ; CLKi       ; 5.409 ; 5.409 ; Rise       ; CLKi            ;
;  IR[5]    ; CLKi       ; 5.343 ; 5.343 ; Rise       ; CLKi            ;
;  IR[6]    ; CLKi       ; 5.362 ; 5.362 ; Rise       ; CLKi            ;
;  IR[7]    ; CLKi       ; 5.331 ; 5.331 ; Rise       ; CLKi            ;
; MAR[*]    ; CLKi       ; 6.017 ; 6.017 ; Rise       ; CLKi            ;
;  MAR[0]   ; CLKi       ; 5.724 ; 5.724 ; Rise       ; CLKi            ;
;  MAR[1]   ; CLKi       ; 5.776 ; 5.776 ; Rise       ; CLKi            ;
;  MAR[2]   ; CLKi       ; 5.883 ; 5.883 ; Rise       ; CLKi            ;
;  MAR[3]   ; CLKi       ; 6.017 ; 6.017 ; Rise       ; CLKi            ;
;  MAR[4]   ; CLKi       ; 5.824 ; 5.824 ; Rise       ; CLKi            ;
;  MAR[5]   ; CLKi       ; 5.718 ; 5.718 ; Rise       ; CLKi            ;
;  MAR[6]   ; CLKi       ; 5.894 ; 5.894 ; Rise       ; CLKi            ;
;  MAR[7]   ; CLKi       ; 5.686 ; 5.686 ; Rise       ; CLKi            ;
; MDR[*]    ; CLKi       ; 5.757 ; 5.757 ; Rise       ; CLKi            ;
;  MDR[0]   ; CLKi       ; 5.674 ; 5.674 ; Rise       ; CLKi            ;
;  MDR[1]   ; CLKi       ; 5.538 ; 5.538 ; Rise       ; CLKi            ;
;  MDR[2]   ; CLKi       ; 5.756 ; 5.756 ; Rise       ; CLKi            ;
;  MDR[3]   ; CLKi       ; 5.427 ; 5.427 ; Rise       ; CLKi            ;
;  MDR[4]   ; CLKi       ; 5.757 ; 5.757 ; Rise       ; CLKi            ;
;  MDR[5]   ; CLKi       ; 5.679 ; 5.679 ; Rise       ; CLKi            ;
;  MDR[6]   ; CLKi       ; 5.510 ; 5.510 ; Rise       ; CLKi            ;
;  MDR[7]   ; CLKi       ; 5.295 ; 5.295 ; Rise       ; CLKi            ;
; OVF       ; CLKi       ; 5.464 ; 5.464 ; Rise       ; CLKi            ;
; PC[*]     ; CLKi       ; 5.648 ; 5.648 ; Rise       ; CLKi            ;
;  PC[0]    ; CLKi       ; 5.238 ; 5.238 ; Rise       ; CLKi            ;
;  PC[1]    ; CLKi       ; 5.444 ; 5.444 ; Rise       ; CLKi            ;
;  PC[2]    ; CLKi       ; 5.520 ; 5.520 ; Rise       ; CLKi            ;
;  PC[3]    ; CLKi       ; 5.477 ; 5.477 ; Rise       ; CLKi            ;
;  PC[4]    ; CLKi       ; 5.648 ; 5.648 ; Rise       ; CLKi            ;
;  PC[5]    ; CLKi       ; 5.556 ; 5.556 ; Rise       ; CLKi            ;
;  PC[6]    ; CLKi       ; 5.643 ; 5.643 ; Rise       ; CLKi            ;
;  PC[7]    ; CLKi       ; 5.239 ; 5.239 ; Rise       ; CLKi            ;
; Ra[*]     ; CLKi       ; 6.724 ; 6.724 ; Rise       ; CLKi            ;
;  Ra[0]    ; CLKi       ; 6.713 ; 6.713 ; Rise       ; CLKi            ;
;  Ra[1]    ; CLKi       ; 6.666 ; 6.666 ; Rise       ; CLKi            ;
;  Ra[2]    ; CLKi       ; 6.580 ; 6.580 ; Rise       ; CLKi            ;
;  Ra[3]    ; CLKi       ; 6.331 ; 6.331 ; Rise       ; CLKi            ;
;  Ra[4]    ; CLKi       ; 6.666 ; 6.666 ; Rise       ; CLKi            ;
;  Ra[5]    ; CLKi       ; 6.724 ; 6.724 ; Rise       ; CLKi            ;
;  Ra[6]    ; CLKi       ; 6.543 ; 6.543 ; Rise       ; CLKi            ;
;  Ra[7]    ; CLKi       ; 6.666 ; 6.666 ; Rise       ; CLKi            ;
; Rb[*]     ; CLKi       ; 6.930 ; 6.930 ; Rise       ; CLKi            ;
;  Rb[0]    ; CLKi       ; 6.290 ; 6.290 ; Rise       ; CLKi            ;
;  Rb[1]    ; CLKi       ; 6.830 ; 6.830 ; Rise       ; CLKi            ;
;  Rb[2]    ; CLKi       ; 6.586 ; 6.586 ; Rise       ; CLKi            ;
;  Rb[3]    ; CLKi       ; 6.449 ; 6.449 ; Rise       ; CLKi            ;
;  Rb[4]    ; CLKi       ; 6.278 ; 6.278 ; Rise       ; CLKi            ;
;  Rb[5]    ; CLKi       ; 6.385 ; 6.385 ; Rise       ; CLKi            ;
;  Rb[6]    ; CLKi       ; 6.466 ; 6.466 ; Rise       ; CLKi            ;
;  Rb[7]    ; CLKi       ; 6.930 ; 6.930 ; Rise       ; CLKi            ;
; uPC[*]    ; CLKi       ; 5.940 ; 5.940 ; Rise       ; CLKi            ;
;  uPC[0]   ; CLKi       ; 5.600 ; 5.600 ; Rise       ; CLKi            ;
;  uPC[1]   ; CLKi       ; 5.712 ; 5.712 ; Rise       ; CLKi            ;
;  uPC[2]   ; CLKi       ; 5.793 ; 5.793 ; Rise       ; CLKi            ;
;  uPC[3]   ; CLKi       ; 5.675 ; 5.675 ; Rise       ; CLKi            ;
;  uPC[4]   ; CLKi       ; 5.940 ; 5.940 ; Rise       ; CLKi            ;
;  uPC[5]   ; CLKi       ; 5.586 ; 5.586 ; Rise       ; CLKi            ;
;  uPC[6]   ; CLKi       ; 5.568 ; 5.568 ; Rise       ; CLKi            ;
;  uPC[7]   ; CLKi       ; 5.824 ; 5.824 ; Rise       ; CLKi            ;
; IMM[*]    ; CLKi       ; 8.060 ; 8.060 ; Fall       ; CLKi            ;
;  IMM[0]   ; CLKi       ; 7.991 ; 7.991 ; Fall       ; CLKi            ;
;  IMM[1]   ; CLKi       ; 7.719 ; 7.719 ; Fall       ; CLKi            ;
;  IMM[2]   ; CLKi       ; 7.783 ; 7.783 ; Fall       ; CLKi            ;
;  IMM[3]   ; CLKi       ; 7.720 ; 7.720 ; Fall       ; CLKi            ;
;  IMM[4]   ; CLKi       ; 7.846 ; 7.846 ; Fall       ; CLKi            ;
;  IMM[5]   ; CLKi       ; 7.574 ; 7.574 ; Fall       ; CLKi            ;
;  IMM[6]   ; CLKi       ; 8.060 ; 8.060 ; Fall       ; CLKi            ;
;  IMM[7]   ; CLKi       ; 8.060 ; 8.060 ; Fall       ; CLKi            ;
; IO[*]     ; CLKi       ; 9.524 ; 9.524 ; Fall       ; CLKi            ;
;  IO[0]    ; CLKi       ; 9.359 ; 9.359 ; Fall       ; CLKi            ;
;  IO[1]    ; CLKi       ; 9.121 ; 9.121 ; Fall       ; CLKi            ;
;  IO[2]    ; CLKi       ; 9.524 ; 9.524 ; Fall       ; CLKi            ;
;  IO[3]    ; CLKi       ; 9.330 ; 9.330 ; Fall       ; CLKi            ;
;  IO[4]    ; CLKi       ; 9.214 ; 9.214 ; Fall       ; CLKi            ;
;  IO[5]    ; CLKi       ; 9.324 ; 9.324 ; Fall       ; CLKi            ;
;  IO[6]    ; CLKi       ; 9.079 ; 9.079 ; Fall       ; CLKi            ;
;  IO[7]    ; CLKi       ; 9.173 ; 9.173 ; Fall       ; CLKi            ;
; R         ; CLKi       ; 6.481 ; 6.481 ; Fall       ; CLKi            ;
; W         ; CLKi       ; 6.471 ; 6.471 ; Fall       ; CLKi            ;
; uIR[*]    ; CLKi       ; 7.944 ; 7.944 ; Fall       ; CLKi            ;
;  uIR[0]   ; CLKi       ; 6.458 ; 6.458 ; Fall       ; CLKi            ;
;  uIR[1]   ; CLKi       ; 6.481 ; 6.481 ; Fall       ; CLKi            ;
;  uIR[2]   ; CLKi       ; 7.277 ; 7.277 ; Fall       ; CLKi            ;
;  uIR[3]   ; CLKi       ; 7.229 ; 7.229 ; Fall       ; CLKi            ;
;  uIR[4]   ; CLKi       ; 7.372 ; 7.372 ; Fall       ; CLKi            ;
;  uIR[5]   ; CLKi       ; 7.695 ; 7.695 ; Fall       ; CLKi            ;
;  uIR[6]   ; CLKi       ; 7.318 ; 7.318 ; Fall       ; CLKi            ;
;  uIR[7]   ; CLKi       ; 7.677 ; 7.677 ; Fall       ; CLKi            ;
;  uIR[8]   ; CLKi       ; 7.490 ; 7.490 ; Fall       ; CLKi            ;
;  uIR[9]   ; CLKi       ; 7.278 ; 7.278 ; Fall       ; CLKi            ;
;  uIR[10]  ; CLKi       ; 7.191 ; 7.191 ; Fall       ; CLKi            ;
;  uIR[11]  ; CLKi       ; 7.148 ; 7.148 ; Fall       ; CLKi            ;
;  uIR[12]  ; CLKi       ; 7.384 ; 7.384 ; Fall       ; CLKi            ;
;  uIR[13]  ; CLKi       ; 7.944 ; 7.944 ; Fall       ; CLKi            ;
;  uIR[14]  ; CLKi       ; 7.454 ; 7.454 ; Fall       ; CLKi            ;
;  uIR[15]  ; CLKi       ; 7.170 ; 7.170 ; Fall       ; CLKi            ;
;  uIR[16]  ; CLKi       ; 7.131 ; 7.131 ; Fall       ; CLKi            ;
;  uIR[17]  ; CLKi       ; 7.129 ; 7.129 ; Fall       ; CLKi            ;
;  uIR[18]  ; CLKi       ; 7.131 ; 7.131 ; Fall       ; CLKi            ;
;  uIR[19]  ; CLKi       ; 7.259 ; 7.259 ; Fall       ; CLKi            ;
;  uIR[20]  ; CLKi       ; 7.126 ; 7.126 ; Fall       ; CLKi            ;
;  uIR[21]  ; CLKi       ; 7.143 ; 7.143 ; Fall       ; CLKi            ;
;  uIR[22]  ; CLKi       ; 7.221 ; 7.221 ; Fall       ; CLKi            ;
;  uIR[23]  ; CLKi       ; 7.439 ; 7.439 ; Fall       ; CLKi            ;
+-----------+------------+-------+-------+------------+-----------------+


+-----------------------------------------------------------------------+
; Minimum Clock to Output Times                                         ;
+-----------+------------+-------+-------+------------+-----------------+
; Data Port ; Clock Port ; Rise  ; Fall  ; Clock Edge ; Clock Reference ;
+-----------+------------+-------+-------+------------+-----------------+
; IO[*]     ; CLKi       ; 4.505 ; 4.505 ; Rise       ; CLKi            ;
;  IO[0]    ; CLKi       ; 4.828 ; 4.828 ; Rise       ; CLKi            ;
;  IO[1]    ; CLKi       ; 4.564 ; 4.564 ; Rise       ; CLKi            ;
;  IO[2]    ; CLKi       ; 4.932 ; 4.932 ; Rise       ; CLKi            ;
;  IO[3]    ; CLKi       ; 4.807 ; 4.807 ; Rise       ; CLKi            ;
;  IO[4]    ; CLKi       ; 4.568 ; 4.568 ; Rise       ; CLKi            ;
;  IO[5]    ; CLKi       ; 5.016 ; 5.016 ; Rise       ; CLKi            ;
;  IO[6]    ; CLKi       ; 4.521 ; 4.521 ; Rise       ; CLKi            ;
;  IO[7]    ; CLKi       ; 4.505 ; 4.505 ; Rise       ; CLKi            ;
; IR[*]     ; CLKi       ; 5.119 ; 5.119 ; Rise       ; CLKi            ;
;  IR[0]    ; CLKi       ; 5.578 ; 5.578 ; Rise       ; CLKi            ;
;  IR[1]    ; CLKi       ; 5.733 ; 5.733 ; Rise       ; CLKi            ;
;  IR[2]    ; CLKi       ; 5.119 ; 5.119 ; Rise       ; CLKi            ;
;  IR[3]    ; CLKi       ; 5.450 ; 5.450 ; Rise       ; CLKi            ;
;  IR[4]    ; CLKi       ; 5.409 ; 5.409 ; Rise       ; CLKi            ;
;  IR[5]    ; CLKi       ; 5.343 ; 5.343 ; Rise       ; CLKi            ;
;  IR[6]    ; CLKi       ; 5.362 ; 5.362 ; Rise       ; CLKi            ;
;  IR[7]    ; CLKi       ; 5.331 ; 5.331 ; Rise       ; CLKi            ;
; MAR[*]    ; CLKi       ; 5.686 ; 5.686 ; Rise       ; CLKi            ;
;  MAR[0]   ; CLKi       ; 5.724 ; 5.724 ; Rise       ; CLKi            ;
;  MAR[1]   ; CLKi       ; 5.776 ; 5.776 ; Rise       ; CLKi            ;
;  MAR[2]   ; CLKi       ; 5.883 ; 5.883 ; Rise       ; CLKi            ;
;  MAR[3]   ; CLKi       ; 6.017 ; 6.017 ; Rise       ; CLKi            ;
;  MAR[4]   ; CLKi       ; 5.824 ; 5.824 ; Rise       ; CLKi            ;
;  MAR[5]   ; CLKi       ; 5.718 ; 5.718 ; Rise       ; CLKi            ;
;  MAR[6]   ; CLKi       ; 5.894 ; 5.894 ; Rise       ; CLKi            ;
;  MAR[7]   ; CLKi       ; 5.686 ; 5.686 ; Rise       ; CLKi            ;
; MDR[*]    ; CLKi       ; 5.295 ; 5.295 ; Rise       ; CLKi            ;
;  MDR[0]   ; CLKi       ; 5.674 ; 5.674 ; Rise       ; CLKi            ;
;  MDR[1]   ; CLKi       ; 5.538 ; 5.538 ; Rise       ; CLKi            ;
;  MDR[2]   ; CLKi       ; 5.756 ; 5.756 ; Rise       ; CLKi            ;
;  MDR[3]   ; CLKi       ; 5.427 ; 5.427 ; Rise       ; CLKi            ;
;  MDR[4]   ; CLKi       ; 5.757 ; 5.757 ; Rise       ; CLKi            ;
;  MDR[5]   ; CLKi       ; 5.679 ; 5.679 ; Rise       ; CLKi            ;
;  MDR[6]   ; CLKi       ; 5.510 ; 5.510 ; Rise       ; CLKi            ;
;  MDR[7]   ; CLKi       ; 5.295 ; 5.295 ; Rise       ; CLKi            ;
; OVF       ; CLKi       ; 5.464 ; 5.464 ; Rise       ; CLKi            ;
; PC[*]     ; CLKi       ; 5.238 ; 5.238 ; Rise       ; CLKi            ;
;  PC[0]    ; CLKi       ; 5.238 ; 5.238 ; Rise       ; CLKi            ;
;  PC[1]    ; CLKi       ; 5.444 ; 5.444 ; Rise       ; CLKi            ;
;  PC[2]    ; CLKi       ; 5.520 ; 5.520 ; Rise       ; CLKi            ;
;  PC[3]    ; CLKi       ; 5.477 ; 5.477 ; Rise       ; CLKi            ;
;  PC[4]    ; CLKi       ; 5.648 ; 5.648 ; Rise       ; CLKi            ;
;  PC[5]    ; CLKi       ; 5.556 ; 5.556 ; Rise       ; CLKi            ;
;  PC[6]    ; CLKi       ; 5.643 ; 5.643 ; Rise       ; CLKi            ;
;  PC[7]    ; CLKi       ; 5.239 ; 5.239 ; Rise       ; CLKi            ;
; Ra[*]     ; CLKi       ; 5.377 ; 5.377 ; Rise       ; CLKi            ;
;  Ra[0]    ; CLKi       ; 5.843 ; 5.843 ; Rise       ; CLKi            ;
;  Ra[1]    ; CLKi       ; 5.470 ; 5.470 ; Rise       ; CLKi            ;
;  Ra[2]    ; CLKi       ; 6.153 ; 6.153 ; Rise       ; CLKi            ;
;  Ra[3]    ; CLKi       ; 5.377 ; 5.377 ; Rise       ; CLKi            ;
;  Ra[4]    ; CLKi       ; 5.709 ; 5.709 ; Rise       ; CLKi            ;
;  Ra[5]    ; CLKi       ; 6.059 ; 6.059 ; Rise       ; CLKi            ;
;  Ra[6]    ; CLKi       ; 5.528 ; 5.528 ; Rise       ; CLKi            ;
;  Ra[7]    ; CLKi       ; 6.032 ; 6.032 ; Rise       ; CLKi            ;
; Rb[*]     ; CLKi       ; 5.646 ; 5.646 ; Rise       ; CLKi            ;
;  Rb[0]    ; CLKi       ; 5.646 ; 5.646 ; Rise       ; CLKi            ;
;  Rb[1]    ; CLKi       ; 5.704 ; 5.704 ; Rise       ; CLKi            ;
;  Rb[2]    ; CLKi       ; 5.770 ; 5.770 ; Rise       ; CLKi            ;
;  Rb[3]    ; CLKi       ; 5.765 ; 5.765 ; Rise       ; CLKi            ;
;  Rb[4]    ; CLKi       ; 5.682 ; 5.682 ; Rise       ; CLKi            ;
;  Rb[5]    ; CLKi       ; 5.727 ; 5.727 ; Rise       ; CLKi            ;
;  Rb[6]    ; CLKi       ; 5.733 ; 5.733 ; Rise       ; CLKi            ;
;  Rb[7]    ; CLKi       ; 6.090 ; 6.090 ; Rise       ; CLKi            ;
; uPC[*]    ; CLKi       ; 5.568 ; 5.568 ; Rise       ; CLKi            ;
;  uPC[0]   ; CLKi       ; 5.600 ; 5.600 ; Rise       ; CLKi            ;
;  uPC[1]   ; CLKi       ; 5.712 ; 5.712 ; Rise       ; CLKi            ;
;  uPC[2]   ; CLKi       ; 5.793 ; 5.793 ; Rise       ; CLKi            ;
;  uPC[3]   ; CLKi       ; 5.675 ; 5.675 ; Rise       ; CLKi            ;
;  uPC[4]   ; CLKi       ; 5.940 ; 5.940 ; Rise       ; CLKi            ;
;  uPC[5]   ; CLKi       ; 5.586 ; 5.586 ; Rise       ; CLKi            ;
;  uPC[6]   ; CLKi       ; 5.568 ; 5.568 ; Rise       ; CLKi            ;
;  uPC[7]   ; CLKi       ; 5.824 ; 5.824 ; Rise       ; CLKi            ;
; IMM[*]    ; CLKi       ; 7.508 ; 7.508 ; Fall       ; CLKi            ;
;  IMM[0]   ; CLKi       ; 7.947 ; 7.947 ; Fall       ; CLKi            ;
;  IMM[1]   ; CLKi       ; 7.655 ; 7.655 ; Fall       ; CLKi            ;
;  IMM[2]   ; CLKi       ; 7.701 ; 7.701 ; Fall       ; CLKi            ;
;  IMM[3]   ; CLKi       ; 7.650 ; 7.650 ; Fall       ; CLKi            ;
;  IMM[4]   ; CLKi       ; 7.802 ; 7.802 ; Fall       ; CLKi            ;
;  IMM[5]   ; CLKi       ; 7.508 ; 7.508 ; Fall       ; CLKi            ;
;  IMM[6]   ; CLKi       ; 7.982 ; 7.982 ; Fall       ; CLKi            ;
;  IMM[7]   ; CLKi       ; 7.931 ; 7.931 ; Fall       ; CLKi            ;
; IO[*]     ; CLKi       ; 4.505 ; 4.505 ; Fall       ; CLKi            ;
;  IO[0]    ; CLKi       ; 4.828 ; 4.828 ; Fall       ; CLKi            ;
;  IO[1]    ; CLKi       ; 4.564 ; 4.564 ; Fall       ; CLKi            ;
;  IO[2]    ; CLKi       ; 4.932 ; 4.932 ; Fall       ; CLKi            ;
;  IO[3]    ; CLKi       ; 4.807 ; 4.807 ; Fall       ; CLKi            ;
;  IO[4]    ; CLKi       ; 4.568 ; 4.568 ; Fall       ; CLKi            ;
;  IO[5]    ; CLKi       ; 5.016 ; 5.016 ; Fall       ; CLKi            ;
;  IO[6]    ; CLKi       ; 4.521 ; 4.521 ; Fall       ; CLKi            ;
;  IO[7]    ; CLKi       ; 4.505 ; 4.505 ; Fall       ; CLKi            ;
; R         ; CLKi       ; 6.481 ; 6.481 ; Fall       ; CLKi            ;
; W         ; CLKi       ; 6.471 ; 6.471 ; Fall       ; CLKi            ;
; uIR[*]    ; CLKi       ; 6.458 ; 6.458 ; Fall       ; CLKi            ;
;  uIR[0]   ; CLKi       ; 6.458 ; 6.458 ; Fall       ; CLKi            ;
;  uIR[1]   ; CLKi       ; 6.481 ; 6.481 ; Fall       ; CLKi            ;
;  uIR[2]   ; CLKi       ; 7.277 ; 7.277 ; Fall       ; CLKi            ;
;  uIR[3]   ; CLKi       ; 7.229 ; 7.229 ; Fall       ; CLKi            ;
;  uIR[4]   ; CLKi       ; 7.372 ; 7.372 ; Fall       ; CLKi            ;
;  uIR[5]   ; CLKi       ; 7.695 ; 7.695 ; Fall       ; CLKi            ;
;  uIR[6]   ; CLKi       ; 7.318 ; 7.318 ; Fall       ; CLKi            ;
;  uIR[7]   ; CLKi       ; 7.677 ; 7.677 ; Fall       ; CLKi            ;
;  uIR[8]   ; CLKi       ; 7.490 ; 7.490 ; Fall       ; CLKi            ;
;  uIR[9]   ; CLKi       ; 7.278 ; 7.278 ; Fall       ; CLKi            ;
;  uIR[10]  ; CLKi       ; 7.191 ; 7.191 ; Fall       ; CLKi            ;
;  uIR[11]  ; CLKi       ; 7.148 ; 7.148 ; Fall       ; CLKi            ;
;  uIR[12]  ; CLKi       ; 7.384 ; 7.384 ; Fall       ; CLKi            ;
;  uIR[13]  ; CLKi       ; 7.944 ; 7.944 ; Fall       ; CLKi            ;
;  uIR[14]  ; CLKi       ; 7.454 ; 7.454 ; Fall       ; CLKi            ;
;  uIR[15]  ; CLKi       ; 7.170 ; 7.170 ; Fall       ; CLKi            ;
;  uIR[16]  ; CLKi       ; 7.131 ; 7.131 ; Fall       ; CLKi            ;
;  uIR[17]  ; CLKi       ; 7.129 ; 7.129 ; Fall       ; CLKi            ;
;  uIR[18]  ; CLKi       ; 7.131 ; 7.131 ; Fall       ; CLKi            ;
;  uIR[19]  ; CLKi       ; 7.259 ; 7.259 ; Fall       ; CLKi            ;
;  uIR[20]  ; CLKi       ; 7.126 ; 7.126 ; Fall       ; CLKi            ;
;  uIR[21]  ; CLKi       ; 7.143 ; 7.143 ; Fall       ; CLKi            ;
;  uIR[22]  ; CLKi       ; 7.221 ; 7.221 ; Fall       ; CLKi            ;
;  uIR[23]  ; CLKi       ; 7.439 ; 7.439 ; Fall       ; CLKi            ;
+-----------+------------+-------+-------+------------+-----------------+


+----------------------------------------------------------+
; Propagation Delay                                        ;
+------------+-------------+-------+-------+-------+-------+
; Input Port ; Output Port ; RR    ; RF    ; FR    ; FF    ;
+------------+-------------+-------+-------+-------+-------+
; CLRN       ; IO[0]       ; 6.443 ; 6.443 ; 6.443 ; 6.443 ;
; CLRN       ; IO[1]       ; 6.109 ; 6.109 ; 6.109 ; 6.109 ;
; CLRN       ; IO[2]       ; 6.465 ; 6.465 ; 6.465 ; 6.465 ;
; CLRN       ; IO[3]       ; 6.455 ; 6.455 ; 6.455 ; 6.455 ;
; CLRN       ; IO[4]       ; 6.349 ; 6.349 ; 6.349 ; 6.349 ;
; CLRN       ; IO[5]       ; 6.443 ; 6.443 ; 6.443 ; 6.443 ;
; CLRN       ; IO[6]       ; 6.369 ; 6.369 ; 6.369 ; 6.369 ;
; CLRN       ; IO[7]       ; 6.119 ; 6.119 ; 6.119 ; 6.119 ;
; SPULS      ; IO[0]       ; 6.400 ; 6.400 ; 6.400 ; 6.400 ;
; SPULS      ; IO[1]       ; 6.066 ; 6.066 ; 6.066 ; 6.066 ;
; SPULS      ; IO[2]       ; 6.422 ; 6.422 ; 6.422 ; 6.422 ;
; SPULS      ; IO[3]       ; 6.412 ; 6.412 ; 6.412 ; 6.412 ;
; SPULS      ; IO[4]       ; 6.306 ; 6.306 ; 6.306 ; 6.306 ;
; SPULS      ; IO[5]       ; 6.400 ; 6.400 ; 6.400 ; 6.400 ;
; SPULS      ; IO[6]       ; 6.326 ; 6.326 ; 6.326 ; 6.326 ;
; SPULS      ; IO[7]       ; 6.076 ; 6.076 ; 6.076 ; 6.076 ;
+------------+-------------+-------+-------+-------+-------+


+----------------------------------------------------------+
; Minimum Propagation Delay                                ;
+------------+-------------+-------+-------+-------+-------+
; Input Port ; Output Port ; RR    ; RF    ; FR    ; FF    ;
+------------+-------------+-------+-------+-------+-------+
; CLRN       ; IO[0]       ; 6.443 ; 5.871 ; 5.871 ; 6.443 ;
; CLRN       ; IO[1]       ; 6.109 ; 5.607 ; 5.607 ; 6.109 ;
; CLRN       ; IO[2]       ; 6.465 ; 5.975 ; 5.975 ; 6.465 ;
; CLRN       ; IO[3]       ; 6.455 ; 5.850 ; 5.850 ; 6.455 ;
; CLRN       ; IO[4]       ; 6.349 ; 5.611 ; 5.611 ; 6.349 ;
; CLRN       ; IO[5]       ; 6.443 ; 6.059 ; 6.059 ; 6.443 ;
; CLRN       ; IO[6]       ; 6.369 ; 5.564 ; 5.564 ; 6.369 ;
; CLRN       ; IO[7]       ; 6.119 ; 5.548 ; 5.548 ; 6.119 ;
; SPULS      ; IO[0]       ; 5.828 ; 6.400 ; 6.400 ; 5.828 ;
; SPULS      ; IO[1]       ; 5.564 ; 6.066 ; 6.066 ; 5.564 ;
; SPULS      ; IO[2]       ; 5.932 ; 6.422 ; 6.422 ; 5.932 ;
; SPULS      ; IO[3]       ; 5.807 ; 6.412 ; 6.412 ; 5.807 ;
; SPULS      ; IO[4]       ; 5.568 ; 6.306 ; 6.306 ; 5.568 ;
; SPULS      ; IO[5]       ; 6.016 ; 6.400 ; 6.400 ; 6.016 ;
; SPULS      ; IO[6]       ; 5.521 ; 6.326 ; 6.326 ; 5.521 ;
; SPULS      ; IO[7]       ; 5.505 ; 6.076 ; 6.076 ; 5.505 ;
+------------+-------------+-------+-------+-------+-------+


+----------------------------------------------------------------------+
; Output Enable Times                                                  ;
+-----------+------------+-------+------+------------+-----------------+
; Data Port ; Clock Port ; Rise  ; Fall ; Clock Edge ; Clock Reference ;
+-----------+------------+-------+------+------------+-----------------+
; IO[*]     ; CLKi       ; 5.066 ;      ; Rise       ; CLKi            ;
;  IO[0]    ; CLKi       ; 5.400 ;      ; Rise       ; CLKi            ;
;  IO[1]    ; CLKi       ; 5.066 ;      ; Rise       ; CLKi            ;
;  IO[2]    ; CLKi       ; 5.422 ;      ; Rise       ; CLKi            ;
;  IO[3]    ; CLKi       ; 5.412 ;      ; Rise       ; CLKi            ;
;  IO[4]    ; CLKi       ; 5.306 ;      ; Rise       ; CLKi            ;
;  IO[5]    ; CLKi       ; 5.400 ;      ; Rise       ; CLKi            ;
;  IO[6]    ; CLKi       ; 5.326 ;      ; Rise       ; CLKi            ;
;  IO[7]    ; CLKi       ; 5.076 ;      ; Rise       ; CLKi            ;
; IO[*]     ; CLKi       ; 8.322 ;      ; Fall       ; CLKi            ;
;  IO[0]    ; CLKi       ; 8.656 ;      ; Fall       ; CLKi            ;
;  IO[1]    ; CLKi       ; 8.322 ;      ; Fall       ; CLKi            ;
;  IO[2]    ; CLKi       ; 8.678 ;      ; Fall       ; CLKi            ;
;  IO[3]    ; CLKi       ; 8.668 ;      ; Fall       ; CLKi            ;
;  IO[4]    ; CLKi       ; 8.562 ;      ; Fall       ; CLKi            ;
;  IO[5]    ; CLKi       ; 8.656 ;      ; Fall       ; CLKi            ;
;  IO[6]    ; CLKi       ; 8.582 ;      ; Fall       ; CLKi            ;
;  IO[7]    ; CLKi       ; 8.332 ;      ; Fall       ; CLKi            ;
+-----------+------------+-------+------+------------+-----------------+


+----------------------------------------------------------------------+
; Minimum Output Enable Times                                          ;
+-----------+------------+-------+------+------------+-----------------+
; Data Port ; Clock Port ; Rise  ; Fall ; Clock Edge ; Clock Reference ;
+-----------+------------+-------+------+------------+-----------------+
; IO[*]     ; CLKi       ; 5.066 ;      ; Rise       ; CLKi            ;
;  IO[0]    ; CLKi       ; 5.400 ;      ; Rise       ; CLKi            ;
;  IO[1]    ; CLKi       ; 5.066 ;      ; Rise       ; CLKi            ;
;  IO[2]    ; CLKi       ; 5.422 ;      ; Rise       ; CLKi            ;
;  IO[3]    ; CLKi       ; 5.412 ;      ; Rise       ; CLKi            ;
;  IO[4]    ; CLKi       ; 5.306 ;      ; Rise       ; CLKi            ;
;  IO[5]    ; CLKi       ; 5.400 ;      ; Rise       ; CLKi            ;
;  IO[6]    ; CLKi       ; 5.326 ;      ; Rise       ; CLKi            ;
;  IO[7]    ; CLKi       ; 5.076 ;      ; Rise       ; CLKi            ;
; IO[*]     ; CLKi       ; 5.066 ;      ; Fall       ; CLKi            ;
;  IO[0]    ; CLKi       ; 5.400 ;      ; Fall       ; CLKi            ;
;  IO[1]    ; CLKi       ; 5.066 ;      ; Fall       ; CLKi            ;
;  IO[2]    ; CLKi       ; 5.422 ;      ; Fall       ; CLKi            ;
;  IO[3]    ; CLKi       ; 5.412 ;      ; Fall       ; CLKi            ;
;  IO[4]    ; CLKi       ; 5.306 ;      ; Fall       ; CLKi            ;
;  IO[5]    ; CLKi       ; 5.400 ;      ; Fall       ; CLKi            ;
;  IO[6]    ; CLKi       ; 5.326 ;      ; Fall       ; CLKi            ;
;  IO[7]    ; CLKi       ; 5.076 ;      ; Fall       ; CLKi            ;
+-----------+------------+-------+------+------------+-----------------+


+-------------------------------------------------------------------------------+
; Output Disable Times                                                          ;
+-----------+------------+-----------+-----------+------------+-----------------+
; Data Port ; Clock Port ; 0 to Hi-Z ; 1 to Hi-Z ; Clock Edge ; Clock Reference ;
+-----------+------------+-----------+-----------+------------+-----------------+
; IO[*]     ; CLKi       ; 5.066     ;           ; Rise       ; CLKi            ;
;  IO[0]    ; CLKi       ; 5.400     ;           ; Rise       ; CLKi            ;
;  IO[1]    ; CLKi       ; 5.066     ;           ; Rise       ; CLKi            ;
;  IO[2]    ; CLKi       ; 5.422     ;           ; Rise       ; CLKi            ;
;  IO[3]    ; CLKi       ; 5.412     ;           ; Rise       ; CLKi            ;
;  IO[4]    ; CLKi       ; 5.306     ;           ; Rise       ; CLKi            ;
;  IO[5]    ; CLKi       ; 5.400     ;           ; Rise       ; CLKi            ;
;  IO[6]    ; CLKi       ; 5.326     ;           ; Rise       ; CLKi            ;
;  IO[7]    ; CLKi       ; 5.076     ;           ; Rise       ; CLKi            ;
; IO[*]     ; CLKi       ; 8.322     ;           ; Fall       ; CLKi            ;
;  IO[0]    ; CLKi       ; 8.656     ;           ; Fall       ; CLKi            ;
;  IO[1]    ; CLKi       ; 8.322     ;           ; Fall       ; CLKi            ;
;  IO[2]    ; CLKi       ; 8.678     ;           ; Fall       ; CLKi            ;
;  IO[3]    ; CLKi       ; 8.668     ;           ; Fall       ; CLKi            ;
;  IO[4]    ; CLKi       ; 8.562     ;           ; Fall       ; CLKi            ;
;  IO[5]    ; CLKi       ; 8.656     ;           ; Fall       ; CLKi            ;
;  IO[6]    ; CLKi       ; 8.582     ;           ; Fall       ; CLKi            ;
;  IO[7]    ; CLKi       ; 8.332     ;           ; Fall       ; CLKi            ;
+-----------+------------+-----------+-----------+------------+-----------------+


+-------------------------------------------------------------------------------+
; Minimum Output Disable Times                                                  ;
+-----------+------------+-----------+-----------+------------+-----------------+
; Data Port ; Clock Port ; 0 to Hi-Z ; 1 to Hi-Z ; Clock Edge ; Clock Reference ;
+-----------+------------+-----------+-----------+------------+-----------------+
; IO[*]     ; CLKi       ; 5.066     ;           ; Rise       ; CLKi            ;
;  IO[0]    ; CLKi       ; 5.400     ;           ; Rise       ; CLKi            ;
;  IO[1]    ; CLKi       ; 5.066     ;           ; Rise       ; CLKi            ;
;  IO[2]    ; CLKi       ; 5.422     ;           ; Rise       ; CLKi            ;
;  IO[3]    ; CLKi       ; 5.412     ;           ; Rise       ; CLKi            ;
;  IO[4]    ; CLKi       ; 5.306     ;           ; Rise       ; CLKi            ;
;  IO[5]    ; CLKi       ; 5.400     ;           ; Rise       ; CLKi            ;
;  IO[6]    ; CLKi       ; 5.326     ;           ; Rise       ; CLKi            ;
;  IO[7]    ; CLKi       ; 5.076     ;           ; Rise       ; CLKi            ;
; IO[*]     ; CLKi       ; 5.066     ;           ; Fall       ; CLKi            ;
;  IO[0]    ; CLKi       ; 5.400     ;           ; Fall       ; CLKi            ;
;  IO[1]    ; CLKi       ; 5.066     ;           ; Fall       ; CLKi            ;
;  IO[2]    ; CLKi       ; 5.422     ;           ; Fall       ; CLKi            ;
;  IO[3]    ; CLKi       ; 5.412     ;           ; Fall       ; CLKi            ;
;  IO[4]    ; CLKi       ; 5.306     ;           ; Fall       ; CLKi            ;
;  IO[5]    ; CLKi       ; 5.400     ;           ; Fall       ; CLKi            ;
;  IO[6]    ; CLKi       ; 5.326     ;           ; Fall       ; CLKi            ;
;  IO[7]    ; CLKi       ; 5.076     ;           ; Fall       ; CLKi            ;
+-----------+------------+-----------+-----------+------------+-----------------+


+-----------------------------------------------------------------------------------+
; Multicorner Timing Analysis Summary                                               ;
+------------------+------------+--------+----------+---------+---------------------+
; Clock            ; Setup      ; Hold   ; Recovery ; Removal ; Minimum Pulse Width ;
+------------------+------------+--------+----------+---------+---------------------+
; Worst-case Slack ; -14.894    ; -0.724 ; N/A      ; N/A     ; -2.277              ;
;  CLKi            ; -14.894    ; -0.724 ; N/A      ; N/A     ; -2.277              ;
; Design-wide TNS  ; -12121.538 ; -6.687 ; 0.0      ; 0.0     ; -3260.285           ;
;  CLKi            ; -12121.538 ; -6.687 ; N/A      ; N/A     ; -3260.285           ;
+------------------+------------+--------+----------+---------+---------------------+


+-------------------------------------------------------------------------+
; Setup Times                                                             ;
+-----------+------------+--------+--------+------------+-----------------+
; Data Port ; Clock Port ; Rise   ; Fall   ; Clock Edge ; Clock Reference ;
+-----------+------------+--------+--------+------------+-----------------+
; CLKi      ; CLKi       ; 1.232  ; 1.232  ; Rise       ; CLKi            ;
; CLRN      ; CLKi       ; 4.464  ; 4.464  ; Rise       ; CLKi            ;
; SPULS     ; CLKi       ; 4.604  ; 4.604  ; Rise       ; CLKi            ;
; CLRN      ; CLKi       ; -0.010 ; -0.010 ; Fall       ; CLKi            ;
+-----------+------------+--------+--------+------------+-----------------+


+-------------------------------------------------------------------------+
; Hold Times                                                              ;
+-----------+------------+--------+--------+------------+-----------------+
; Data Port ; Clock Port ; Rise   ; Fall   ; Clock Edge ; Clock Reference ;
+-----------+------------+--------+--------+------------+-----------------+
; CLKi      ; CLKi       ; 0.724  ; 0.724  ; Rise       ; CLKi            ;
; CLRN      ; CLKi       ; -0.410 ; -0.410 ; Rise       ; CLKi            ;
; SPULS     ; CLKi       ; -0.367 ; -0.367 ; Rise       ; CLKi            ;
; CLRN      ; CLKi       ; 4.446  ; 4.446  ; Fall       ; CLKi            ;
+-----------+------------+--------+--------+------------+-----------------+


+-------------------------------------------------------------------------+
; Clock to Output Times                                                   ;
+-----------+------------+--------+--------+------------+-----------------+
; Data Port ; Clock Port ; Rise   ; Fall   ; Clock Edge ; Clock Reference ;
+-----------+------------+--------+--------+------------+-----------------+
; IO[*]     ; CLKi       ; 25.563 ; 25.563 ; Rise       ; CLKi            ;
;  IO[0]    ; CLKi       ; 25.233 ; 25.233 ; Rise       ; CLKi            ;
;  IO[1]    ; CLKi       ; 24.524 ; 24.524 ; Rise       ; CLKi            ;
;  IO[2]    ; CLKi       ; 25.563 ; 25.563 ; Rise       ; CLKi            ;
;  IO[3]    ; CLKi       ; 25.335 ; 25.335 ; Rise       ; CLKi            ;
;  IO[4]    ; CLKi       ; 24.817 ; 24.817 ; Rise       ; CLKi            ;
;  IO[5]    ; CLKi       ; 25.508 ; 25.508 ; Rise       ; CLKi            ;
;  IO[6]    ; CLKi       ; 24.348 ; 24.348 ; Rise       ; CLKi            ;
;  IO[7]    ; CLKi       ; 24.336 ; 24.336 ; Rise       ; CLKi            ;
; IR[*]     ; CLKi       ; 13.494 ; 13.494 ; Rise       ; CLKi            ;
;  IR[0]    ; CLKi       ; 13.042 ; 13.042 ; Rise       ; CLKi            ;
;  IR[1]    ; CLKi       ; 13.494 ; 13.494 ; Rise       ; CLKi            ;
;  IR[2]    ; CLKi       ; 11.801 ; 11.801 ; Rise       ; CLKi            ;
;  IR[3]    ; CLKi       ; 12.892 ; 12.892 ; Rise       ; CLKi            ;
;  IR[4]    ; CLKi       ; 12.500 ; 12.500 ; Rise       ; CLKi            ;
;  IR[5]    ; CLKi       ; 12.297 ; 12.297 ; Rise       ; CLKi            ;
;  IR[6]    ; CLKi       ; 12.199 ; 12.199 ; Rise       ; CLKi            ;
;  IR[7]    ; CLKi       ; 12.269 ; 12.269 ; Rise       ; CLKi            ;
; MAR[*]    ; CLKi       ; 14.142 ; 14.142 ; Rise       ; CLKi            ;
;  MAR[0]   ; CLKi       ; 13.379 ; 13.379 ; Rise       ; CLKi            ;
;  MAR[1]   ; CLKi       ; 13.589 ; 13.589 ; Rise       ; CLKi            ;
;  MAR[2]   ; CLKi       ; 13.646 ; 13.646 ; Rise       ; CLKi            ;
;  MAR[3]   ; CLKi       ; 14.142 ; 14.142 ; Rise       ; CLKi            ;
;  MAR[4]   ; CLKi       ; 13.697 ; 13.697 ; Rise       ; CLKi            ;
;  MAR[5]   ; CLKi       ; 13.286 ; 13.286 ; Rise       ; CLKi            ;
;  MAR[6]   ; CLKi       ; 13.780 ; 13.780 ; Rise       ; CLKi            ;
;  MAR[7]   ; CLKi       ; 13.250 ; 13.250 ; Rise       ; CLKi            ;
; MDR[*]    ; CLKi       ; 13.526 ; 13.526 ; Rise       ; CLKi            ;
;  MDR[0]   ; CLKi       ; 13.408 ; 13.408 ; Rise       ; CLKi            ;
;  MDR[1]   ; CLKi       ; 13.107 ; 13.107 ; Rise       ; CLKi            ;
;  MDR[2]   ; CLKi       ; 13.504 ; 13.504 ; Rise       ; CLKi            ;
;  MDR[3]   ; CLKi       ; 12.626 ; 12.626 ; Rise       ; CLKi            ;
;  MDR[4]   ; CLKi       ; 13.526 ; 13.526 ; Rise       ; CLKi            ;
;  MDR[5]   ; CLKi       ; 13.450 ; 13.450 ; Rise       ; CLKi            ;
;  MDR[6]   ; CLKi       ; 12.755 ; 12.755 ; Rise       ; CLKi            ;
;  MDR[7]   ; CLKi       ; 12.337 ; 12.337 ; Rise       ; CLKi            ;
; OVF       ; CLKi       ; 12.794 ; 12.794 ; Rise       ; CLKi            ;
; PC[*]     ; CLKi       ; 13.157 ; 13.157 ; Rise       ; CLKi            ;
;  PC[0]    ; CLKi       ; 11.924 ; 11.924 ; Rise       ; CLKi            ;
;  PC[1]    ; CLKi       ; 12.686 ; 12.686 ; Rise       ; CLKi            ;
;  PC[2]    ; CLKi       ; 12.987 ; 12.987 ; Rise       ; CLKi            ;
;  PC[3]    ; CLKi       ; 12.677 ; 12.677 ; Rise       ; CLKi            ;
;  PC[4]    ; CLKi       ; 13.157 ; 13.157 ; Rise       ; CLKi            ;
;  PC[5]    ; CLKi       ; 12.929 ; 12.929 ; Rise       ; CLKi            ;
;  PC[6]    ; CLKi       ; 13.138 ; 13.138 ; Rise       ; CLKi            ;
;  PC[7]    ; CLKi       ; 11.938 ; 11.938 ; Rise       ; CLKi            ;
; Ra[*]     ; CLKi       ; 16.820 ; 16.820 ; Rise       ; CLKi            ;
;  Ra[0]    ; CLKi       ; 16.791 ; 16.791 ; Rise       ; CLKi            ;
;  Ra[1]    ; CLKi       ; 16.614 ; 16.614 ; Rise       ; CLKi            ;
;  Ra[2]    ; CLKi       ; 16.562 ; 16.562 ; Rise       ; CLKi            ;
;  Ra[3]    ; CLKi       ; 15.712 ; 15.712 ; Rise       ; CLKi            ;
;  Ra[4]    ; CLKi       ; 16.820 ; 16.820 ; Rise       ; CLKi            ;
;  Ra[5]    ; CLKi       ; 16.665 ; 16.665 ; Rise       ; CLKi            ;
;  Ra[6]    ; CLKi       ; 16.419 ; 16.419 ; Rise       ; CLKi            ;
;  Ra[7]    ; CLKi       ; 16.630 ; 16.630 ; Rise       ; CLKi            ;
; Rb[*]     ; CLKi       ; 17.385 ; 17.385 ; Rise       ; CLKi            ;
;  Rb[0]    ; CLKi       ; 15.456 ; 15.456 ; Rise       ; CLKi            ;
;  Rb[1]    ; CLKi       ; 17.385 ; 17.385 ; Rise       ; CLKi            ;
;  Rb[2]    ; CLKi       ; 16.566 ; 16.566 ; Rise       ; CLKi            ;
;  Rb[3]    ; CLKi       ; 16.210 ; 16.210 ; Rise       ; CLKi            ;
;  Rb[4]    ; CLKi       ; 15.600 ; 15.600 ; Rise       ; CLKi            ;
;  Rb[5]    ; CLKi       ; 16.043 ; 16.043 ; Rise       ; CLKi            ;
;  Rb[6]    ; CLKi       ; 16.008 ; 16.008 ; Rise       ; CLKi            ;
;  Rb[7]    ; CLKi       ; 17.111 ; 17.111 ; Rise       ; CLKi            ;
; uPC[*]    ; CLKi       ; 14.184 ; 14.184 ; Rise       ; CLKi            ;
;  uPC[0]   ; CLKi       ; 12.985 ; 12.985 ; Rise       ; CLKi            ;
;  uPC[1]   ; CLKi       ; 13.421 ; 13.421 ; Rise       ; CLKi            ;
;  uPC[2]   ; CLKi       ; 13.820 ; 13.820 ; Rise       ; CLKi            ;
;  uPC[3]   ; CLKi       ; 13.041 ; 13.041 ; Rise       ; CLKi            ;
;  uPC[4]   ; CLKi       ; 14.184 ; 14.184 ; Rise       ; CLKi            ;
;  uPC[5]   ; CLKi       ; 13.038 ; 13.038 ; Rise       ; CLKi            ;
;  uPC[6]   ; CLKi       ; 13.015 ; 13.015 ; Rise       ; CLKi            ;
;  uPC[7]   ; CLKi       ; 13.800 ; 13.800 ; Rise       ; CLKi            ;
; IMM[*]    ; CLKi       ; 18.548 ; 18.548 ; Fall       ; CLKi            ;
;  IMM[0]   ; CLKi       ; 18.282 ; 18.282 ; Fall       ; CLKi            ;
;  IMM[1]   ; CLKi       ; 17.695 ; 17.695 ; Fall       ; CLKi            ;
;  IMM[2]   ; CLKi       ; 17.797 ; 17.797 ; Fall       ; CLKi            ;
;  IMM[3]   ; CLKi       ; 17.467 ; 17.467 ; Fall       ; CLKi            ;
;  IMM[4]   ; CLKi       ; 17.843 ; 17.843 ; Fall       ; CLKi            ;
;  IMM[5]   ; CLKi       ; 17.279 ; 17.279 ; Fall       ; CLKi            ;
;  IMM[6]   ; CLKi       ; 18.391 ; 18.391 ; Fall       ; CLKi            ;
;  IMM[7]   ; CLKi       ; 18.548 ; 18.548 ; Fall       ; CLKi            ;
; IO[*]     ; CLKi       ; 25.534 ; 25.534 ; Fall       ; CLKi            ;
;  IO[0]    ; CLKi       ; 25.516 ; 25.516 ; Fall       ; CLKi            ;
;  IO[1]    ; CLKi       ; 24.457 ; 24.457 ; Fall       ; CLKi            ;
;  IO[2]    ; CLKi       ; 25.534 ; 25.534 ; Fall       ; CLKi            ;
;  IO[3]    ; CLKi       ; 25.144 ; 25.144 ; Fall       ; CLKi            ;
;  IO[4]    ; CLKi       ; 24.521 ; 24.521 ; Fall       ; CLKi            ;
;  IO[5]    ; CLKi       ; 25.435 ; 25.435 ; Fall       ; CLKi            ;
;  IO[6]    ; CLKi       ; 24.368 ; 24.368 ; Fall       ; CLKi            ;
;  IO[7]    ; CLKi       ; 24.349 ; 24.349 ; Fall       ; CLKi            ;
; R         ; CLKi       ; 14.914 ; 14.914 ; Fall       ; CLKi            ;
; W         ; CLKi       ; 14.914 ; 14.914 ; Fall       ; CLKi            ;
; uIR[*]    ; CLKi       ; 18.205 ; 18.205 ; Fall       ; CLKi            ;
;  uIR[0]   ; CLKi       ; 14.899 ; 14.899 ; Fall       ; CLKi            ;
;  uIR[1]   ; CLKi       ; 14.914 ; 14.914 ; Fall       ; CLKi            ;
;  uIR[2]   ; CLKi       ; 16.019 ; 16.019 ; Fall       ; CLKi            ;
;  uIR[3]   ; CLKi       ; 15.953 ; 15.953 ; Fall       ; CLKi            ;
;  uIR[4]   ; CLKi       ; 16.349 ; 16.349 ; Fall       ; CLKi            ;
;  uIR[5]   ; CLKi       ; 17.271 ; 17.271 ; Fall       ; CLKi            ;
;  uIR[6]   ; CLKi       ; 16.357 ; 16.357 ; Fall       ; CLKi            ;
;  uIR[7]   ; CLKi       ; 17.492 ; 17.492 ; Fall       ; CLKi            ;
;  uIR[8]   ; CLKi       ; 16.796 ; 16.796 ; Fall       ; CLKi            ;
;  uIR[9]   ; CLKi       ; 16.035 ; 16.035 ; Fall       ; CLKi            ;
;  uIR[10]  ; CLKi       ; 15.926 ; 15.926 ; Fall       ; CLKi            ;
;  uIR[11]  ; CLKi       ; 15.640 ; 15.640 ; Fall       ; CLKi            ;
;  uIR[12]  ; CLKi       ; 16.408 ; 16.408 ; Fall       ; CLKi            ;
;  uIR[13]  ; CLKi       ; 18.205 ; 18.205 ; Fall       ; CLKi            ;
;  uIR[14]  ; CLKi       ; 16.567 ; 16.567 ; Fall       ; CLKi            ;
;  uIR[15]  ; CLKi       ; 15.917 ; 15.917 ; Fall       ; CLKi            ;
;  uIR[16]  ; CLKi       ; 15.856 ; 15.856 ; Fall       ; CLKi            ;
;  uIR[17]  ; CLKi       ; 15.848 ; 15.848 ; Fall       ; CLKi            ;
;  uIR[18]  ; CLKi       ; 15.844 ; 15.844 ; Fall       ; CLKi            ;
;  uIR[19]  ; CLKi       ; 16.018 ; 16.018 ; Fall       ; CLKi            ;
;  uIR[20]  ; CLKi       ; 15.852 ; 15.852 ; Fall       ; CLKi            ;
;  uIR[21]  ; CLKi       ; 15.870 ; 15.870 ; Fall       ; CLKi            ;
;  uIR[22]  ; CLKi       ; 16.008 ; 16.008 ; Fall       ; CLKi            ;
;  uIR[23]  ; CLKi       ; 16.730 ; 16.730 ; Fall       ; CLKi            ;
+-----------+------------+--------+--------+------------+-----------------+


+-----------------------------------------------------------------------+
; Minimum Clock to Output Times                                         ;
+-----------+------------+-------+-------+------------+-----------------+
; Data Port ; Clock Port ; Rise  ; Fall  ; Clock Edge ; Clock Reference ;
+-----------+------------+-------+-------+------------+-----------------+
; IO[*]     ; CLKi       ; 4.505 ; 4.505 ; Rise       ; CLKi            ;
;  IO[0]    ; CLKi       ; 4.828 ; 4.828 ; Rise       ; CLKi            ;
;  IO[1]    ; CLKi       ; 4.564 ; 4.564 ; Rise       ; CLKi            ;
;  IO[2]    ; CLKi       ; 4.932 ; 4.932 ; Rise       ; CLKi            ;
;  IO[3]    ; CLKi       ; 4.807 ; 4.807 ; Rise       ; CLKi            ;
;  IO[4]    ; CLKi       ; 4.568 ; 4.568 ; Rise       ; CLKi            ;
;  IO[5]    ; CLKi       ; 5.016 ; 5.016 ; Rise       ; CLKi            ;
;  IO[6]    ; CLKi       ; 4.521 ; 4.521 ; Rise       ; CLKi            ;
;  IO[7]    ; CLKi       ; 4.505 ; 4.505 ; Rise       ; CLKi            ;
; IR[*]     ; CLKi       ; 5.119 ; 5.119 ; Rise       ; CLKi            ;
;  IR[0]    ; CLKi       ; 5.578 ; 5.578 ; Rise       ; CLKi            ;
;  IR[1]    ; CLKi       ; 5.733 ; 5.733 ; Rise       ; CLKi            ;
;  IR[2]    ; CLKi       ; 5.119 ; 5.119 ; Rise       ; CLKi            ;
;  IR[3]    ; CLKi       ; 5.450 ; 5.450 ; Rise       ; CLKi            ;
;  IR[4]    ; CLKi       ; 5.409 ; 5.409 ; Rise       ; CLKi            ;
;  IR[5]    ; CLKi       ; 5.343 ; 5.343 ; Rise       ; CLKi            ;
;  IR[6]    ; CLKi       ; 5.362 ; 5.362 ; Rise       ; CLKi            ;
;  IR[7]    ; CLKi       ; 5.331 ; 5.331 ; Rise       ; CLKi            ;
; MAR[*]    ; CLKi       ; 5.686 ; 5.686 ; Rise       ; CLKi            ;
;  MAR[0]   ; CLKi       ; 5.724 ; 5.724 ; Rise       ; CLKi            ;
;  MAR[1]   ; CLKi       ; 5.776 ; 5.776 ; Rise       ; CLKi            ;
;  MAR[2]   ; CLKi       ; 5.883 ; 5.883 ; Rise       ; CLKi            ;
;  MAR[3]   ; CLKi       ; 6.017 ; 6.017 ; Rise       ; CLKi            ;
;  MAR[4]   ; CLKi       ; 5.824 ; 5.824 ; Rise       ; CLKi            ;
;  MAR[5]   ; CLKi       ; 5.718 ; 5.718 ; Rise       ; CLKi            ;
;  MAR[6]   ; CLKi       ; 5.894 ; 5.894 ; Rise       ; CLKi            ;
;  MAR[7]   ; CLKi       ; 5.686 ; 5.686 ; Rise       ; CLKi            ;
; MDR[*]    ; CLKi       ; 5.295 ; 5.295 ; Rise       ; CLKi            ;
;  MDR[0]   ; CLKi       ; 5.674 ; 5.674 ; Rise       ; CLKi            ;
;  MDR[1]   ; CLKi       ; 5.538 ; 5.538 ; Rise       ; CLKi            ;
;  MDR[2]   ; CLKi       ; 5.756 ; 5.756 ; Rise       ; CLKi            ;
;  MDR[3]   ; CLKi       ; 5.427 ; 5.427 ; Rise       ; CLKi            ;
;  MDR[4]   ; CLKi       ; 5.757 ; 5.757 ; Rise       ; CLKi            ;
;  MDR[5]   ; CLKi       ; 5.679 ; 5.679 ; Rise       ; CLKi            ;
;  MDR[6]   ; CLKi       ; 5.510 ; 5.510 ; Rise       ; CLKi            ;
;  MDR[7]   ; CLKi       ; 5.295 ; 5.295 ; Rise       ; CLKi            ;
; OVF       ; CLKi       ; 5.464 ; 5.464 ; Rise       ; CLKi            ;
; PC[*]     ; CLKi       ; 5.238 ; 5.238 ; Rise       ; CLKi            ;
;  PC[0]    ; CLKi       ; 5.238 ; 5.238 ; Rise       ; CLKi            ;
;  PC[1]    ; CLKi       ; 5.444 ; 5.444 ; Rise       ; CLKi            ;
;  PC[2]    ; CLKi       ; 5.520 ; 5.520 ; Rise       ; CLKi            ;
;  PC[3]    ; CLKi       ; 5.477 ; 5.477 ; Rise       ; CLKi            ;
;  PC[4]    ; CLKi       ; 5.648 ; 5.648 ; Rise       ; CLKi            ;
;  PC[5]    ; CLKi       ; 5.556 ; 5.556 ; Rise       ; CLKi            ;
;  PC[6]    ; CLKi       ; 5.643 ; 5.643 ; Rise       ; CLKi            ;
;  PC[7]    ; CLKi       ; 5.239 ; 5.239 ; Rise       ; CLKi            ;
; Ra[*]     ; CLKi       ; 5.377 ; 5.377 ; Rise       ; CLKi            ;
;  Ra[0]    ; CLKi       ; 5.843 ; 5.843 ; Rise       ; CLKi            ;
;  Ra[1]    ; CLKi       ; 5.470 ; 5.470 ; Rise       ; CLKi            ;
;  Ra[2]    ; CLKi       ; 6.153 ; 6.153 ; Rise       ; CLKi            ;
;  Ra[3]    ; CLKi       ; 5.377 ; 5.377 ; Rise       ; CLKi            ;
;  Ra[4]    ; CLKi       ; 5.709 ; 5.709 ; Rise       ; CLKi            ;
;  Ra[5]    ; CLKi       ; 6.059 ; 6.059 ; Rise       ; CLKi            ;
;  Ra[6]    ; CLKi       ; 5.528 ; 5.528 ; Rise       ; CLKi            ;
;  Ra[7]    ; CLKi       ; 6.032 ; 6.032 ; Rise       ; CLKi            ;
; Rb[*]     ; CLKi       ; 5.646 ; 5.646 ; Rise       ; CLKi            ;
;  Rb[0]    ; CLKi       ; 5.646 ; 5.646 ; Rise       ; CLKi            ;
;  Rb[1]    ; CLKi       ; 5.704 ; 5.704 ; Rise       ; CLKi            ;
;  Rb[2]    ; CLKi       ; 5.770 ; 5.770 ; Rise       ; CLKi            ;
;  Rb[3]    ; CLKi       ; 5.765 ; 5.765 ; Rise       ; CLKi            ;
;  Rb[4]    ; CLKi       ; 5.682 ; 5.682 ; Rise       ; CLKi            ;
;  Rb[5]    ; CLKi       ; 5.727 ; 5.727 ; Rise       ; CLKi            ;
;  Rb[6]    ; CLKi       ; 5.733 ; 5.733 ; Rise       ; CLKi            ;
;  Rb[7]    ; CLKi       ; 6.090 ; 6.090 ; Rise       ; CLKi            ;
; uPC[*]    ; CLKi       ; 5.568 ; 5.568 ; Rise       ; CLKi            ;
;  uPC[0]   ; CLKi       ; 5.600 ; 5.600 ; Rise       ; CLKi            ;
;  uPC[1]   ; CLKi       ; 5.712 ; 5.712 ; Rise       ; CLKi            ;
;  uPC[2]   ; CLKi       ; 5.793 ; 5.793 ; Rise       ; CLKi            ;
;  uPC[3]   ; CLKi       ; 5.675 ; 5.675 ; Rise       ; CLKi            ;
;  uPC[4]   ; CLKi       ; 5.940 ; 5.940 ; Rise       ; CLKi            ;
;  uPC[5]   ; CLKi       ; 5.586 ; 5.586 ; Rise       ; CLKi            ;
;  uPC[6]   ; CLKi       ; 5.568 ; 5.568 ; Rise       ; CLKi            ;
;  uPC[7]   ; CLKi       ; 5.824 ; 5.824 ; Rise       ; CLKi            ;
; IMM[*]    ; CLKi       ; 7.508 ; 7.508 ; Fall       ; CLKi            ;
;  IMM[0]   ; CLKi       ; 7.947 ; 7.947 ; Fall       ; CLKi            ;
;  IMM[1]   ; CLKi       ; 7.655 ; 7.655 ; Fall       ; CLKi            ;
;  IMM[2]   ; CLKi       ; 7.701 ; 7.701 ; Fall       ; CLKi            ;
;  IMM[3]   ; CLKi       ; 7.650 ; 7.650 ; Fall       ; CLKi            ;
;  IMM[4]   ; CLKi       ; 7.802 ; 7.802 ; Fall       ; CLKi            ;
;  IMM[5]   ; CLKi       ; 7.508 ; 7.508 ; Fall       ; CLKi            ;
;  IMM[6]   ; CLKi       ; 7.982 ; 7.982 ; Fall       ; CLKi            ;
;  IMM[7]   ; CLKi       ; 7.931 ; 7.931 ; Fall       ; CLKi            ;
; IO[*]     ; CLKi       ; 4.505 ; 4.505 ; Fall       ; CLKi            ;
;  IO[0]    ; CLKi       ; 4.828 ; 4.828 ; Fall       ; CLKi            ;
;  IO[1]    ; CLKi       ; 4.564 ; 4.564 ; Fall       ; CLKi            ;
;  IO[2]    ; CLKi       ; 4.932 ; 4.932 ; Fall       ; CLKi            ;
;  IO[3]    ; CLKi       ; 4.807 ; 4.807 ; Fall       ; CLKi            ;
;  IO[4]    ; CLKi       ; 4.568 ; 4.568 ; Fall       ; CLKi            ;
;  IO[5]    ; CLKi       ; 5.016 ; 5.016 ; Fall       ; CLKi            ;
;  IO[6]    ; CLKi       ; 4.521 ; 4.521 ; Fall       ; CLKi            ;
;  IO[7]    ; CLKi       ; 4.505 ; 4.505 ; Fall       ; CLKi            ;
; R         ; CLKi       ; 6.481 ; 6.481 ; Fall       ; CLKi            ;
; W         ; CLKi       ; 6.471 ; 6.471 ; Fall       ; CLKi            ;
; uIR[*]    ; CLKi       ; 6.458 ; 6.458 ; Fall       ; CLKi            ;
;  uIR[0]   ; CLKi       ; 6.458 ; 6.458 ; Fall       ; CLKi            ;
;  uIR[1]   ; CLKi       ; 6.481 ; 6.481 ; Fall       ; CLKi            ;
;  uIR[2]   ; CLKi       ; 7.277 ; 7.277 ; Fall       ; CLKi            ;
;  uIR[3]   ; CLKi       ; 7.229 ; 7.229 ; Fall       ; CLKi            ;
;  uIR[4]   ; CLKi       ; 7.372 ; 7.372 ; Fall       ; CLKi            ;
;  uIR[5]   ; CLKi       ; 7.695 ; 7.695 ; Fall       ; CLKi            ;
;  uIR[6]   ; CLKi       ; 7.318 ; 7.318 ; Fall       ; CLKi            ;
;  uIR[7]   ; CLKi       ; 7.677 ; 7.677 ; Fall       ; CLKi            ;
;  uIR[8]   ; CLKi       ; 7.490 ; 7.490 ; Fall       ; CLKi            ;
;  uIR[9]   ; CLKi       ; 7.278 ; 7.278 ; Fall       ; CLKi            ;
;  uIR[10]  ; CLKi       ; 7.191 ; 7.191 ; Fall       ; CLKi            ;
;  uIR[11]  ; CLKi       ; 7.148 ; 7.148 ; Fall       ; CLKi            ;
;  uIR[12]  ; CLKi       ; 7.384 ; 7.384 ; Fall       ; CLKi            ;
;  uIR[13]  ; CLKi       ; 7.944 ; 7.944 ; Fall       ; CLKi            ;
;  uIR[14]  ; CLKi       ; 7.454 ; 7.454 ; Fall       ; CLKi            ;
;  uIR[15]  ; CLKi       ; 7.170 ; 7.170 ; Fall       ; CLKi            ;
;  uIR[16]  ; CLKi       ; 7.131 ; 7.131 ; Fall       ; CLKi            ;
;  uIR[17]  ; CLKi       ; 7.129 ; 7.129 ; Fall       ; CLKi            ;
;  uIR[18]  ; CLKi       ; 7.131 ; 7.131 ; Fall       ; CLKi            ;
;  uIR[19]  ; CLKi       ; 7.259 ; 7.259 ; Fall       ; CLKi            ;
;  uIR[20]  ; CLKi       ; 7.126 ; 7.126 ; Fall       ; CLKi            ;
;  uIR[21]  ; CLKi       ; 7.143 ; 7.143 ; Fall       ; CLKi            ;
;  uIR[22]  ; CLKi       ; 7.221 ; 7.221 ; Fall       ; CLKi            ;
;  uIR[23]  ; CLKi       ; 7.439 ; 7.439 ; Fall       ; CLKi            ;
+-----------+------------+-------+-------+------------+-----------------+


+--------------------------------------------------------------+
; Progagation Delay                                            ;
+------------+-------------+--------+--------+--------+--------+
; Input Port ; Output Port ; RR     ; RF     ; FR     ; FF     ;
+------------+-------------+--------+--------+--------+--------+
; CLRN       ; IO[0]       ; 17.251 ; 17.251 ; 17.251 ; 17.251 ;
; CLRN       ; IO[1]       ; 16.048 ; 16.048 ; 16.048 ; 16.048 ;
; CLRN       ; IO[2]       ; 17.035 ; 17.035 ; 17.035 ; 17.035 ;
; CLRN       ; IO[3]       ; 17.025 ; 17.025 ; 17.025 ; 17.025 ;
; CLRN       ; IO[4]       ; 16.815 ; 16.815 ; 16.815 ; 16.815 ;
; CLRN       ; IO[5]       ; 17.251 ; 17.251 ; 17.251 ; 17.251 ;
; CLRN       ; IO[6]       ; 16.835 ; 16.835 ; 16.835 ; 16.835 ;
; CLRN       ; IO[7]       ; 16.058 ; 16.058 ; 16.058 ; 16.058 ;
; SPULS      ; IO[0]       ; 17.391 ; 17.391 ; 17.391 ; 17.391 ;
; SPULS      ; IO[1]       ; 16.188 ; 16.188 ; 16.188 ; 16.188 ;
; SPULS      ; IO[2]       ; 17.175 ; 17.175 ; 17.175 ; 17.175 ;
; SPULS      ; IO[3]       ; 17.165 ; 17.165 ; 17.165 ; 17.165 ;
; SPULS      ; IO[4]       ; 16.955 ; 16.955 ; 16.955 ; 16.955 ;
; SPULS      ; IO[5]       ; 17.391 ; 17.391 ; 17.391 ; 17.391 ;
; SPULS      ; IO[6]       ; 16.975 ; 16.975 ; 16.975 ; 16.975 ;
; SPULS      ; IO[7]       ; 16.198 ; 16.198 ; 16.198 ; 16.198 ;
+------------+-------------+--------+--------+--------+--------+


+----------------------------------------------------------+
; Minimum Progagation Delay                                ;
+------------+-------------+-------+-------+-------+-------+
; Input Port ; Output Port ; RR    ; RF    ; FR    ; FF    ;
+------------+-------------+-------+-------+-------+-------+
; CLRN       ; IO[0]       ; 6.443 ; 5.871 ; 5.871 ; 6.443 ;
; CLRN       ; IO[1]       ; 6.109 ; 5.607 ; 5.607 ; 6.109 ;
; CLRN       ; IO[2]       ; 6.465 ; 5.975 ; 5.975 ; 6.465 ;
; CLRN       ; IO[3]       ; 6.455 ; 5.850 ; 5.850 ; 6.455 ;
; CLRN       ; IO[4]       ; 6.349 ; 5.611 ; 5.611 ; 6.349 ;
; CLRN       ; IO[5]       ; 6.443 ; 6.059 ; 6.059 ; 6.443 ;
; CLRN       ; IO[6]       ; 6.369 ; 5.564 ; 5.564 ; 6.369 ;
; CLRN       ; IO[7]       ; 6.119 ; 5.548 ; 5.548 ; 6.119 ;
; SPULS      ; IO[0]       ; 5.828 ; 6.400 ; 6.400 ; 5.828 ;
; SPULS      ; IO[1]       ; 5.564 ; 6.066 ; 6.066 ; 5.564 ;
; SPULS      ; IO[2]       ; 5.932 ; 6.422 ; 6.422 ; 5.932 ;
; SPULS      ; IO[3]       ; 5.807 ; 6.412 ; 6.412 ; 5.807 ;
; SPULS      ; IO[4]       ; 5.568 ; 6.306 ; 6.306 ; 5.568 ;
; SPULS      ; IO[5]       ; 6.016 ; 6.400 ; 6.400 ; 6.016 ;
; SPULS      ; IO[6]       ; 5.521 ; 6.326 ; 6.326 ; 5.521 ;
; SPULS      ; IO[7]       ; 5.505 ; 6.076 ; 6.076 ; 5.505 ;
+------------+-------------+-------+-------+-------+-------+


+-------------------------------------------------------------------+
; Setup Transfers                                                   ;
+------------+----------+----------+----------+----------+----------+
; From Clock ; To Clock ; RR Paths ; FR Paths ; RF Paths ; FF Paths ;
+------------+----------+----------+----------+----------+----------+
; CLKi       ; CLKi     ; 13038    ; 52464    ; 18456    ; 8        ;
+------------+----------+----------+----------+----------+----------+
Entries labeled "false path" only account for clock-to-clock false paths and not path-based false paths. As a result, actual path counts may be lower than reported.


+-------------------------------------------------------------------+
; Hold Transfers                                                    ;
+------------+----------+----------+----------+----------+----------+
; From Clock ; To Clock ; RR Paths ; FR Paths ; RF Paths ; FF Paths ;
+------------+----------+----------+----------+----------+----------+
; CLKi       ; CLKi     ; 13038    ; 52464    ; 18456    ; 8        ;
+------------+----------+----------+----------+----------+----------+
Entries labeled "false path" only account for clock-to-clock false paths and not path-based false paths. As a result, actual path counts may be lower than reported.


---------------
; Report TCCS ;
---------------
No dedicated SERDES Transmitter circuitry present in device or used in design


---------------
; Report RSKM ;
---------------
No dedicated SERDES Receiver circuitry present in device or used in design


+------------------------------------------------+
; Unconstrained Paths                            ;
+---------------------------------+-------+------+
; Property                        ; Setup ; Hold ;
+---------------------------------+-------+------+
; Illegal Clocks                  ; 0     ; 0    ;
; Unconstrained Clocks            ; 0     ; 0    ;
; Unconstrained Input Ports       ; 3     ; 3    ;
; Unconstrained Input Port Paths  ; 2173  ; 2173 ;
; Unconstrained Output Ports      ; 99    ; 99   ;
; Unconstrained Output Port Paths ; 2633  ; 2633 ;
+---------------------------------+-------+------+


+------------------------------------+
; TimeQuest Timing Analyzer Messages ;
+------------------------------------+
Info: *******************************************************************
Info: Running Quartus II 64-Bit TimeQuest Timing Analyzer
    Info: Version 13.0.1 Build 232 06/12/2013 Service Pack 1 SJ Web Edition
    Info: Processing started: Sat Apr 26 15:23:52 2025
Info: Command: quartus_sta arch -c arch
Info: qsta_default_script.tcl version: #1
Warning (20028): Parallel compilation is not licensed and has been disabled
Info (21077): Low junction temperature is 0 degrees C
Info (21077): High junction temperature is 85 degrees C
Warning (335093): TimeQuest Timing Analyzer is analyzing 9 combinational loops as latches.
Critical Warning (332012): Synopsys Design Constraints File file not found: 'arch.sdc'. A Synopsys Design Constraints File is required by the TimeQuest Timing Analyzer to get proper timing constraints. Without it, the Compiler will not properly optimize the design.
Info (332142): No user constrained base clocks found in the design. Calling "derive_clocks -period 1.0"
Info (332105): Deriving Clocks
    Info (332105): create_clock -period 1.000 -name CLKi CLKi
Info: Found TIMEQUEST_REPORT_SCRIPT_INCLUDE_DEFAULT_ANALYSIS = ON
Info: Analyzing Slow Model
Critical Warning (332148): Timing requirements not met
Info (332146): Worst-case setup slack is -14.894
    Info (332119):     Slack End Point TNS Clock 
    Info (332119): ========= ============= =====================
    Info (332119):   -14.894    -12121.538 CLKi 
Info (332146): Worst-case hold slack is -0.724
    Info (332119):     Slack End Point TNS Clock 
    Info (332119): ========= ============= =====================
    Info (332119):    -0.724        -4.384 CLKi 
Info (332140): No Recovery paths to report
Info (332140): No Removal paths to report
Info (332146): Worst-case minimum pulse width slack is -2.277
    Info (332119):     Slack End Point TNS Clock 
    Info (332119): ========= ============= =====================
    Info (332119):    -2.277     -3260.285 CLKi 
Info (332001): The selected device family is not supported by the report_metastability command.
Info: Analyzing Fast Model
Critical Warning (332148): Timing requirements not met
Info (332146): Worst-case setup slack is -4.981
    Info (332119):     Slack End Point TNS Clock 
    Info (332119): ========= ============= =====================
    Info (332119):    -4.981     -3422.352 CLKi 
Info (332146): Worst-case hold slack is -0.633
    Info (332119):     Slack End Point TNS Clock 
    Info (332119): ========= ============= =====================
    Info (332119):    -0.633        -6.687 CLKi 
Info (332140): No Recovery paths to report
Info (332140): No Removal paths to report
Info (332146): Worst-case minimum pulse width slack is -1.423
    Info (332119):     Slack End Point TNS Clock 
    Info (332119): ========= ============= =====================
    Info (332119):    -1.423     -2191.684 CLKi 
Info (332001): The selected device family is not supported by the report_metastability command.
Info (332102): Design is not fully constrained for setup requirements
Info (332102): Design is not fully constrained for hold requirements
Info: Quartus II 64-Bit TimeQuest Timing Analyzer was successful. 0 errors, 5 warnings
    Info: Peak virtual memory: 4596 megabytes
    Info: Processing ended: Sat Apr 26 15:23:53 2025
    Info: Elapsed time: 00:00:01
    Info: Total CPU time (on all processors): 00:00:01


