Fitter report for arch
Tue Apr 01 19:57:51 2025
Quartus II 64-Bit Version 13.0.1 Build 232 06/12/2013 Service Pack 1 SJ Web Edition


---------------------
; Table of Contents ;
---------------------
  1. Legal Notice
  2. Fitter Summary
  3. Fitter Settings
  4. Parallel Compilation
  5. Ignored Assignments
  6. Incremental Compilation Preservation Summary
  7. Incremental Compilation Partition Settings
  8. Incremental Compilation Placement Preservation
  9. Pin-Out File
 10. Fitter Resource Usage Summary
 11. Fitter Partition Statistics
 12. Input Pins
 13. Output Pins
 14. I/O Bank Usage
 15. All Package Pins
 16. Output Pin Default Load For Reported TCO
 17. Fitter Resource Utilization by Entity
 18. Delay Chain Summary
 19. Pad To Core Delay Chain Fanout
 20. Control Signals
 21. Global & Other Fast Signals
 22. Non-Global High Fan-Out Signals
 23. Other Routing Usage Summary
 24. LAB Logic Elements
 25. LAB Signals Sourced
 26. LAB Signals Sourced Out
 27. LAB Distinct Inputs
 28. Fitter Device Options
 29. Operating Settings and Conditions
 30. Estimated Delay Added for Hold Timing Summary
 31. Estimated Delay Added for Hold Timing Details
 32. Fitter Messages
 33. Fitter Suppressed Messages



----------------
; Legal Notice ;
----------------
Copyright (C) 1991-2013 Altera Corporation
Your use of Altera Corporation's design tools, logic functions 
and other software and tools, and its AMPP partner logic 
functions, and any output files from any of the foregoing 
(including device programming or simulation files), and any 
associated documentation or information are expressly subject 
to the terms and conditions of the Altera Program License 
Subscription Agreement, Altera MegaCore Function License 
Agreement, or other applicable license agreement, including, 
without limitation, that your use is for the sole purpose of 
programming logic devices manufactured by Altera and sold by 
Altera or its authorized distributors.  Please refer to the 
applicable agreement for further details.



+--------------------------------------------------------------------------------------+
; Fitter Summary                                                                       ;
+------------------------------------+-------------------------------------------------+
; Fitter Status                      ; Successful - Tue Apr 01 19:57:51 2025           ;
; Quartus II 64-Bit Version          ; 13.0.1 Build 232 06/12/2013 SP 1 SJ Web Edition ;
; Revision Name                      ; arch                                            ;
; Top-level Entity Name              ; memsys                                          ;
; Family                             ; Cyclone II                                      ;
; Device                             ; EP2C8Q208C8                                     ;
; Timing Models                      ; Final                                           ;
; Total logic elements               ; 267 / 8,256 ( 3 % )                             ;
;     Total combinational functions  ; 267 / 8,256 ( 3 % )                             ;
;     Dedicated logic registers      ; 0 / 8,256 ( 0 % )                               ;
; Total registers                    ; 0                                               ;
; Total pins                         ; 35 / 138 ( 25 % )                               ;
; Total virtual pins                 ; 0                                               ;
; Total memory bits                  ; 0 / 165,888 ( 0 % )                             ;
; Embedded Multiplier 9-bit elements ; 0 / 36 ( 0 % )                                  ;
; Total PLLs                         ; 0 / 2 ( 0 % )                                   ;
+------------------------------------+-------------------------------------------------+


+----------------------------------------------------------------------------------------------------------------------------------------------+
; Fitter Settings                                                                                                                              ;
+----------------------------------------------------------------------------+--------------------------------+--------------------------------+
; Option                                                                     ; Setting                        ; Default Value                  ;
+----------------------------------------------------------------------------+--------------------------------+--------------------------------+
; Device                                                                     ; EP2C8Q208C8                    ;                                ;
; Minimum Core Junction Temperature                                          ; 0                              ;                                ;
; Maximum Core Junction Temperature                                          ; 85                             ;                                ;
; Fit Attempts to Skip                                                       ; 0                              ; 0.0                            ;
; Device I/O Standard                                                        ; 3.3-V LVTTL                    ;                                ;
; Use smart compilation                                                      ; Off                            ; Off                            ;
; Enable parallel Assembler and TimeQuest Timing Analyzer during compilation ; On                             ; On                             ;
; Enable compact report table                                                ; Off                            ; Off                            ;
; Auto Merge PLLs                                                            ; On                             ; On                             ;
; Ignore PLL Mode When Merging PLLs                                          ; Off                            ; Off                            ;
; Router Timing Optimization Level                                           ; Normal                         ; Normal                         ;
; Placement Effort Multiplier                                                ; 1.0                            ; 1.0                            ;
; Router Effort Multiplier                                                   ; 1.0                            ; 1.0                            ;
; Always Enable Input Buffers                                                ; Off                            ; Off                            ;
; Optimize Hold Timing                                                       ; IO Paths and Minimum TPD Paths ; IO Paths and Minimum TPD Paths ;
; Optimize Multi-Corner Timing                                               ; On                             ; On                             ;
; PowerPlay Power Optimization                                               ; Normal compilation             ; Normal compilation             ;
; Optimize Timing                                                            ; Normal compilation             ; Normal compilation             ;
; Optimize Timing for ECOs                                                   ; Off                            ; Off                            ;
; Regenerate full fit report during ECO compiles                             ; Off                            ; Off                            ;
; Optimize IOC Register Placement for Timing                                 ; Normal                         ; Normal                         ;
; Limit to One Fitting Attempt                                               ; Off                            ; Off                            ;
; Final Placement Optimizations                                              ; Automatically                  ; Automatically                  ;
; Fitter Aggressive Routability Optimizations                                ; Automatically                  ; Automatically                  ;
; Fitter Initial Placement Seed                                              ; 1                              ; 1                              ;
; PCI I/O                                                                    ; Off                            ; Off                            ;
; Weak Pull-Up Resistor                                                      ; Off                            ; Off                            ;
; Enable Bus-Hold Circuitry                                                  ; Off                            ; Off                            ;
; Auto Global Memory Control Signals                                         ; Off                            ; Off                            ;
; Auto Packed Registers                                                      ; Auto                           ; Auto                           ;
; Auto Delay Chains                                                          ; On                             ; On                             ;
; Auto Delay Chains for High Fanout Input Pins                               ; Off                            ; Off                            ;
; Perform Physical Synthesis for Combinational Logic for Fitting             ; Off                            ; Off                            ;
; Perform Physical Synthesis for Combinational Logic for Performance         ; Off                            ; Off                            ;
; Perform Register Duplication for Performance                               ; Off                            ; Off                            ;
; Perform Logic to Memory Mapping for Fitting                                ; Off                            ; Off                            ;
; Perform Register Retiming for Performance                                  ; Off                            ; Off                            ;
; Perform Asynchronous Signal Pipelining                                     ; Off                            ; Off                            ;
; Fitter Effort                                                              ; Auto Fit                       ; Auto Fit                       ;
; Physical Synthesis Effort Level                                            ; Normal                         ; Normal                         ;
; Auto Global Clock                                                          ; On                             ; On                             ;
; Auto Global Register Control Signals                                       ; On                             ; On                             ;
; Force Fitter to Avoid Periphery Placement Warnings                         ; Off                            ; Off                            ;
+----------------------------------------------------------------------------+--------------------------------+--------------------------------+


Parallel compilation was disabled, but you have multiple processors available. Enable parallel compilation to reduce compilation time.
+-------------------------------------+
; Parallel Compilation                ;
+----------------------------+--------+
; Processors                 ; Number ;
+----------------------------+--------+
; Number detected on machine ; 20     ;
; Maximum allowed            ; 1      ;
+----------------------------+--------+


+----------------------------------------------------------------------------------------+
; Ignored Assignments                                                                    ;
+----------+----------------+--------------+------------+---------------+----------------+
; Name     ; Ignored Entity ; Ignored From ; Ignored To ; Ignored Value ; Ignored Source ;
+----------+----------------+--------------+------------+---------------+----------------+
; Location ;                ;              ; CLRN       ; PIN_82        ; QSF Assignment ;
; Location ;                ;              ; Q0[0]      ; PIN_3         ; QSF Assignment ;
; Location ;                ;              ; Q0[1]      ; PIN_4         ; QSF Assignment ;
; Location ;                ;              ; Q0[2]      ; PIN_5         ; QSF Assignment ;
; Location ;                ;              ; Q0[3]      ; PIN_6         ; QSF Assignment ;
; Location ;                ;              ; Q0[4]      ; PIN_8         ; QSF Assignment ;
; Location ;                ;              ; Q0[5]      ; PIN_10        ; QSF Assignment ;
; Location ;                ;              ; Q0[6]      ; PIN_11        ; QSF Assignment ;
; Location ;                ;              ; Q0[7]      ; PIN_12        ; QSF Assignment ;
; Location ;                ;              ; Q1[0]      ; PIN_37        ; QSF Assignment ;
; Location ;                ;              ; Q1[1]      ; PIN_39        ; QSF Assignment ;
; Location ;                ;              ; Q1[2]      ; PIN_40        ; QSF Assignment ;
; Location ;                ;              ; Q1[3]      ; PIN_41        ; QSF Assignment ;
; Location ;                ;              ; Q1[4]      ; PIN_43        ; QSF Assignment ;
; Location ;                ;              ; Q1[5]      ; PIN_44        ; QSF Assignment ;
; Location ;                ;              ; Q1[6]      ; PIN_128       ; QSF Assignment ;
; Location ;                ;              ; Q1[7]      ; PIN_133       ; QSF Assignment ;
; Location ;                ;              ; Q2[0]      ; PIN_144       ; QSF Assignment ;
; Location ;                ;              ; Q2[1]      ; PIN_145       ; QSF Assignment ;
; Location ;                ;              ; Q2[2]      ; PIN_146       ; QSF Assignment ;
; Location ;                ;              ; Q2[3]      ; PIN_147       ; QSF Assignment ;
; Location ;                ;              ; Q2[4]      ; PIN_149       ; QSF Assignment ;
; Location ;                ;              ; Q2[5]      ; PIN_150       ; QSF Assignment ;
; Location ;                ;              ; Q2[6]      ; PIN_151       ; QSF Assignment ;
; Location ;                ;              ; Q2[7]      ; PIN_152       ; QSF Assignment ;
+----------+----------------+--------------+------------+---------------+----------------+


+----------------------------------------------+
; Incremental Compilation Preservation Summary ;
+---------------------+------------------------+
; Type                ; Value                  ;
+---------------------+------------------------+
; Placement (by node) ;                        ;
;     -- Requested    ; 0 / 314 ( 0.00 % )     ;
;     -- Achieved     ; 0 / 314 ( 0.00 % )     ;
;                     ;                        ;
; Routing (by net)    ;                        ;
;     -- Requested    ; 0 / 0 ( 0.00 % )       ;
;     -- Achieved     ; 0 / 0 ( 0.00 % )       ;
+---------------------+------------------------+


+----------------------------------------------------------------------------------------------------------------------------------------------------------------------------------------+
; Incremental Compilation Partition Settings                                                                                                                                             ;
+--------------------------------+----------------+-------------------+-------------------------+------------------------+------------------------------+--------------------------------+
; Partition Name                 ; Partition Type ; Netlist Type Used ; Preservation Level Used ; Netlist Type Requested ; Preservation Level Requested ; Contents                       ;
+--------------------------------+----------------+-------------------+-------------------------+------------------------+------------------------------+--------------------------------+
; Top                            ; User-created   ; Source File       ; N/A                     ; Source File            ; N/A                          ;                                ;
; hard_block:auto_generated_inst ; Auto-generated ; Source File       ; N/A                     ; Source File            ; N/A                          ; hard_block:auto_generated_inst ;
+--------------------------------+----------------+-------------------+-------------------------+------------------------+------------------------------+--------------------------------+


+------------------------------------------------------------------------------------------------------------+
; Incremental Compilation Placement Preservation                                                             ;
+--------------------------------+---------+-------------------+-------------------------+-------------------+
; Partition Name                 ; # Nodes ; # Preserved Nodes ; Preservation Level Used ; Netlist Type Used ;
+--------------------------------+---------+-------------------+-------------------------+-------------------+
; Top                            ; 311     ; 0                 ; N/A                     ; Source File       ;
; hard_block:auto_generated_inst ; 3       ; 0                 ; N/A                     ; Source File       ;
+--------------------------------+---------+-------------------+-------------------------+-------------------+


+--------------+
; Pin-Out File ;
+--------------+
The pin-out file can be found in E:/Project/FPGA/design/output_files/arch.pin.


+-------------------------------------------------------------------+
; Fitter Resource Usage Summary                                     ;
+---------------------------------------------+---------------------+
; Resource                                    ; Usage               ;
+---------------------------------------------+---------------------+
; Total logic elements                        ; 267 / 8,256 ( 3 % ) ;
;     -- Combinational with no register       ; 267                 ;
;     -- Register only                        ; 0                   ;
;     -- Combinational with a register        ; 0                   ;
;                                             ;                     ;
; Logic element usage by number of LUT inputs ;                     ;
;     -- 4 input functions                    ; 104                 ;
;     -- 3 input functions                    ; 161                 ;
;     -- <=2 input functions                  ; 2                   ;
;     -- Register only                        ; 0                   ;
;                                             ;                     ;
; Logic elements by mode                      ;                     ;
;     -- normal mode                          ; 267                 ;
;     -- arithmetic mode                      ; 0                   ;
;                                             ;                     ;
; Total registers*                            ; 0 / 8,646 ( 0 % )   ;
;     -- Dedicated logic registers            ; 0 / 8,256 ( 0 % )   ;
;     -- I/O registers                        ; 0 / 390 ( 0 % )     ;
;                                             ;                     ;
; Total LABs:  partially or completely used   ; 28 / 516 ( 5 % )    ;
; Virtual pins                                ; 0                   ;
; I/O pins                                    ; 35 / 138 ( 25 % )   ;
;     -- Clock pins                           ; 2 / 4 ( 50 % )      ;
;                                             ;                     ;
; Global signals                              ; 8                   ;
; M4Ks                                        ; 0 / 36 ( 0 % )      ;
; Total block memory bits                     ; 0 / 165,888 ( 0 % ) ;
; Total block memory implementation bits      ; 0 / 165,888 ( 0 % ) ;
; Embedded Multiplier 9-bit elements          ; 0 / 36 ( 0 % )      ;
; PLLs                                        ; 0 / 2 ( 0 % )       ;
; Global clocks                               ; 8 / 8 ( 100 % )     ;
; JTAGs                                       ; 0 / 1 ( 0 % )       ;
; ASMI blocks                                 ; 0 / 1 ( 0 % )       ;
; CRC blocks                                  ; 0 / 1 ( 0 % )       ;
; Average interconnect usage (total/H/V)      ; 1% / 1% / 1%        ;
; Peak interconnect usage (total/H/V)         ; 3% / 3% / 3%        ;
; Maximum fan-out                             ; 48                  ;
; Highest non-global fan-out                  ; 48                  ;
; Total fan-out                               ; 935                 ;
; Average fan-out                             ; 2.99                ;
+---------------------------------------------+---------------------+
*  Register count does not include registers inside RAM blocks or DSP blocks.



+---------------------------------------------------------------------------------------------------+
; Fitter Partition Statistics                                                                       ;
+---------------------------------------------+--------------------+--------------------------------+
; Statistic                                   ; Top                ; hard_block:auto_generated_inst ;
+---------------------------------------------+--------------------+--------------------------------+
; Difficulty Clustering Region                ; Low                ; Low                            ;
;                                             ;                    ;                                ;
; Total logic elements                        ; 267 / 8256 ( 3 % ) ; 0 / 8256 ( 0 % )               ;
;     -- Combinational with no register       ; 267                ; 0                              ;
;     -- Register only                        ; 0                  ; 0                              ;
;     -- Combinational with a register        ; 0                  ; 0                              ;
;                                             ;                    ;                                ;
; Logic element usage by number of LUT inputs ;                    ;                                ;
;     -- 4 input functions                    ; 104                ; 0                              ;
;     -- 3 input functions                    ; 161                ; 0                              ;
;     -- <=2 input functions                  ; 2                  ; 0                              ;
;     -- Register only                        ; 0                  ; 0                              ;
;                                             ;                    ;                                ;
; Logic elements by mode                      ;                    ;                                ;
;     -- normal mode                          ; 267                ; 0                              ;
;     -- arithmetic mode                      ; 0                  ; 0                              ;
;                                             ;                    ;                                ;
; Total registers                             ; 0                  ; 0                              ;
;     -- Dedicated logic registers            ; 0 / 8256 ( 0 % )   ; 0 / 8256 ( 0 % )               ;
;                                             ;                    ;                                ;
; Total LABs:  partially or completely used   ; 28 / 516 ( 5 % )   ; 0 / 516 ( 0 % )                ;
;                                             ;                    ;                                ;
; Virtual pins                                ; 0                  ; 0                              ;
; I/O pins                                    ; 35                 ; 0                              ;
; Embedded Multiplier 9-bit elements          ; 0 / 36 ( 0 % )     ; 0 / 36 ( 0 % )                 ;
; Total memory bits                           ; 0                  ; 0                              ;
; Total RAM block bits                        ; 0                  ; 0                              ;
; Clock control block                         ; 8 / 10 ( 80 % )    ; 0 / 10 ( 0 % )                 ;
;                                             ;                    ;                                ;
; Connections                                 ;                    ;                                ;
;     -- Input Connections                    ; 0                  ; 0                              ;
;     -- Registered Input Connections         ; 0                  ; 0                              ;
;     -- Output Connections                   ; 0                  ; 0                              ;
;     -- Registered Output Connections        ; 0                  ; 0                              ;
;                                             ;                    ;                                ;
; Internal Connections                        ;                    ;                                ;
;     -- Total Connections                    ; 935                ; 0                              ;
;     -- Registered Connections               ; 0                  ; 0                              ;
;                                             ;                    ;                                ;
; External Connections                        ;                    ;                                ;
;     -- Top                                  ; 0                  ; 0                              ;
;     -- hard_block:auto_generated_inst       ; 0                  ; 0                              ;
;                                             ;                    ;                                ;
; Partition Interface                         ;                    ;                                ;
;     -- Input Ports                          ; 19                 ; 0                              ;
;     -- Output Ports                         ; 16                 ; 0                              ;
;     -- Bidir Ports                          ; 0                  ; 0                              ;
;                                             ;                    ;                                ;
; Registered Ports                            ;                    ;                                ;
;     -- Registered Input Ports               ; 0                  ; 0                              ;
;     -- Registered Output Ports              ; 0                  ; 0                              ;
;                                             ;                    ;                                ;
; Port Connectivity                           ;                    ;                                ;
;     -- Input Ports driven by GND            ; 0                  ; 0                              ;
;     -- Output Ports driven by GND           ; 0                  ; 0                              ;
;     -- Input Ports driven by VCC            ; 0                  ; 0                              ;
;     -- Output Ports driven by VCC           ; 0                  ; 0                              ;
;     -- Input Ports with no Source           ; 0                  ; 0                              ;
;     -- Output Ports with no Source          ; 0                  ; 0                              ;
;     -- Input Ports with no Fanout           ; 0                  ; 0                              ;
;     -- Output Ports with no Fanout          ; 0                  ; 0                              ;
+---------------------------------------------+--------------------+--------------------------------+


+------------------------------------------------------------------------------------------------------------------------------------------------------------------------------------------------------------------------------------------------------------+
; Input Pins                                                                                                                                                                                                                                                 ;
+------+-------+----------+--------------+--------------+-------------+-----------------------+--------------------+--------+----------------+---------------+-----------------+----------+--------------+--------------+-------------+----------------------+
; Name ; Pin # ; I/O Bank ; X coordinate ; Y coordinate ; Cell number ; Combinational Fan-Out ; Registered Fan-Out ; Global ; Input Register ; Power Up High ; PCI I/O Enabled ; Bus Hold ; Weak Pull Up ; I/O Standard ; Termination ; Location assigned by ;
+------+-------+----------+--------------+--------------+-------------+-----------------------+--------------------+--------+----------------+---------------+-----------------+----------+--------------+--------------+-------------+----------------------+
; A[0] ; 103   ; 4        ; 32           ; 0            ; 1           ; 1                     ; 0                  ; no     ; no             ; no            ; no              ; no       ; Off          ; 3.3-V LVTTL  ; Off         ; Fitter               ;
; A[1] ; 94    ; 4        ; 28           ; 0            ; 0           ; 1                     ; 0                  ; no     ; no             ; no            ; no              ; no       ; Off          ; 3.3-V LVTTL  ; Off         ; Fitter               ;
; A[2] ; 175   ; 2        ; 23           ; 19           ; 0           ; 1                     ; 0                  ; no     ; no             ; no            ; no              ; no       ; Off          ; 3.3-V LVTTL  ; Off         ; Fitter               ;
; A[3] ; 176   ; 2        ; 23           ; 19           ; 1           ; 1                     ; 0                  ; no     ; no             ; no            ; no              ; no       ; Off          ; 3.3-V LVTTL  ; Off         ; Fitter               ;
; A[4] ; 96    ; 4        ; 30           ; 0            ; 2           ; 1                     ; 0                  ; no     ; no             ; no            ; no              ; no       ; Off          ; 3.3-V LVTTL  ; Off         ; Fitter               ;
; A[5] ; 90    ; 4        ; 28           ; 0            ; 2           ; 1                     ; 0                  ; no     ; no             ; no            ; no              ; no       ; Off          ; 3.3-V LVTTL  ; Off         ; Fitter               ;
; A[6] ; 99    ; 4        ; 30           ; 0            ; 0           ; 1                     ; 0                  ; no     ; no             ; no            ; no              ; no       ; Off          ; 3.3-V LVTTL  ; Off         ; Fitter               ;
; A[7] ; 92    ; 4        ; 28           ; 0            ; 1           ; 1                     ; 0                  ; no     ; no             ; no            ; no              ; no       ; Off          ; 3.3-V LVTTL  ; Off         ; Fitter               ;
; CLK  ; 81    ; 4        ; 23           ; 0            ; 1           ; 35                    ; 0                  ; no     ; no             ; no            ; no              ; no       ; Off          ; 3.3-V LVTTL  ; Off         ; User                 ;
; D[0] ; 77    ; 4        ; 18           ; 0            ; 0           ; 1                     ; 0                  ; no     ; no             ; no            ; no              ; no       ; Off          ; 3.3-V LVTTL  ; Off         ; Fitter               ;
; D[1] ; 80    ; 4        ; 23           ; 0            ; 2           ; 1                     ; 0                  ; no     ; no             ; no            ; no              ; no       ; Off          ; 3.3-V LVTTL  ; Off         ; Fitter               ;
; D[2] ; 132   ; 3        ; 34           ; 10           ; 0           ; 1                     ; 0                  ; no     ; no             ; no            ; no              ; no       ; Off          ; 3.3-V LVTTL  ; Off         ; Fitter               ;
; D[3] ; 131   ; 3        ; 34           ; 10           ; 1           ; 1                     ; 0                  ; no     ; no             ; no            ; no              ; no       ; Off          ; 3.3-V LVTTL  ; Off         ; Fitter               ;
; D[4] ; 130   ; 3        ; 34           ; 10           ; 2           ; 1                     ; 0                  ; no     ; no             ; no            ; no              ; no       ; Off          ; 3.3-V LVTTL  ; Off         ; Fitter               ;
; D[5] ; 129   ; 3        ; 34           ; 10           ; 3           ; 1                     ; 0                  ; no     ; no             ; no            ; no              ; no       ; Off          ; 3.3-V LVTTL  ; Off         ; Fitter               ;
; D[6] ; 76    ; 4        ; 18           ; 0            ; 1           ; 1                     ; 0                  ; no     ; no             ; no            ; no              ; no       ; Off          ; 3.3-V LVTTL  ; Off         ; Fitter               ;
; D[7] ; 74    ; 4        ; 16           ; 0            ; 1           ; 1                     ; 0                  ; no     ; no             ; no            ; no              ; no       ; Off          ; 3.3-V LVTTL  ; Off         ; Fitter               ;
; R    ; 97    ; 4        ; 30           ; 0            ; 1           ; 2                     ; 0                  ; no     ; no             ; no            ; no              ; no       ; Off          ; 3.3-V LVTTL  ; Off         ; Fitter               ;
; W    ; 128   ; 3        ; 34           ; 9            ; 0           ; 18                    ; 0                  ; no     ; no             ; no            ; no              ; no       ; Off          ; 3.3-V LVTTL  ; Off         ; Fitter               ;
+------+-------+----------+--------------+--------------+-------------+-----------------------+--------------------+--------+----------------+---------------+-----------------+----------+--------------+--------------+-------------+----------------------+


+-------------------------------------------------------------------------------------------------------------------------------------------------------------------------------------------------------------------------------------------------------------------------------------------------------------------------------------+
; Output Pins                                                                                                                                                                                                                                                                                                                         ;
+-------+-------+----------+--------------+--------------+-------------+-----------------+------------------------+---------------+-----------------+------------+---------------+----------+--------------+--------------+------------------+-------------+----------------------+------+----------------------+---------------------+
; Name  ; Pin # ; I/O Bank ; X coordinate ; Y coordinate ; Cell number ; Output Register ; Output Enable Register ; Power Up High ; PCI I/O Enabled ; Open Drain ; TRI Primitive ; Bus Hold ; Weak Pull Up ; I/O Standard ; Current Strength ; Termination ; Location assigned by ; Load ; Output Enable Source ; Output Enable Group ;
+-------+-------+----------+--------------+--------------+-------------+-----------------+------------------------+---------------+-----------------+------------+---------------+----------+--------------+--------------+------------------+-------------+----------------------+------+----------------------+---------------------+
; mA[0] ; 117   ; 3        ; 34           ; 5            ; 0           ; no              ; no                     ; no            ; no              ; no         ; no            ; no       ; Off          ; 3.3-V LVTTL  ; 24mA             ; Off         ; Fitter               ; 0 pF ; -                    ; -                   ;
; mA[1] ; 116   ; 3        ; 34           ; 5            ; 1           ; no              ; no                     ; no            ; no              ; no         ; no            ; no       ; Off          ; 3.3-V LVTTL  ; 24mA             ; Off         ; Fitter               ; 0 pF ; -                    ; -                   ;
; mA[2] ; 118   ; 3        ; 34           ; 7            ; 1           ; no              ; no                     ; no            ; no              ; no         ; no            ; no       ; Off          ; 3.3-V LVTTL  ; 24mA             ; Off         ; Fitter               ; 0 pF ; -                    ; -                   ;
; mA[3] ; 127   ; 3        ; 34           ; 9            ; 1           ; no              ; no                     ; no            ; no              ; no         ; no            ; no       ; Off          ; 3.3-V LVTTL  ; 24mA             ; Off         ; Fitter               ; 0 pF ; -                    ; -                   ;
; mA[4] ; 89    ; 4        ; 28           ; 0            ; 3           ; no              ; no                     ; no            ; no              ; no         ; no            ; no       ; Off          ; 3.3-V LVTTL  ; 24mA             ; Off         ; Fitter               ; 0 pF ; -                    ; -                   ;
; mA[5] ; 112   ; 3        ; 34           ; 3            ; 1           ; no              ; no                     ; no            ; no              ; no         ; no            ; no       ; Off          ; 3.3-V LVTTL  ; 24mA             ; Off         ; Fitter               ; 0 pF ; -                    ; -                   ;
; mA[6] ; 95    ; 4        ; 30           ; 0            ; 3           ; no              ; no                     ; no            ; no              ; no         ; no            ; no       ; Off          ; 3.3-V LVTTL  ; 24mA             ; Off         ; Fitter               ; 0 pF ; -                    ; -                   ;
; mA[7] ; 82    ; 4        ; 23           ; 0            ; 0           ; no              ; no                     ; no            ; no              ; no         ; no            ; no       ; Off          ; 3.3-V LVTTL  ; 24mA             ; Off         ; Fitter               ; 0 pF ; -                    ; -                   ;
; mD[0] ; 110   ; 3        ; 34           ; 3            ; 2           ; no              ; no                     ; no            ; no              ; no         ; yes           ; no       ; Off          ; 3.3-V LVTTL  ; 24mA             ; Off         ; Fitter               ; 0 pF ; -                    ; -                   ;
; mD[1] ; 86    ; 4        ; 25           ; 0            ; 2           ; no              ; no                     ; no            ; no              ; no         ; yes           ; no       ; Off          ; 3.3-V LVTTL  ; 24mA             ; Off         ; Fitter               ; 0 pF ; -                    ; -                   ;
; mD[2] ; 87    ; 4        ; 25           ; 0            ; 1           ; no              ; no                     ; no            ; no              ; no         ; yes           ; no       ; Off          ; 3.3-V LVTTL  ; 24mA             ; Off         ; Fitter               ; 0 pF ; -                    ; -                   ;
; mD[3] ; 88    ; 4        ; 25           ; 0            ; 0           ; no              ; no                     ; no            ; no              ; no         ; yes           ; no       ; Off          ; 3.3-V LVTTL  ; 24mA             ; Off         ; Fitter               ; 0 pF ; -                    ; -                   ;
; mD[4] ; 113   ; 3        ; 34           ; 3            ; 0           ; no              ; no                     ; no            ; no              ; no         ; yes           ; no       ; Off          ; 3.3-V LVTTL  ; 24mA             ; Off         ; Fitter               ; 0 pF ; -                    ; -                   ;
; mD[5] ; 114   ; 3        ; 34           ; 4            ; 2           ; no              ; no                     ; no            ; no              ; no         ; yes           ; no       ; Off          ; 3.3-V LVTTL  ; 24mA             ; Off         ; Fitter               ; 0 pF ; -                    ; -                   ;
; mD[6] ; 84    ; 4        ; 25           ; 0            ; 3           ; no              ; no                     ; no            ; no              ; no         ; yes           ; no       ; Off          ; 3.3-V LVTTL  ; 24mA             ; Off         ; Fitter               ; 0 pF ; -                    ; -                   ;
; mD[7] ; 115   ; 3        ; 34           ; 4            ; 0           ; no              ; no                     ; no            ; no              ; no         ; yes           ; no       ; Off          ; 3.3-V LVTTL  ; 24mA             ; Off         ; Fitter               ; 0 pF ; -                    ; -                   ;
+-------+-------+----------+--------------+--------------+-------------+-----------------+------------------------+---------------+-----------------+------------+---------------+----------+--------------+--------------+------------------+-------------+----------------------+------+----------------------+---------------------+


+------------------------------------------------------------+
; I/O Bank Usage                                             ;
+----------+------------------+---------------+--------------+
; I/O Bank ; Usage            ; VCCIO Voltage ; VREF Voltage ;
+----------+------------------+---------------+--------------+
; 1        ; 2 / 32 ( 6 % )   ; 3.3V          ; --           ;
; 2        ; 2 / 35 ( 6 % )   ; 3.3V          ; --           ;
; 3        ; 15 / 35 ( 43 % ) ; 3.3V          ; --           ;
; 4        ; 19 / 36 ( 53 % ) ; 3.3V          ; --           ;
+----------+------------------+---------------+--------------+


+------------------------------------------------------------------------------------------------------------------------------------------------------------------------+
; All Package Pins                                                                                                                                                       ;
+----------+------------+----------+------------------------------------------+--------+--------------+---------+------------+-----------------+----------+--------------+
; Location ; Pad Number ; I/O Bank ; Pin Name/Usage                           ; Dir.   ; I/O Standard ; Voltage ; I/O Type   ; User Assignment ; Bus Hold ; Weak Pull Up ;
+----------+------------+----------+------------------------------------------+--------+--------------+---------+------------+-----------------+----------+--------------+
; 1        ; 0          ; 1        ; ~ASDO~ / RESERVED_INPUT_WITH_WEAK_PULLUP ; input  ; 3.3-V LVTTL  ;         ; Row I/O    ; N               ; no       ; On           ;
; 2        ; 1          ; 1        ; ~nCSO~ / RESERVED_INPUT_WITH_WEAK_PULLUP ; input  ; 3.3-V LVTTL  ;         ; Row I/O    ; N               ; no       ; On           ;
; 3        ; 2          ; 1        ; GND*                                     ;        ;              ;         ; Row I/O    ;                 ; no       ; Off          ;
; 4        ; 3          ; 1        ; GND*                                     ;        ;              ;         ; Row I/O    ;                 ; no       ; Off          ;
; 5        ; 4          ; 1        ; GND*                                     ;        ;              ;         ; Row I/O    ;                 ; no       ; Off          ;
; 6        ; 5          ; 1        ; GND*                                     ;        ;              ;         ; Row I/O    ;                 ; no       ; Off          ;
; 7        ;            ; 1        ; VCCIO1                                   ; power  ;              ; 3.3V    ; --         ;                 ; --       ; --           ;
; 8        ; 6          ; 1        ; GND*                                     ;        ;              ;         ; Row I/O    ;                 ; no       ; Off          ;
; 9        ;            ;          ; GND                                      ; gnd    ;              ;         ; --         ;                 ; --       ; --           ;
; 10       ; 7          ; 1        ; GND*                                     ;        ;              ;         ; Row I/O    ;                 ; no       ; Off          ;
; 11       ; 8          ; 1        ; GND*                                     ;        ;              ;         ; Row I/O    ;                 ; no       ; Off          ;
; 12       ; 9          ; 1        ; GND*                                     ;        ;              ;         ; Row I/O    ;                 ; no       ; Off          ;
; 13       ; 10         ; 1        ; GND*                                     ;        ;              ;         ; Row I/O    ;                 ; --       ; --           ;
; 14       ; 18         ; 1        ; GND*                                     ;        ;              ;         ; Row I/O    ;                 ; no       ; Off          ;
; 15       ; 19         ; 1        ; GND*                                     ;        ;              ;         ; Row I/O    ;                 ; no       ; Off          ;
; 16       ; 20         ; 1        ; #TDO                                     ; output ;              ;         ; --         ;                 ; --       ; --           ;
; 17       ; 21         ; 1        ; #TMS                                     ; input  ;              ;         ; --         ;                 ; --       ; --           ;
; 18       ; 22         ; 1        ; #TCK                                     ; input  ;              ;         ; --         ;                 ; --       ; --           ;
; 19       ; 23         ; 1        ; #TDI                                     ; input  ;              ;         ; --         ;                 ; --       ; --           ;
; 20       ; 24         ; 1        ; ^DATA0                                   ; input  ;              ;         ; --         ;                 ; --       ; --           ;
; 21       ; 25         ; 1        ; ^DCLK                                    ;        ;              ;         ; --         ;                 ; --       ; --           ;
; 22       ; 26         ; 1        ; ^nCE                                     ;        ;              ;         ; --         ;                 ; --       ; --           ;
; 23       ; 27         ; 1        ; GND+                                     ;        ;              ;         ; Row I/O    ;                 ; --       ; --           ;
; 24       ; 28         ; 1        ; GND+                                     ;        ;              ;         ; Row I/O    ;                 ; --       ; --           ;
; 25       ;            ;          ; GND                                      ; gnd    ;              ;         ; --         ;                 ; --       ; --           ;
; 26       ; 29         ; 1        ; ^nCONFIG                                 ;        ;              ;         ; --         ;                 ; --       ; --           ;
; 27       ; 30         ; 1        ; GND+                                     ;        ;              ;         ; Row I/O    ;                 ; --       ; --           ;
; 28       ; 31         ; 1        ; GND+                                     ;        ;              ;         ; Row I/O    ;                 ; --       ; --           ;
; 29       ;            ; 1        ; VCCIO1                                   ; power  ;              ; 3.3V    ; --         ;                 ; --       ; --           ;
; 30       ; 32         ; 1        ; GND*                                     ;        ;              ;         ; Row I/O    ;                 ; no       ; Off          ;
; 31       ; 33         ; 1        ; GND*                                     ;        ;              ;         ; Row I/O    ;                 ; no       ; Off          ;
; 32       ;            ;          ; VCCINT                                   ; power  ;              ; 1.2V    ; --         ;                 ; --       ; --           ;
; 33       ; 35         ; 1        ; GND*                                     ;        ;              ;         ; Row I/O    ;                 ; no       ; Off          ;
; 34       ; 36         ; 1        ; GND*                                     ;        ;              ;         ; Row I/O    ;                 ; no       ; Off          ;
; 35       ; 37         ; 1        ; GND*                                     ;        ;              ;         ; Row I/O    ;                 ; no       ; Off          ;
; 36       ;            ;          ; GND                                      ; gnd    ;              ;         ; --         ;                 ; --       ; --           ;
; 37       ; 39         ; 1        ; GND*                                     ;        ;              ;         ; Row I/O    ;                 ; --       ; --           ;
; 38       ;            ;          ; GND                                      ; gnd    ;              ;         ; --         ;                 ; --       ; --           ;
; 39       ; 43         ; 1        ; GND*                                     ;        ;              ;         ; Row I/O    ;                 ; no       ; Off          ;
; 40       ; 44         ; 1        ; GND*                                     ;        ;              ;         ; Row I/O    ;                 ; no       ; Off          ;
; 41       ; 45         ; 1        ; GND*                                     ;        ;              ;         ; Row I/O    ;                 ; no       ; Off          ;
; 42       ;            ; 1        ; VCCIO1                                   ; power  ;              ; 3.3V    ; --         ;                 ; --       ; --           ;
; 43       ; 48         ; 1        ; GND*                                     ;        ;              ;         ; Row I/O    ;                 ; no       ; Off          ;
; 44       ; 49         ; 1        ; GND*                                     ;        ;              ;         ; Row I/O    ;                 ; no       ; Off          ;
; 45       ; 50         ; 1        ; GND*                                     ;        ;              ;         ; Row I/O    ;                 ; no       ; Off          ;
; 46       ; 51         ; 1        ; GND*                                     ;        ;              ;         ; Row I/O    ;                 ; no       ; Off          ;
; 47       ; 52         ; 1        ; GND*                                     ;        ;              ;         ; Row I/O    ;                 ; no       ; Off          ;
; 48       ; 53         ; 1        ; GND*                                     ;        ;              ;         ; Row I/O    ;                 ; no       ; Off          ;
; 49       ;            ;          ; GND                                      ; gnd    ;              ;         ; --         ;                 ; --       ; --           ;
; 50       ;            ;          ; GND_PLL1                                 ; gnd    ;              ;         ; --         ;                 ; --       ; --           ;
; 51       ;            ;          ; VCCD_PLL1                                ; power  ;              ; 1.2V    ; --         ;                 ; --       ; --           ;
; 52       ;            ;          ; GND_PLL1                                 ; gnd    ;              ;         ; --         ;                 ; --       ; --           ;
; 53       ;            ;          ; VCCA_PLL1                                ; power  ;              ; 1.2V    ; --         ;                 ; --       ; --           ;
; 54       ;            ;          ; GNDA_PLL1                                ; gnd    ;              ;         ; --         ;                 ; --       ; --           ;
; 55       ;            ;          ; GND                                      ; gnd    ;              ;         ; --         ;                 ; --       ; --           ;
; 56       ; 54         ; 4        ; GND*                                     ;        ;              ;         ; Column I/O ;                 ; no       ; Off          ;
; 57       ; 55         ; 4        ; GND*                                     ;        ;              ;         ; Column I/O ;                 ; no       ; Off          ;
; 58       ; 56         ; 4        ; GND*                                     ;        ;              ;         ; Column I/O ;                 ; no       ; Off          ;
; 59       ; 57         ; 4        ; GND*                                     ;        ;              ;         ; Column I/O ;                 ; no       ; Off          ;
; 60       ; 58         ; 4        ; GND*                                     ;        ;              ;         ; Column I/O ;                 ; no       ; Off          ;
; 61       ; 59         ; 4        ; GND*                                     ;        ;              ;         ; Column I/O ;                 ; no       ; Off          ;
; 62       ;            ; 4        ; VCCIO4                                   ; power  ;              ; 3.3V    ; --         ;                 ; --       ; --           ;
; 63       ; 60         ; 4        ; GND*                                     ;        ;              ;         ; Column I/O ;                 ; no       ; Off          ;
; 64       ; 61         ; 4        ; GND*                                     ;        ;              ;         ; Column I/O ;                 ; no       ; Off          ;
; 65       ;            ;          ; GND                                      ; gnd    ;              ;         ; --         ;                 ; --       ; --           ;
; 66       ;            ;          ; VCCINT                                   ; power  ;              ; 1.2V    ; --         ;                 ; --       ; --           ;
; 67       ; 69         ; 4        ; GND*                                     ;        ;              ;         ; Column I/O ;                 ; --       ; --           ;
; 68       ; 70         ; 4        ; GND*                                     ;        ;              ;         ; Column I/O ;                 ; no       ; Off          ;
; 69       ; 71         ; 4        ; GND*                                     ;        ;              ;         ; Column I/O ;                 ; no       ; Off          ;
; 70       ; 74         ; 4        ; GND*                                     ;        ;              ;         ; Column I/O ;                 ; no       ; Off          ;
; 71       ;            ; 4        ; VCCIO4                                   ; power  ;              ; 3.3V    ; --         ;                 ; --       ; --           ;
; 72       ; 75         ; 4        ; GND*                                     ;        ;              ;         ; Column I/O ;                 ; no       ; Off          ;
; 73       ;            ;          ; GND                                      ; gnd    ;              ;         ; --         ;                 ; --       ; --           ;
; 74       ; 76         ; 4        ; D[7]                                     ; input  ; 3.3-V LVTTL  ;         ; Column I/O ; N               ; no       ; Off          ;
; 75       ; 77         ; 4        ; GND*                                     ;        ;              ;         ; Column I/O ;                 ; no       ; Off          ;
; 76       ; 78         ; 4        ; D[6]                                     ; input  ; 3.3-V LVTTL  ;         ; Column I/O ; N               ; no       ; Off          ;
; 77       ; 79         ; 4        ; D[0]                                     ; input  ; 3.3-V LVTTL  ;         ; Column I/O ; N               ; no       ; Off          ;
; 78       ;            ;          ; GND                                      ; gnd    ;              ;         ; --         ;                 ; --       ; --           ;
; 79       ;            ;          ; VCCINT                                   ; power  ;              ; 1.2V    ; --         ;                 ; --       ; --           ;
; 80       ; 82         ; 4        ; D[1]                                     ; input  ; 3.3-V LVTTL  ;         ; Column I/O ; N               ; no       ; Off          ;
; 81       ; 83         ; 4        ; CLK                                      ; input  ; 3.3-V LVTTL  ;         ; Column I/O ; Y               ; no       ; Off          ;
; 82       ; 84         ; 4        ; mA[7]                                    ; output ; 3.3-V LVTTL  ;         ; Column I/O ; N               ; no       ; Off          ;
; 83       ;            ; 4        ; VCCIO4                                   ; power  ;              ; 3.3V    ; --         ;                 ; --       ; --           ;
; 84       ; 85         ; 4        ; mD[6]                                    ; output ; 3.3-V LVTTL  ;         ; Column I/O ; N               ; no       ; Off          ;
; 85       ;            ;          ; GND                                      ; gnd    ;              ;         ; --         ;                 ; --       ; --           ;
; 86       ; 86         ; 4        ; mD[1]                                    ; output ; 3.3-V LVTTL  ;         ; Column I/O ; N               ; no       ; Off          ;
; 87       ; 87         ; 4        ; mD[2]                                    ; output ; 3.3-V LVTTL  ;         ; Column I/O ; N               ; no       ; Off          ;
; 88       ; 88         ; 4        ; mD[3]                                    ; output ; 3.3-V LVTTL  ;         ; Column I/O ; N               ; no       ; Off          ;
; 89       ; 89         ; 4        ; mA[4]                                    ; output ; 3.3-V LVTTL  ;         ; Column I/O ; N               ; no       ; Off          ;
; 90       ; 90         ; 4        ; A[5]                                     ; input  ; 3.3-V LVTTL  ;         ; Column I/O ; N               ; no       ; Off          ;
; 91       ;            ; 4        ; VCCIO4                                   ; power  ;              ; 3.3V    ; --         ;                 ; --       ; --           ;
; 92       ; 91         ; 4        ; A[7]                                     ; input  ; 3.3-V LVTTL  ;         ; Column I/O ; N               ; no       ; Off          ;
; 93       ;            ;          ; GND                                      ; gnd    ;              ;         ; --         ;                 ; --       ; --           ;
; 94       ; 92         ; 4        ; A[1]                                     ; input  ; 3.3-V LVTTL  ;         ; Column I/O ; N               ; no       ; Off          ;
; 95       ; 93         ; 4        ; mA[6]                                    ; output ; 3.3-V LVTTL  ;         ; Column I/O ; N               ; no       ; Off          ;
; 96       ; 94         ; 4        ; A[4]                                     ; input  ; 3.3-V LVTTL  ;         ; Column I/O ; N               ; no       ; Off          ;
; 97       ; 95         ; 4        ; R                                        ; input  ; 3.3-V LVTTL  ;         ; Column I/O ; N               ; no       ; Off          ;
; 98       ;            ; 4        ; VCCIO4                                   ; power  ;              ; 3.3V    ; --         ;                 ; --       ; --           ;
; 99       ; 96         ; 4        ; A[6]                                     ; input  ; 3.3-V LVTTL  ;         ; Column I/O ; N               ; no       ; Off          ;
; 100      ;            ;          ; GND                                      ; gnd    ;              ;         ; --         ;                 ; --       ; --           ;
; 101      ; 97         ; 4        ; GND*                                     ;        ;              ;         ; Column I/O ;                 ; no       ; Off          ;
; 102      ; 98         ; 4        ; GND*                                     ;        ;              ;         ; Column I/O ;                 ; no       ; Off          ;
; 103      ; 99         ; 4        ; A[0]                                     ; input  ; 3.3-V LVTTL  ;         ; Column I/O ; N               ; no       ; Off          ;
; 104      ; 100        ; 4        ; GND*                                     ;        ;              ;         ; Column I/O ;                 ; no       ; Off          ;
; 105      ; 101        ; 3        ; GND*                                     ;        ;              ;         ; Row I/O    ;                 ; no       ; Off          ;
; 106      ; 102        ; 3        ; GND*                                     ;        ;              ;         ; Row I/O    ;                 ; no       ; Off          ;
; 107      ; 105        ; 3        ; GND*                                     ;        ;              ;         ; Row I/O    ;                 ; no       ; Off          ;
; 108      ; 106        ; 3        ; ~LVDS54p/nCEO~                           ; output ; 3.3-V LVTTL  ;         ; Row I/O    ; N               ; no       ; Off          ;
; 109      ;            ; 3        ; VCCIO3                                   ; power  ;              ; 3.3V    ; --         ;                 ; --       ; --           ;
; 110      ; 107        ; 3        ; mD[0]                                    ; output ; 3.3-V LVTTL  ;         ; Row I/O    ; N               ; no       ; Off          ;
; 111      ;            ;          ; GND                                      ; gnd    ;              ;         ; --         ;                 ; --       ; --           ;
; 112      ; 108        ; 3        ; mA[5]                                    ; output ; 3.3-V LVTTL  ;         ; Row I/O    ; N               ; no       ; Off          ;
; 113      ; 109        ; 3        ; mD[4]                                    ; output ; 3.3-V LVTTL  ;         ; Row I/O    ; N               ; no       ; Off          ;
; 114      ; 110        ; 3        ; mD[5]                                    ; output ; 3.3-V LVTTL  ;         ; Row I/O    ; N               ; no       ; Off          ;
; 115      ; 112        ; 3        ; mD[7]                                    ; output ; 3.3-V LVTTL  ;         ; Row I/O    ; N               ; no       ; Off          ;
; 116      ; 113        ; 3        ; mA[1]                                    ; output ; 3.3-V LVTTL  ;         ; Row I/O    ; N               ; no       ; Off          ;
; 117      ; 114        ; 3        ; mA[0]                                    ; output ; 3.3-V LVTTL  ;         ; Row I/O    ; N               ; no       ; Off          ;
; 118      ; 117        ; 3        ; mA[2]                                    ; output ; 3.3-V LVTTL  ;         ; Row I/O    ; N               ; no       ; Off          ;
; 119      ;            ;          ; GND                                      ; gnd    ;              ;         ; --         ;                 ; --       ; --           ;
; 120      ;            ;          ; VCCINT                                   ; power  ;              ; 1.2V    ; --         ;                 ; --       ; --           ;
; 121      ; 121        ; 3        ; ^nSTATUS                                 ;        ;              ;         ; --         ;                 ; --       ; --           ;
; 122      ;            ; 3        ; VCCIO3                                   ; power  ;              ; 3.3V    ; --         ;                 ; --       ; --           ;
; 123      ; 122        ; 3        ; ^CONF_DONE                               ;        ;              ;         ; --         ;                 ; --       ; --           ;
; 124      ;            ;          ; GND                                      ; gnd    ;              ;         ; --         ;                 ; --       ; --           ;
; 125      ; 123        ; 3        ; ^MSEL1                                   ;        ;              ;         ; --         ;                 ; --       ; --           ;
; 126      ; 124        ; 3        ; ^MSEL0                                   ;        ;              ;         ; --         ;                 ; --       ; --           ;
; 127      ; 125        ; 3        ; mA[3]                                    ; output ; 3.3-V LVTTL  ;         ; Row I/O    ; N               ; no       ; Off          ;
; 128      ; 126        ; 3        ; W                                        ; input  ; 3.3-V LVTTL  ;         ; Row I/O    ; N               ; no       ; Off          ;
; 129      ; 127        ; 3        ; D[5]                                     ; input  ; 3.3-V LVTTL  ;         ; Row I/O    ; N               ; no       ; Off          ;
; 130      ; 128        ; 3        ; D[4]                                     ; input  ; 3.3-V LVTTL  ;         ; Row I/O    ; N               ; no       ; Off          ;
; 131      ; 129        ; 3        ; D[3]                                     ; input  ; 3.3-V LVTTL  ;         ; Row I/O    ; N               ; no       ; Off          ;
; 132      ; 130        ; 3        ; D[2]                                     ; input  ; 3.3-V LVTTL  ;         ; Row I/O    ; N               ; no       ; Off          ;
; 133      ; 131        ; 3        ; GND*                                     ;        ;              ;         ; Row I/O    ;                 ; no       ; Off          ;
; 134      ; 132        ; 3        ; GND*                                     ;        ;              ;         ; Row I/O    ;                 ; no       ; Off          ;
; 135      ; 133        ; 3        ; GND*                                     ;        ;              ;         ; Row I/O    ;                 ; no       ; Off          ;
; 136      ;            ; 3        ; VCCIO3                                   ; power  ;              ; 3.3V    ; --         ;                 ; --       ; --           ;
; 137      ; 134        ; 3        ; GND*                                     ;        ;              ;         ; Row I/O    ;                 ; no       ; Off          ;
; 138      ; 135        ; 3        ; GND*                                     ;        ;              ;         ; Row I/O    ;                 ; no       ; Off          ;
; 139      ; 136        ; 3        ; GND*                                     ;        ;              ;         ; Row I/O    ;                 ; no       ; Off          ;
; 140      ;            ;          ; GND                                      ; gnd    ;              ;         ; --         ;                 ; --       ; --           ;
; 141      ; 137        ; 3        ; GND*                                     ;        ;              ;         ; Row I/O    ;                 ; no       ; Off          ;
; 142      ; 138        ; 3        ; GND*                                     ;        ;              ;         ; Row I/O    ;                 ; no       ; Off          ;
; 143      ; 141        ; 3        ; GND*                                     ;        ;              ;         ; Row I/O    ;                 ; no       ; Off          ;
; 144      ; 142        ; 3        ; GND*                                     ;        ;              ;         ; Row I/O    ;                 ; no       ; Off          ;
; 145      ; 143        ; 3        ; GND*                                     ;        ;              ;         ; Row I/O    ;                 ; --       ; --           ;
; 146      ; 149        ; 3        ; GND*                                     ;        ;              ;         ; Row I/O    ;                 ; no       ; Off          ;
; 147      ; 150        ; 3        ; GND*                                     ;        ;              ;         ; Row I/O    ;                 ; no       ; Off          ;
; 148      ;            ; 3        ; VCCIO3                                   ; power  ;              ; 3.3V    ; --         ;                 ; --       ; --           ;
; 149      ; 151        ; 3        ; GND*                                     ;        ;              ;         ; Row I/O    ;                 ; no       ; Off          ;
; 150      ; 152        ; 3        ; GND*                                     ;        ;              ;         ; Row I/O    ;                 ; no       ; Off          ;
; 151      ; 153        ; 3        ; GND*                                     ;        ;              ;         ; Row I/O    ;                 ; no       ; Off          ;
; 152      ; 154        ; 3        ; GND*                                     ;        ;              ;         ; Row I/O    ;                 ; no       ; Off          ;
; 153      ;            ;          ; GND                                      ; gnd    ;              ;         ; --         ;                 ; --       ; --           ;
; 154      ;            ;          ; GND_PLL2                                 ; gnd    ;              ;         ; --         ;                 ; --       ; --           ;
; 155      ;            ;          ; VCCD_PLL2                                ; power  ;              ; 1.2V    ; --         ;                 ; --       ; --           ;
; 156      ;            ;          ; GND_PLL2                                 ; gnd    ;              ;         ; --         ;                 ; --       ; --           ;
; 157      ;            ;          ; VCCA_PLL2                                ; power  ;              ; 1.2V    ; --         ;                 ; --       ; --           ;
; 158      ;            ;          ; GNDA_PLL2                                ; gnd    ;              ;         ; --         ;                 ; --       ; --           ;
; 159      ;            ;          ; GND                                      ; gnd    ;              ;         ; --         ;                 ; --       ; --           ;
; 160      ; 155        ; 2        ; GND*                                     ;        ;              ;         ; Column I/O ;                 ; no       ; Off          ;
; 161      ; 156        ; 2        ; GND*                                     ;        ;              ;         ; Column I/O ;                 ; no       ; Off          ;
; 162      ; 157        ; 2        ; GND*                                     ;        ;              ;         ; Column I/O ;                 ; no       ; Off          ;
; 163      ; 158        ; 2        ; GND*                                     ;        ;              ;         ; Column I/O ;                 ; no       ; Off          ;
; 164      ; 159        ; 2        ; GND*                                     ;        ;              ;         ; Column I/O ;                 ; no       ; Off          ;
; 165      ; 160        ; 2        ; GND*                                     ;        ;              ;         ; Column I/O ;                 ; no       ; Off          ;
; 166      ;            ; 2        ; VCCIO2                                   ; power  ;              ; 3.3V    ; --         ;                 ; --       ; --           ;
; 167      ;            ;          ; GND                                      ; gnd    ;              ;         ; --         ;                 ; --       ; --           ;
; 168      ; 161        ; 2        ; GND*                                     ;        ;              ;         ; Column I/O ;                 ; no       ; Off          ;
; 169      ; 162        ; 2        ; GND*                                     ;        ;              ;         ; Column I/O ;                 ; no       ; Off          ;
; 170      ; 163        ; 2        ; GND*                                     ;        ;              ;         ; Column I/O ;                 ; --       ; --           ;
; 171      ; 164        ; 2        ; GND*                                     ;        ;              ;         ; Column I/O ;                 ; no       ; Off          ;
; 172      ;            ; 2        ; VCCIO2                                   ; power  ;              ; 3.3V    ; --         ;                 ; --       ; --           ;
; 173      ; 165        ; 2        ; GND*                                     ;        ;              ;         ; Column I/O ;                 ; no       ; Off          ;
; 174      ;            ;          ; GND                                      ; gnd    ;              ;         ; --         ;                 ; --       ; --           ;
; 175      ; 168        ; 2        ; A[2]                                     ; input  ; 3.3-V LVTTL  ;         ; Column I/O ; N               ; no       ; Off          ;
; 176      ; 169        ; 2        ; A[3]                                     ; input  ; 3.3-V LVTTL  ;         ; Column I/O ; N               ; no       ; Off          ;
; 177      ;            ;          ; GND                                      ; gnd    ;              ;         ; --         ;                 ; --       ; --           ;
; 178      ;            ;          ; VCCINT                                   ; power  ;              ; 1.2V    ; --         ;                 ; --       ; --           ;
; 179      ; 173        ; 2        ; GND*                                     ;        ;              ;         ; Column I/O ;                 ; no       ; Off          ;
; 180      ; 174        ; 2        ; GND*                                     ;        ;              ;         ; Column I/O ;                 ; no       ; Off          ;
; 181      ; 175        ; 2        ; GND*                                     ;        ;              ;         ; Column I/O ;                 ; no       ; Off          ;
; 182      ; 176        ; 2        ; GND*                                     ;        ;              ;         ; Column I/O ;                 ; no       ; Off          ;
; 183      ;            ; 2        ; VCCIO2                                   ; power  ;              ; 3.3V    ; --         ;                 ; --       ; --           ;
; 184      ;            ;          ; GND                                      ; gnd    ;              ;         ; --         ;                 ; --       ; --           ;
; 185      ; 180        ; 2        ; GND*                                     ;        ;              ;         ; Column I/O ;                 ; no       ; Off          ;
; 186      ;            ;          ; GND                                      ; gnd    ;              ;         ; --         ;                 ; --       ; --           ;
; 187      ; 181        ; 2        ; GND*                                     ;        ;              ;         ; Column I/O ;                 ; no       ; Off          ;
; 188      ; 182        ; 2        ; GND*                                     ;        ;              ;         ; Column I/O ;                 ; no       ; Off          ;
; 189      ; 183        ; 2        ; GND*                                     ;        ;              ;         ; Column I/O ;                 ; no       ; Off          ;
; 190      ;            ;          ; VCCINT                                   ; power  ;              ; 1.2V    ; --         ;                 ; --       ; --           ;
; 191      ; 184        ; 2        ; GND*                                     ;        ;              ;         ; Column I/O ;                 ; no       ; Off          ;
; 192      ; 185        ; 2        ; GND*                                     ;        ;              ;         ; Column I/O ;                 ; --       ; --           ;
; 193      ; 186        ; 2        ; GND*                                     ;        ;              ;         ; Column I/O ;                 ; no       ; Off          ;
; 194      ;            ; 2        ; VCCIO2                                   ; power  ;              ; 3.3V    ; --         ;                 ; --       ; --           ;
; 195      ; 187        ; 2        ; GND*                                     ;        ;              ;         ; Column I/O ;                 ; no       ; Off          ;
; 196      ;            ;          ; GND                                      ; gnd    ;              ;         ; --         ;                 ; --       ; --           ;
; 197      ; 191        ; 2        ; GND*                                     ;        ;              ;         ; Column I/O ;                 ; no       ; Off          ;
; 198      ; 192        ; 2        ; GND*                                     ;        ;              ;         ; Column I/O ;                 ; no       ; Off          ;
; 199      ; 195        ; 2        ; GND*                                     ;        ;              ;         ; Column I/O ;                 ; no       ; Off          ;
; 200      ; 196        ; 2        ; GND*                                     ;        ;              ;         ; Column I/O ;                 ; no       ; Off          ;
; 201      ; 197        ; 2        ; GND*                                     ;        ;              ;         ; Column I/O ;                 ; no       ; Off          ;
; 202      ;            ; 2        ; VCCIO2                                   ; power  ;              ; 3.3V    ; --         ;                 ; --       ; --           ;
; 203      ; 198        ; 2        ; GND*                                     ;        ;              ;         ; Column I/O ;                 ; no       ; Off          ;
; 204      ;            ;          ; GND                                      ; gnd    ;              ;         ; --         ;                 ; --       ; --           ;
; 205      ; 199        ; 2        ; GND*                                     ;        ;              ;         ; Column I/O ;                 ; no       ; Off          ;
; 206      ; 200        ; 2        ; GND*                                     ;        ;              ;         ; Column I/O ;                 ; no       ; Off          ;
; 207      ; 201        ; 2        ; GND*                                     ;        ;              ;         ; Column I/O ;                 ; no       ; Off          ;
; 208      ; 202        ; 2        ; GND*                                     ;        ;              ;         ; Column I/O ;                 ; no       ; Off          ;
+----------+------------+----------+------------------------------------------+--------+--------------+---------+------------+-----------------+----------+--------------+
Note: Pin directions (input, output or bidir) are based on device operating in user mode.


+-------------------------------------------------------------------------------+
; Output Pin Default Load For Reported TCO                                      ;
+----------------------------------+-------+------------------------------------+
; I/O Standard                     ; Load  ; Termination Resistance             ;
+----------------------------------+-------+------------------------------------+
; 3.3-V LVTTL                      ; 0 pF  ; Not Available                      ;
; 3.3-V LVCMOS                     ; 0 pF  ; Not Available                      ;
; 2.5 V                            ; 0 pF  ; Not Available                      ;
; 1.8 V                            ; 0 pF  ; Not Available                      ;
; 1.5 V                            ; 0 pF  ; Not Available                      ;
; 3.3-V PCI                        ; 10 pF ; 25 Ohm (Parallel)                  ;
; 3.3-V PCI-X                      ; 10 pF ; 25 Ohm (Parallel)                  ;
; SSTL-2 Class I                   ; 0 pF  ; 50 Ohm (Parallel), 25 Ohm (Serial) ;
; SSTL-2 Class II                  ; 0 pF  ; 25 Ohm (Parallel), 25 Ohm (Serial) ;
; SSTL-18 Class I                  ; 0 pF  ; 50 Ohm (Parallel), 25 Ohm (Serial) ;
; SSTL-18 Class II                 ; 0 pF  ; 25 Ohm (Parallel), 25 Ohm (Serial) ;
; 1.5-V HSTL Class I               ; 0 pF  ; 50 Ohm (Parallel)                  ;
; 1.5-V HSTL Class II              ; 0 pF  ; 25 Ohm (Parallel)                  ;
; 1.8-V HSTL Class I               ; 0 pF  ; 50 Ohm (Parallel)                  ;
; 1.8-V HSTL Class II              ; 0 pF  ; 25 Ohm (Parallel)                  ;
; Differential SSTL-2              ; 0 pF  ; (See SSTL-2)                       ;
; Differential 2.5-V SSTL Class II ; 0 pF  ; (See SSTL-2 Class II)              ;
; Differential 1.8-V SSTL Class I  ; 0 pF  ; (See 1.8-V SSTL Class I)           ;
; Differential 1.8-V SSTL Class II ; 0 pF  ; (See 1.8-V SSTL Class II)          ;
; Differential 1.5-V HSTL Class I  ; 0 pF  ; (See 1.5-V HSTL Class I)           ;
; Differential 1.5-V HSTL Class II ; 0 pF  ; (See 1.5-V HSTL Class II)          ;
; Differential 1.8-V HSTL Class I  ; 0 pF  ; (See 1.8-V HSTL Class I)           ;
; Differential 1.8-V HSTL Class II ; 0 pF  ; (See 1.8-V HSTL Class II)          ;
; LVDS                             ; 0 pF  ; 100 Ohm (Differential)             ;
; mini-LVDS                        ; 0 pF  ; 100 Ohm (Differential)             ;
; RSDS                             ; 0 pF  ; 100 Ohm (Differential)             ;
; Simple RSDS                      ; 0 pF  ; Not Available                      ;
; Differential LVPECL              ; 0 pF  ; 100 Ohm (Differential)             ;
+----------------------------------+-------+------------------------------------+
Note: User assignments will override these defaults. The user specified values are listed in the Output Pins and Bidir Pins tables.


+-------------------------------------------------------------------------------------------------------------------------------------------------------------------------------------------------------------------------------------------------------------------+
; Fitter Resource Utilization by Entity                                                                                                                                                                                                                             ;
+----------------------------+-------------+---------------------------+---------------+-------------+------+--------------+---------+-----------+------+--------------+--------------+-------------------+------------------+-----------------------+--------------+
; Compilation Hierarchy Node ; Logic Cells ; Dedicated Logic Registers ; I/O Registers ; Memory Bits ; M4Ks ; DSP Elements ; DSP 9x9 ; DSP 18x18 ; Pins ; Virtual Pins ; LUT-Only LCs ; Register-Only LCs ; LUT/Register LCs ; Full Hierarchy Name   ; Library Name ;
+----------------------------+-------------+---------------------------+---------------+-------------+------+--------------+---------+-----------+------+--------------+--------------+-------------------+------------------+-----------------------+--------------+
; |memsys                    ; 267 (43)    ; 0 (0)                     ; 0 (0)         ; 0           ; 0    ; 0            ; 0       ; 0         ; 35   ; 0            ; 267 (43)     ; 0 (0)             ; 0 (0)            ; |memsys               ; work         ;
;    |asyncram:inst|         ; 224 (224)   ; 0 (0)                     ; 0 (0)         ; 0           ; 0    ; 0            ; 0       ; 0         ; 0    ; 0            ; 224 (224)    ; 0 (0)             ; 0 (0)            ; |memsys|asyncram:inst ; work         ;
+----------------------------+-------------+---------------------------+---------------+-------------+------+--------------+---------+-----------+------+--------------+--------------+-------------------+------------------+-----------------------+--------------+
Note: For table entries with two numbers listed, the numbers in parentheses indicate the number of resources of the given type used by the specific entity alone. The numbers listed outside of parentheses indicate the total resources of the given type used by the specific entity and all of its sub-entities in the hierarchy.


+--------------------------------------------------------------------------------+
; Delay Chain Summary                                                            ;
+-------+----------+---------------+---------------+-----------------------+-----+
; Name  ; Pin Type ; Pad to Core 0 ; Pad to Core 1 ; Pad to Input Register ; TCO ;
+-------+----------+---------------+---------------+-----------------------+-----+
; mD[7] ; Output   ; --            ; --            ; --                    ; --  ;
; mD[6] ; Output   ; --            ; --            ; --                    ; --  ;
; mD[5] ; Output   ; --            ; --            ; --                    ; --  ;
; mD[4] ; Output   ; --            ; --            ; --                    ; --  ;
; mD[3] ; Output   ; --            ; --            ; --                    ; --  ;
; mD[2] ; Output   ; --            ; --            ; --                    ; --  ;
; mD[1] ; Output   ; --            ; --            ; --                    ; --  ;
; mD[0] ; Output   ; --            ; --            ; --                    ; --  ;
; mA[7] ; Output   ; --            ; --            ; --                    ; --  ;
; mA[6] ; Output   ; --            ; --            ; --                    ; --  ;
; mA[5] ; Output   ; --            ; --            ; --                    ; --  ;
; mA[4] ; Output   ; --            ; --            ; --                    ; --  ;
; mA[3] ; Output   ; --            ; --            ; --                    ; --  ;
; mA[2] ; Output   ; --            ; --            ; --                    ; --  ;
; mA[1] ; Output   ; --            ; --            ; --                    ; --  ;
; mA[0] ; Output   ; --            ; --            ; --                    ; --  ;
; A[7]  ; Input    ; (6) 2514 ps   ; (6) 2514 ps   ; --                    ; --  ;
; CLK   ; Input    ; (0) 170 ps    ; (6) 2514 ps   ; --                    ; --  ;
; A[6]  ; Input    ; (6) 2514 ps   ; (6) 2514 ps   ; --                    ; --  ;
; A[5]  ; Input    ; (6) 2514 ps   ; (6) 2514 ps   ; --                    ; --  ;
; A[4]  ; Input    ; (6) 2514 ps   ; (6) 2514 ps   ; --                    ; --  ;
; A[3]  ; Input    ; (6) 2514 ps   ; (6) 2514 ps   ; --                    ; --  ;
; A[2]  ; Input    ; (6) 2514 ps   ; (6) 2514 ps   ; --                    ; --  ;
; A[1]  ; Input    ; (6) 2514 ps   ; (6) 2514 ps   ; --                    ; --  ;
; A[0]  ; Input    ; (6) 2514 ps   ; (6) 2514 ps   ; --                    ; --  ;
; R     ; Input    ; (6) 2514 ps   ; (6) 2514 ps   ; --                    ; --  ;
; W     ; Input    ; (6) 2523 ps   ; (6) 2523 ps   ; --                    ; --  ;
; D[7]  ; Input    ; (6) 2514 ps   ; (6) 2514 ps   ; --                    ; --  ;
; D[6]  ; Input    ; (6) 2514 ps   ; (6) 2514 ps   ; --                    ; --  ;
; D[5]  ; Input    ; (0) 171 ps    ; (0) 171 ps    ; --                    ; --  ;
; D[4]  ; Input    ; (0) 171 ps    ; (0) 171 ps    ; --                    ; --  ;
; D[3]  ; Input    ; (0) 171 ps    ; (0) 171 ps    ; --                    ; --  ;
; D[2]  ; Input    ; (0) 171 ps    ; (0) 171 ps    ; --                    ; --  ;
; D[1]  ; Input    ; (6) 2514 ps   ; (6) 2514 ps   ; --                    ; --  ;
; D[0]  ; Input    ; (6) 2514 ps   ; (6) 2514 ps   ; --                    ; --  ;
+-------+----------+---------------+---------------+-----------------------+-----+


+---------------------------------------------------+
; Pad To Core Delay Chain Fanout                    ;
+---------------------+-------------------+---------+
; Source Pin / Fanout ; Pad To Core Index ; Setting ;
+---------------------+-------------------+---------+
; A[7]                ;                   ;         ;
;      - inst10[7]    ; 0                 ; 6       ;
; CLK                 ;                   ;         ;
;      - inst5        ; 0                 ; 0       ;
;      - inst7        ; 0                 ; 0       ;
;      - inst3[7]~9   ; 1                 ; 6       ;
;      - rtl~0        ; 0                 ; 0       ;
;      - rtl~1        ; 0                 ; 0       ;
;      - rtl~2        ; 0                 ; 0       ;
;      - rtl~3        ; 0                 ; 0       ;
;      - rtl~4        ; 0                 ; 0       ;
;      - rtl~5        ; 0                 ; 0       ;
;      - rtl~6        ; 0                 ; 0       ;
;      - rtl~7        ; 0                 ; 0       ;
;      - rtl~8        ; 0                 ; 0       ;
;      - rtl~9        ; 0                 ; 0       ;
;      - rtl~10       ; 0                 ; 0       ;
;      - rtl~11       ; 0                 ; 0       ;
;      - rtl~12       ; 0                 ; 0       ;
;      - rtl~13       ; 0                 ; 0       ;
;      - rtl~14       ; 0                 ; 0       ;
;      - rtl~15       ; 0                 ; 0       ;
;      - inst10[7]    ; 0                 ; 0       ;
;      - inst10[6]    ; 0                 ; 0       ;
;      - inst10[5]    ; 0                 ; 0       ;
;      - inst10[4]    ; 0                 ; 0       ;
;      - inst10[3]    ; 0                 ; 0       ;
;      - inst10[2]    ; 0                 ; 0       ;
;      - inst10[1]    ; 0                 ; 0       ;
;      - inst10[0]    ; 0                 ; 0       ;
;      - inst11[7]    ; 0                 ; 0       ;
;      - inst11[6]    ; 0                 ; 0       ;
;      - inst11[5]    ; 0                 ; 0       ;
;      - inst11[4]    ; 0                 ; 0       ;
;      - inst11[3]    ; 0                 ; 0       ;
;      - inst11[2]    ; 0                 ; 0       ;
;      - inst11[1]    ; 0                 ; 0       ;
;      - inst11[0]    ; 0                 ; 0       ;
; A[6]                ;                   ;         ;
;      - inst10[6]    ; 0                 ; 6       ;
; A[5]                ;                   ;         ;
;      - inst10[5]    ; 0                 ; 6       ;
; A[4]                ;                   ;         ;
;      - inst10[4]    ; 0                 ; 6       ;
; A[3]                ;                   ;         ;
;      - inst10[3]    ; 0                 ; 6       ;
; A[2]                ;                   ;         ;
;      - inst10[2]    ; 0                 ; 6       ;
; A[1]                ;                   ;         ;
;      - inst10[1]    ; 0                 ; 6       ;
; A[0]                ;                   ;         ;
;      - inst10[0]    ; 1                 ; 6       ;
; R                   ;                   ;         ;
;      - inst5        ; 0                 ; 6       ;
;      - inst3[7]~9   ; 0                 ; 6       ;
; W                   ;                   ;         ;
;      - inst7        ; 0                 ; 6       ;
;      - inst3[7]~9   ; 0                 ; 6       ;
;      - rtl~0        ; 0                 ; 6       ;
;      - rtl~1        ; 0                 ; 6       ;
;      - rtl~2        ; 0                 ; 6       ;
;      - rtl~3        ; 0                 ; 6       ;
;      - rtl~4        ; 0                 ; 6       ;
;      - rtl~5        ; 0                 ; 6       ;
;      - rtl~6        ; 0                 ; 6       ;
;      - rtl~7        ; 0                 ; 6       ;
;      - rtl~8        ; 0                 ; 6       ;
;      - rtl~9        ; 0                 ; 6       ;
;      - rtl~10       ; 0                 ; 6       ;
;      - rtl~11       ; 0                 ; 6       ;
;      - rtl~12       ; 0                 ; 6       ;
;      - rtl~13       ; 0                 ; 6       ;
;      - rtl~14       ; 0                 ; 6       ;
;      - rtl~15       ; 0                 ; 6       ;
; D[7]                ;                   ;         ;
;      - inst11[7]    ; 0                 ; 6       ;
; D[6]                ;                   ;         ;
;      - inst11[6]    ; 0                 ; 6       ;
; D[5]                ;                   ;         ;
; D[4]                ;                   ;         ;
; D[3]                ;                   ;         ;
; D[2]                ;                   ;         ;
; D[1]                ;                   ;         ;
;      - inst11[1]    ; 1                 ; 6       ;
; D[0]                ;                   ;         ;
;      - inst11[0]    ; 0                 ; 6       ;
+---------------------+-------------------+---------+


+-----------------------------------------------------------------------------------------------------------------------------------------+
; Control Signals                                                                                                                         ;
+------------+-------------------+---------+---------------+--------+----------------------+------------------+---------------------------+
; Name       ; Location          ; Fan-Out ; Usage         ; Global ; Global Resource Used ; Global Line Name ; Enable Signal Source Name ;
+------------+-------------------+---------+---------------+--------+----------------------+------------------+---------------------------+
; CLK        ; PIN_81            ; 35      ; Latch enable  ; no     ; --                   ; --               ; --                        ;
; inst3[7]~9 ; LCCOMB_X26_Y5_N16 ; 8       ; Output enable ; no     ; --                   ; --               ; --                        ;
; rtl~0      ; LCCOMB_X23_Y6_N20 ; 8       ; Latch enable  ; yes    ; Global Clock         ; GCLK5            ; --                        ;
; rtl~1      ; LCCOMB_X24_Y8_N28 ; 8       ; Latch enable  ; yes    ; Global Clock         ; GCLK7            ; --                        ;
; rtl~10     ; LCCOMB_X24_Y9_N4  ; 8       ; Latch enable  ; yes    ; Global Clock         ; GCLK6            ; --                        ;
; rtl~11     ; LCCOMB_X23_Y6_N24 ; 8       ; Latch enable  ; yes    ; Global Clock         ; GCLK4            ; --                        ;
; rtl~12     ; LCCOMB_X24_Y9_N12 ; 8       ; Latch enable  ; yes    ; Global Clock         ; GCLK1            ; --                        ;
; rtl~13     ; LCCOMB_X24_Y9_N18 ; 8       ; Latch enable  ; yes    ; Global Clock         ; GCLK0            ; --                        ;
; rtl~14     ; LCCOMB_X24_Y9_N6  ; 8       ; Latch enable  ; yes    ; Global Clock         ; GCLK3            ; --                        ;
; rtl~15     ; LCCOMB_X24_Y9_N16 ; 8       ; Latch enable  ; yes    ; Global Clock         ; GCLK2            ; --                        ;
; rtl~2      ; LCCOMB_X23_Y9_N24 ; 8       ; Latch enable  ; no     ; --                   ; --               ; --                        ;
; rtl~3      ; LCCOMB_X23_Y8_N22 ; 8       ; Latch enable  ; no     ; --                   ; --               ; --                        ;
; rtl~4      ; LCCOMB_X22_Y6_N18 ; 8       ; Latch enable  ; no     ; --                   ; --               ; --                        ;
; rtl~5      ; LCCOMB_X21_Y8_N20 ; 8       ; Latch enable  ; no     ; --                   ; --               ; --                        ;
; rtl~6      ; LCCOMB_X26_Y8_N16 ; 8       ; Latch enable  ; no     ; --                   ; --               ; --                        ;
; rtl~7      ; LCCOMB_X23_Y8_N16 ; 8       ; Latch enable  ; no     ; --                   ; --               ; --                        ;
; rtl~8      ; LCCOMB_X22_Y8_N10 ; 8       ; Latch enable  ; no     ; --                   ; --               ; --                        ;
; rtl~9      ; LCCOMB_X23_Y5_N26 ; 8       ; Latch enable  ; no     ; --                   ; --               ; --                        ;
+------------+-------------------+---------+---------------+--------+----------------------+------------------+---------------------------+


+------------------------------------------------------------------------------------------------------------+
; Global & Other Fast Signals                                                                                ;
+--------+-------------------+---------+----------------------+------------------+---------------------------+
; Name   ; Location          ; Fan-Out ; Global Resource Used ; Global Line Name ; Enable Signal Source Name ;
+--------+-------------------+---------+----------------------+------------------+---------------------------+
; rtl~0  ; LCCOMB_X23_Y6_N20 ; 8       ; Global Clock         ; GCLK5            ; --                        ;
; rtl~1  ; LCCOMB_X24_Y8_N28 ; 8       ; Global Clock         ; GCLK7            ; --                        ;
; rtl~10 ; LCCOMB_X24_Y9_N4  ; 8       ; Global Clock         ; GCLK6            ; --                        ;
; rtl~11 ; LCCOMB_X23_Y6_N24 ; 8       ; Global Clock         ; GCLK4            ; --                        ;
; rtl~12 ; LCCOMB_X24_Y9_N12 ; 8       ; Global Clock         ; GCLK1            ; --                        ;
; rtl~13 ; LCCOMB_X24_Y9_N18 ; 8       ; Global Clock         ; GCLK0            ; --                        ;
; rtl~14 ; LCCOMB_X24_Y9_N6  ; 8       ; Global Clock         ; GCLK3            ; --                        ;
; rtl~15 ; LCCOMB_X24_Y9_N16 ; 8       ; Global Clock         ; GCLK2            ; --                        ;
+--------+-------------------+---------+----------------------+------------------+---------------------------+


+---------------------------------+
; Non-Global High Fan-Out Signals ;
+-----------------------+---------+
; Name                  ; Fan-Out ;
+-----------------------+---------+
; inst10[0]             ; 48      ;
; inst10[1]             ; 48      ;
; inst10[2]             ; 48      ;
; inst10[3]             ; 48      ;
; CLK                   ; 35      ;
; W                     ; 18      ;
; inst3[0]~16           ; 17      ;
; inst3[1]~15           ; 17      ;
; inst3[2]~14           ; 17      ;
; inst3[3]~13           ; 17      ;
; inst3[4]~12           ; 17      ;
; inst3[5]~11           ; 17      ;
; inst3[6]~10           ; 17      ;
; inst3[7]~8            ; 17      ;
; rtl~9                 ; 8       ;
; rtl~8                 ; 8       ;
; rtl~7                 ; 8       ;
; rtl~6                 ; 8       ;
; rtl~5                 ; 8       ;
; rtl~4                 ; 8       ;
; rtl~3                 ; 8       ;
; rtl~2                 ; 8       ;
; inst3[7]~9            ; 8       ;
; inst7                 ; 8       ;
; inst5                 ; 8       ;
; R                     ; 2       ;
; asyncram:inst|mem~120 ; 2       ;
; asyncram:inst|mem~24  ; 2       ;
; asyncram:inst|mem~88  ; 2       ;
; asyncram:inst|mem~56  ; 2       ;
; asyncram:inst|mem~96  ; 2       ;
; asyncram:inst|mem~0   ; 2       ;
; asyncram:inst|mem~32  ; 2       ;
; asyncram:inst|mem~64  ; 2       ;
; asyncram:inst|mem~112 ; 2       ;
; asyncram:inst|mem~16  ; 2       ;
; asyncram:inst|mem~48  ; 2       ;
; asyncram:inst|mem~80  ; 2       ;
; asyncram:inst|mem~104 ; 2       ;
; asyncram:inst|mem~8   ; 2       ;
; asyncram:inst|mem~72  ; 2       ;
; asyncram:inst|mem~40  ; 2       ;
; inst11[0]             ; 2       ;
; asyncram:inst|mem~121 ; 2       ;
; asyncram:inst|mem~97  ; 2       ;
; asyncram:inst|mem~105 ; 2       ;
; asyncram:inst|mem~113 ; 2       ;
; asyncram:inst|mem~25  ; 2       ;
; asyncram:inst|mem~1   ; 2       ;
; asyncram:inst|mem~17  ; 2       ;
; asyncram:inst|mem~9   ; 2       ;
; asyncram:inst|mem~89  ; 2       ;
; asyncram:inst|mem~65  ; 2       ;
; asyncram:inst|mem~81  ; 2       ;
; asyncram:inst|mem~73  ; 2       ;
; asyncram:inst|mem~57  ; 2       ;
; asyncram:inst|mem~33  ; 2       ;
; asyncram:inst|mem~41  ; 2       ;
; asyncram:inst|mem~49  ; 2       ;
; inst11[1]             ; 2       ;
; asyncram:inst|mem~122 ; 2       ;
; asyncram:inst|mem~26  ; 2       ;
; asyncram:inst|mem~58  ; 2       ;
; asyncram:inst|mem~90  ; 2       ;
; asyncram:inst|mem~98  ; 2       ;
; asyncram:inst|mem~2   ; 2       ;
; asyncram:inst|mem~66  ; 2       ;
; asyncram:inst|mem~34  ; 2       ;
; asyncram:inst|mem~106 ; 2       ;
; asyncram:inst|mem~10  ; 2       ;
; asyncram:inst|mem~42  ; 2       ;
; asyncram:inst|mem~74  ; 2       ;
; asyncram:inst|mem~114 ; 2       ;
; asyncram:inst|mem~18  ; 2       ;
; asyncram:inst|mem~82  ; 2       ;
; asyncram:inst|mem~50  ; 2       ;
; inst11[2]             ; 2       ;
; asyncram:inst|mem~123 ; 2       ;
; asyncram:inst|mem~99  ; 2       ;
; asyncram:inst|mem~115 ; 2       ;
; asyncram:inst|mem~107 ; 2       ;
; asyncram:inst|mem~27  ; 2       ;
; asyncram:inst|mem~3   ; 2       ;
; asyncram:inst|mem~11  ; 2       ;
; asyncram:inst|mem~19  ; 2       ;
; asyncram:inst|mem~59  ; 2       ;
; asyncram:inst|mem~35  ; 2       ;
; asyncram:inst|mem~51  ; 2       ;
; asyncram:inst|mem~43  ; 2       ;
; asyncram:inst|mem~91  ; 2       ;
; asyncram:inst|mem~67  ; 2       ;
; asyncram:inst|mem~75  ; 2       ;
; asyncram:inst|mem~83  ; 2       ;
; inst11[3]             ; 2       ;
; asyncram:inst|mem~124 ; 2       ;
; asyncram:inst|mem~28  ; 2       ;
; asyncram:inst|mem~92  ; 2       ;
; asyncram:inst|mem~60  ; 2       ;
; asyncram:inst|mem~100 ; 2       ;
; asyncram:inst|mem~4   ; 2       ;
; asyncram:inst|mem~36  ; 2       ;
; asyncram:inst|mem~68  ; 2       ;
; asyncram:inst|mem~116 ; 2       ;
; asyncram:inst|mem~20  ; 2       ;
; asyncram:inst|mem~52  ; 2       ;
; asyncram:inst|mem~84  ; 2       ;
; asyncram:inst|mem~108 ; 2       ;
; asyncram:inst|mem~12  ; 2       ;
; asyncram:inst|mem~76  ; 2       ;
; asyncram:inst|mem~44  ; 2       ;
; inst11[4]             ; 2       ;
; asyncram:inst|mem~125 ; 2       ;
; asyncram:inst|mem~101 ; 2       ;
; asyncram:inst|mem~109 ; 2       ;
; asyncram:inst|mem~117 ; 2       ;
; asyncram:inst|mem~29  ; 2       ;
; asyncram:inst|mem~5   ; 2       ;
; asyncram:inst|mem~21  ; 2       ;
; asyncram:inst|mem~13  ; 2       ;
; asyncram:inst|mem~93  ; 2       ;
; asyncram:inst|mem~69  ; 2       ;
; asyncram:inst|mem~85  ; 2       ;
; asyncram:inst|mem~77  ; 2       ;
; asyncram:inst|mem~61  ; 2       ;
; asyncram:inst|mem~37  ; 2       ;
; asyncram:inst|mem~45  ; 2       ;
; asyncram:inst|mem~53  ; 2       ;
; inst11[5]             ; 2       ;
; asyncram:inst|mem~126 ; 2       ;
; asyncram:inst|mem~30  ; 2       ;
; asyncram:inst|mem~62  ; 2       ;
; asyncram:inst|mem~94  ; 2       ;
; asyncram:inst|mem~102 ; 2       ;
; asyncram:inst|mem~6   ; 2       ;
; asyncram:inst|mem~70  ; 2       ;
; asyncram:inst|mem~38  ; 2       ;
; asyncram:inst|mem~110 ; 2       ;
; asyncram:inst|mem~14  ; 2       ;
; asyncram:inst|mem~46  ; 2       ;
; asyncram:inst|mem~78  ; 2       ;
; asyncram:inst|mem~118 ; 2       ;
; asyncram:inst|mem~22  ; 2       ;
; asyncram:inst|mem~86  ; 2       ;
; asyncram:inst|mem~54  ; 2       ;
; inst11[6]             ; 2       ;
; asyncram:inst|mem~127 ; 2       ;
; asyncram:inst|mem~103 ; 2       ;
; asyncram:inst|mem~119 ; 2       ;
; asyncram:inst|mem~111 ; 2       ;
; asyncram:inst|mem~31  ; 2       ;
; asyncram:inst|mem~7   ; 2       ;
; asyncram:inst|mem~15  ; 2       ;
; asyncram:inst|mem~23  ; 2       ;
; asyncram:inst|mem~63  ; 2       ;
; asyncram:inst|mem~39  ; 2       ;
; asyncram:inst|mem~55  ; 2       ;
; asyncram:inst|mem~47  ; 2       ;
; asyncram:inst|mem~95  ; 2       ;
; asyncram:inst|mem~71  ; 2       ;
; asyncram:inst|mem~79  ; 2       ;
; asyncram:inst|mem~87  ; 2       ;
; inst11[7]             ; 2       ;
; inst10[4]             ; 2       ;
; inst10[5]             ; 2       ;
; inst10[6]             ; 2       ;
; inst10[7]             ; 2       ;
; D[0]                  ; 1       ;
; D[1]                  ; 1       ;
; D[2]                  ; 1       ;
; D[3]                  ; 1       ;
; D[4]                  ; 1       ;
; D[5]                  ; 1       ;
; D[6]                  ; 1       ;
; D[7]                  ; 1       ;
; A[0]                  ; 1       ;
; A[1]                  ; 1       ;
; A[2]                  ; 1       ;
; A[3]                  ; 1       ;
; A[4]                  ; 1       ;
; A[5]                  ; 1       ;
; A[6]                  ; 1       ;
; A[7]                  ; 1       ;
; asyncram:inst|mem~223 ; 1       ;
; asyncram:inst|mem~222 ; 1       ;
; asyncram:inst|mem~221 ; 1       ;
; asyncram:inst|mem~220 ; 1       ;
; asyncram:inst|mem~219 ; 1       ;
; asyncram:inst|mem~218 ; 1       ;
; asyncram:inst|mem~217 ; 1       ;
; asyncram:inst|mem~216 ; 1       ;
; asyncram:inst|mem~215 ; 1       ;
; asyncram:inst|mem~214 ; 1       ;
; asyncram:inst|mem~213 ; 1       ;
; asyncram:inst|mem~212 ; 1       ;
; asyncram:inst|mem~211 ; 1       ;
; asyncram:inst|mem~210 ; 1       ;
; asyncram:inst|mem~209 ; 1       ;
; asyncram:inst|mem~208 ; 1       ;
; asyncram:inst|mem~207 ; 1       ;
; asyncram:inst|mem~206 ; 1       ;
; asyncram:inst|mem~205 ; 1       ;
; asyncram:inst|mem~204 ; 1       ;
; asyncram:inst|mem~203 ; 1       ;
; asyncram:inst|mem~202 ; 1       ;
; asyncram:inst|mem~201 ; 1       ;
; asyncram:inst|mem~200 ; 1       ;
; asyncram:inst|mem~199 ; 1       ;
; asyncram:inst|mem~198 ; 1       ;
; asyncram:inst|mem~197 ; 1       ;
; asyncram:inst|mem~196 ; 1       ;
; asyncram:inst|mem~195 ; 1       ;
; asyncram:inst|mem~194 ; 1       ;
; asyncram:inst|mem~193 ; 1       ;
; asyncram:inst|mem~192 ; 1       ;
; asyncram:inst|mem~191 ; 1       ;
; asyncram:inst|mem~190 ; 1       ;
; asyncram:inst|mem~189 ; 1       ;
; asyncram:inst|mem~188 ; 1       ;
; asyncram:inst|mem~187 ; 1       ;
; asyncram:inst|mem~186 ; 1       ;
; asyncram:inst|mem~185 ; 1       ;
; asyncram:inst|mem~184 ; 1       ;
; asyncram:inst|mem~183 ; 1       ;
; asyncram:inst|mem~182 ; 1       ;
; asyncram:inst|mem~181 ; 1       ;
; asyncram:inst|mem~180 ; 1       ;
; asyncram:inst|mem~179 ; 1       ;
; asyncram:inst|mem~178 ; 1       ;
; asyncram:inst|mem~177 ; 1       ;
; asyncram:inst|mem~176 ; 1       ;
; asyncram:inst|mem~175 ; 1       ;
; asyncram:inst|mem~174 ; 1       ;
; asyncram:inst|mem~173 ; 1       ;
; asyncram:inst|mem~172 ; 1       ;
; asyncram:inst|mem~171 ; 1       ;
; asyncram:inst|mem~170 ; 1       ;
; asyncram:inst|mem~169 ; 1       ;
; asyncram:inst|mem~168 ; 1       ;
; asyncram:inst|mem~167 ; 1       ;
; asyncram:inst|mem~166 ; 1       ;
; asyncram:inst|mem~165 ; 1       ;
; asyncram:inst|mem~164 ; 1       ;
; asyncram:inst|mem~163 ; 1       ;
; asyncram:inst|mem~162 ; 1       ;
; asyncram:inst|mem~161 ; 1       ;
; asyncram:inst|mem~160 ; 1       ;
; asyncram:inst|mem~159 ; 1       ;
; asyncram:inst|mem~158 ; 1       ;
; asyncram:inst|mem~157 ; 1       ;
; asyncram:inst|mem~156 ; 1       ;
; asyncram:inst|mem~155 ; 1       ;
; asyncram:inst|mem~154 ; 1       ;
; asyncram:inst|mem~153 ; 1       ;
; asyncram:inst|mem~152 ; 1       ;
; asyncram:inst|mem~151 ; 1       ;
; asyncram:inst|mem~150 ; 1       ;
; asyncram:inst|mem~149 ; 1       ;
; asyncram:inst|mem~148 ; 1       ;
; asyncram:inst|mem~147 ; 1       ;
; asyncram:inst|mem~146 ; 1       ;
; asyncram:inst|mem~145 ; 1       ;
; asyncram:inst|mem~144 ; 1       ;
; asyncram:inst|mem~143 ; 1       ;
; asyncram:inst|mem~142 ; 1       ;
; asyncram:inst|mem~141 ; 1       ;
; asyncram:inst|mem~140 ; 1       ;
; asyncram:inst|mem~139 ; 1       ;
; asyncram:inst|mem~138 ; 1       ;
; asyncram:inst|mem~137 ; 1       ;
; asyncram:inst|mem~136 ; 1       ;
; asyncram:inst|mem~135 ; 1       ;
; asyncram:inst|mem~134 ; 1       ;
; asyncram:inst|mem~133 ; 1       ;
; asyncram:inst|mem~132 ; 1       ;
; asyncram:inst|mem~131 ; 1       ;
; asyncram:inst|mem~130 ; 1       ;
; asyncram:inst|mem~129 ; 1       ;
; asyncram:inst|mem~128 ; 1       ;
+-----------------------+---------+


+-----------------------------------------------------+
; Other Routing Usage Summary                         ;
+-----------------------------+-----------------------+
; Other Routing Resource Type ; Usage                 ;
+-----------------------------+-----------------------+
; Block interconnects         ; 456 / 26,052 ( 2 % )  ;
; C16 interconnects           ; 10 / 1,156 ( < 1 % )  ;
; C4 interconnects            ; 256 / 17,952 ( 1 % )  ;
; Direct links                ; 63 / 26,052 ( < 1 % ) ;
; Global clocks               ; 8 / 8 ( 100 % )       ;
; Local interconnects         ; 219 / 8,256 ( 3 % )   ;
; R24 interconnects           ; 13 / 1,020 ( 1 % )    ;
; R4 interconnects            ; 251 / 22,440 ( 1 % )  ;
+-----------------------------+-----------------------+


+---------------------------------------------------------------------------+
; LAB Logic Elements                                                        ;
+--------------------------------------------+------------------------------+
; Number of Logic Elements  (Average = 9.54) ; Number of LABs  (Total = 28) ;
+--------------------------------------------+------------------------------+
; 1                                          ; 6                            ;
; 2                                          ; 1                            ;
; 3                                          ; 3                            ;
; 4                                          ; 1                            ;
; 5                                          ; 0                            ;
; 6                                          ; 0                            ;
; 7                                          ; 0                            ;
; 8                                          ; 1                            ;
; 9                                          ; 1                            ;
; 10                                         ; 0                            ;
; 11                                         ; 0                            ;
; 12                                         ; 1                            ;
; 13                                         ; 1                            ;
; 14                                         ; 0                            ;
; 15                                         ; 4                            ;
; 16                                         ; 9                            ;
+--------------------------------------------+------------------------------+


+----------------------------------------------------------------------------+
; LAB Signals Sourced                                                        ;
+---------------------------------------------+------------------------------+
; Number of Signals Sourced  (Average = 9.54) ; Number of LABs  (Total = 28) ;
+---------------------------------------------+------------------------------+
; 0                                           ; 0                            ;
; 1                                           ; 6                            ;
; 2                                           ; 1                            ;
; 3                                           ; 3                            ;
; 4                                           ; 1                            ;
; 5                                           ; 0                            ;
; 6                                           ; 0                            ;
; 7                                           ; 0                            ;
; 8                                           ; 1                            ;
; 9                                           ; 1                            ;
; 10                                          ; 0                            ;
; 11                                          ; 0                            ;
; 12                                          ; 1                            ;
; 13                                          ; 1                            ;
; 14                                          ; 0                            ;
; 15                                          ; 4                            ;
; 16                                          ; 9                            ;
+---------------------------------------------+------------------------------+


+--------------------------------------------------------------------------------+
; LAB Signals Sourced Out                                                        ;
+-------------------------------------------------+------------------------------+
; Number of Signals Sourced Out  (Average = 5.57) ; Number of LABs  (Total = 28) ;
+-------------------------------------------------+------------------------------+
; 0                                               ; 0                            ;
; 1                                               ; 6                            ;
; 2                                               ; 2                            ;
; 3                                               ; 3                            ;
; 4                                               ; 3                            ;
; 5                                               ; 4                            ;
; 6                                               ; 0                            ;
; 7                                               ; 1                            ;
; 8                                               ; 3                            ;
; 9                                               ; 0                            ;
; 10                                              ; 1                            ;
; 11                                              ; 2                            ;
; 12                                              ; 0                            ;
; 13                                              ; 2                            ;
; 14                                              ; 0                            ;
; 15                                              ; 0                            ;
; 16                                              ; 1                            ;
+-------------------------------------------------+------------------------------+


+-----------------------------------------------------------------------------+
; LAB Distinct Inputs                                                         ;
+----------------------------------------------+------------------------------+
; Number of Distinct Inputs  (Average = 12.50) ; Number of LABs  (Total = 28) ;
+----------------------------------------------+------------------------------+
; 0                                            ; 0                            ;
; 1                                            ; 0                            ;
; 2                                            ; 5                            ;
; 3                                            ; 2                            ;
; 4                                            ; 3                            ;
; 5                                            ; 1                            ;
; 6                                            ; 0                            ;
; 7                                            ; 0                            ;
; 8                                            ; 0                            ;
; 9                                            ; 2                            ;
; 10                                           ; 0                            ;
; 11                                           ; 1                            ;
; 12                                           ; 0                            ;
; 13                                           ; 0                            ;
; 14                                           ; 0                            ;
; 15                                           ; 3                            ;
; 16                                           ; 0                            ;
; 17                                           ; 1                            ;
; 18                                           ; 1                            ;
; 19                                           ; 1                            ;
; 20                                           ; 0                            ;
; 21                                           ; 1                            ;
; 22                                           ; 1                            ;
; 23                                           ; 3                            ;
; 24                                           ; 1                            ;
; 25                                           ; 1                            ;
; 26                                           ; 0                            ;
; 27                                           ; 0                            ;
; 28                                           ; 1                            ;
+----------------------------------------------+------------------------------+


+-------------------------------------------------------------------------+
; Fitter Device Options                                                   ;
+----------------------------------------------+--------------------------+
; Option                                       ; Setting                  ;
+----------------------------------------------+--------------------------+
; Enable user-supplied start-up clock (CLKUSR) ; Off                      ;
; Enable device-wide reset (DEV_CLRn)          ; Off                      ;
; Enable device-wide output enable (DEV_OE)    ; Off                      ;
; Enable INIT_DONE output                      ; Off                      ;
; Configuration scheme                         ; Active Serial            ;
; Error detection CRC                          ; Off                      ;
; nCEO                                         ; As output driving ground ;
; ASDO,nCSO                                    ; As input tri-stated      ;
; Reserve all unused pins                      ; As output driving ground ;
; Base pin-out file on sameframe device        ; Off                      ;
+----------------------------------------------+--------------------------+


+------------------------------------+
; Operating Settings and Conditions  ;
+---------------------------+--------+
; Setting                   ; Value  ;
+---------------------------+--------+
; Nominal Core Voltage      ; 1.20 V ;
; Low Junction Temperature  ; 0 °C   ;
; High Junction Temperature ; 85 °C  ;
+---------------------------+--------+


+------------------------------------------------------------+
; Estimated Delay Added for Hold Timing Summary              ;
+-----------------+----------------------+-------------------+
; Source Clock(s) ; Destination Clock(s) ; Delay Added in ns ;
+-----------------+----------------------+-------------------+
; CLK,I/O         ; CLK                  ; 162.7             ;
; CLK             ; CLK                  ; 6.4               ;
+-----------------+----------------------+-------------------+
Note: For more information on problematic transfers, consider running the Fitter again with the Optimize hold timing option (Settings Menu) turned off.
This will disable optimization of problematic paths and expose them for further analysis using either the TimeQuest Timing Analyzer or the Classic Timing Analyzer.


+------------------------------------------------------------------+
; Estimated Delay Added for Hold Timing Details                    ;
+-----------------------+----------------------+-------------------+
; Source Register       ; Destination Register ; Delay Added in ns ;
+-----------------------+----------------------+-------------------+
; asyncram:inst|mem~71  ; asyncram:inst|mem~7  ; 2.654             ;
; asyncram:inst|mem~79  ; asyncram:inst|mem~7  ; 2.654             ;
; inst11[7]             ; asyncram:inst|mem~7  ; 2.654             ;
; asyncram:inst|mem~87  ; asyncram:inst|mem~7  ; 2.654             ;
; asyncram:inst|mem~95  ; asyncram:inst|mem~7  ; 2.654             ;
; asyncram:inst|mem~47  ; asyncram:inst|mem~7  ; 2.654             ;
; asyncram:inst|mem~55  ; asyncram:inst|mem~7  ; 2.654             ;
; asyncram:inst|mem~39  ; asyncram:inst|mem~7  ; 2.654             ;
; asyncram:inst|mem~63  ; asyncram:inst|mem~7  ; 2.654             ;
; asyncram:inst|mem~23  ; asyncram:inst|mem~7  ; 2.654             ;
; asyncram:inst|mem~15  ; asyncram:inst|mem~7  ; 2.654             ;
; R                     ; asyncram:inst|mem~7  ; 2.654             ;
; asyncram:inst|mem~7   ; asyncram:inst|mem~7  ; 2.654             ;
; W                     ; asyncram:inst|mem~7  ; 2.654             ;
; asyncram:inst|mem~31  ; asyncram:inst|mem~7  ; 2.654             ;
; asyncram:inst|mem~111 ; asyncram:inst|mem~7  ; 2.654             ;
; asyncram:inst|mem~119 ; asyncram:inst|mem~7  ; 2.654             ;
; asyncram:inst|mem~103 ; asyncram:inst|mem~7  ; 2.654             ;
; asyncram:inst|mem~127 ; asyncram:inst|mem~7  ; 2.654             ;
; inst10[0]             ; asyncram:inst|mem~7  ; 2.654             ;
; inst10[1]             ; asyncram:inst|mem~7  ; 2.654             ;
; CLK                   ; asyncram:inst|mem~7  ; 2.654             ;
; inst10[2]             ; asyncram:inst|mem~7  ; 2.654             ;
; inst10[3]             ; asyncram:inst|mem~7  ; 2.654             ;
; asyncram:inst|mem~86  ; asyncram:inst|mem~86 ; 2.644             ;
; inst11[6]             ; asyncram:inst|mem~86 ; 2.644             ;
; asyncram:inst|mem~54  ; asyncram:inst|mem~86 ; 2.644             ;
; asyncram:inst|mem~118 ; asyncram:inst|mem~86 ; 2.644             ;
; asyncram:inst|mem~78  ; asyncram:inst|mem~86 ; 2.644             ;
; asyncram:inst|mem~46  ; asyncram:inst|mem~86 ; 2.644             ;
; asyncram:inst|mem~14  ; asyncram:inst|mem~86 ; 2.644             ;
; asyncram:inst|mem~110 ; asyncram:inst|mem~86 ; 2.644             ;
; asyncram:inst|mem~38  ; asyncram:inst|mem~86 ; 2.644             ;
; asyncram:inst|mem~70  ; asyncram:inst|mem~86 ; 2.644             ;
; asyncram:inst|mem~6   ; asyncram:inst|mem~86 ; 2.644             ;
; asyncram:inst|mem~102 ; asyncram:inst|mem~86 ; 2.644             ;
; asyncram:inst|mem~94  ; asyncram:inst|mem~86 ; 2.644             ;
; asyncram:inst|mem~62  ; asyncram:inst|mem~86 ; 2.644             ;
; asyncram:inst|mem~30  ; asyncram:inst|mem~86 ; 2.644             ;
; asyncram:inst|mem~126 ; asyncram:inst|mem~86 ; 2.644             ;
; asyncram:inst|mem~22  ; asyncram:inst|mem~86 ; 2.644             ;
; asyncram:inst|mem~41  ; asyncram:inst|mem~73 ; 2.519             ;
; inst11[1]             ; asyncram:inst|mem~73 ; 2.519             ;
; asyncram:inst|mem~49  ; asyncram:inst|mem~73 ; 2.519             ;
; asyncram:inst|mem~57  ; asyncram:inst|mem~73 ; 2.519             ;
; asyncram:inst|mem~73  ; asyncram:inst|mem~73 ; 2.519             ;
; asyncram:inst|mem~81  ; asyncram:inst|mem~73 ; 2.519             ;
; asyncram:inst|mem~65  ; asyncram:inst|mem~73 ; 2.519             ;
; asyncram:inst|mem~89  ; asyncram:inst|mem~73 ; 2.519             ;
; asyncram:inst|mem~9   ; asyncram:inst|mem~73 ; 2.519             ;
; asyncram:inst|mem~17  ; asyncram:inst|mem~73 ; 2.519             ;
; asyncram:inst|mem~1   ; asyncram:inst|mem~73 ; 2.519             ;
; asyncram:inst|mem~25  ; asyncram:inst|mem~73 ; 2.519             ;
; asyncram:inst|mem~113 ; asyncram:inst|mem~73 ; 2.519             ;
; asyncram:inst|mem~105 ; asyncram:inst|mem~73 ; 2.519             ;
; asyncram:inst|mem~97  ; asyncram:inst|mem~73 ; 2.519             ;
; asyncram:inst|mem~121 ; asyncram:inst|mem~73 ; 2.519             ;
; asyncram:inst|mem~33  ; asyncram:inst|mem~73 ; 2.519             ;
; asyncram:inst|mem~75  ; asyncram:inst|mem~3  ; 2.481             ;
; inst11[3]             ; asyncram:inst|mem~3  ; 2.481             ;
; asyncram:inst|mem~83  ; asyncram:inst|mem~3  ; 2.481             ;
; asyncram:inst|mem~91  ; asyncram:inst|mem~3  ; 2.481             ;
; asyncram:inst|mem~43  ; asyncram:inst|mem~3  ; 2.481             ;
; asyncram:inst|mem~51  ; asyncram:inst|mem~3  ; 2.481             ;
; asyncram:inst|mem~35  ; asyncram:inst|mem~3  ; 2.481             ;
; asyncram:inst|mem~59  ; asyncram:inst|mem~3  ; 2.481             ;
; asyncram:inst|mem~19  ; asyncram:inst|mem~3  ; 2.481             ;
; asyncram:inst|mem~11  ; asyncram:inst|mem~3  ; 2.481             ;
; asyncram:inst|mem~3   ; asyncram:inst|mem~3  ; 2.481             ;
; asyncram:inst|mem~27  ; asyncram:inst|mem~3  ; 2.481             ;
; asyncram:inst|mem~107 ; asyncram:inst|mem~3  ; 2.481             ;
; asyncram:inst|mem~115 ; asyncram:inst|mem~3  ; 2.481             ;
; asyncram:inst|mem~99  ; asyncram:inst|mem~3  ; 2.481             ;
; asyncram:inst|mem~123 ; asyncram:inst|mem~3  ; 2.481             ;
; asyncram:inst|mem~67  ; asyncram:inst|mem~3  ; 2.481             ;
; asyncram:inst|mem~45  ; asyncram:inst|mem~5  ; 2.481             ;
; inst11[5]             ; asyncram:inst|mem~5  ; 2.481             ;
; asyncram:inst|mem~53  ; asyncram:inst|mem~5  ; 2.481             ;
; asyncram:inst|mem~61  ; asyncram:inst|mem~5  ; 2.481             ;
; asyncram:inst|mem~77  ; asyncram:inst|mem~5  ; 2.481             ;
; asyncram:inst|mem~85  ; asyncram:inst|mem~5  ; 2.481             ;
; asyncram:inst|mem~69  ; asyncram:inst|mem~5  ; 2.481             ;
; asyncram:inst|mem~93  ; asyncram:inst|mem~5  ; 2.481             ;
; asyncram:inst|mem~13  ; asyncram:inst|mem~5  ; 2.481             ;
; asyncram:inst|mem~21  ; asyncram:inst|mem~5  ; 2.481             ;
; asyncram:inst|mem~5   ; asyncram:inst|mem~5  ; 2.481             ;
; asyncram:inst|mem~29  ; asyncram:inst|mem~5  ; 2.481             ;
; asyncram:inst|mem~117 ; asyncram:inst|mem~5  ; 2.481             ;
; asyncram:inst|mem~109 ; asyncram:inst|mem~5  ; 2.481             ;
; asyncram:inst|mem~101 ; asyncram:inst|mem~5  ; 2.481             ;
; asyncram:inst|mem~125 ; asyncram:inst|mem~5  ; 2.481             ;
; asyncram:inst|mem~37  ; asyncram:inst|mem~5  ; 2.481             ;
; asyncram:inst|mem~72  ; asyncram:inst|mem~0  ; 2.469             ;
; inst11[0]             ; asyncram:inst|mem~0  ; 2.469             ;
; asyncram:inst|mem~40  ; asyncram:inst|mem~0  ; 2.469             ;
; asyncram:inst|mem~104 ; asyncram:inst|mem~0  ; 2.469             ;
; asyncram:inst|mem~80  ; asyncram:inst|mem~0  ; 2.469             ;
; asyncram:inst|mem~48  ; asyncram:inst|mem~0  ; 2.469             ;
; asyncram:inst|mem~16  ; asyncram:inst|mem~0  ; 2.469             ;
; asyncram:inst|mem~112 ; asyncram:inst|mem~0  ; 2.469             ;
+-----------------------+----------------------+-------------------+
Note: This table only shows the top 100 path(s) that have the largest delay added for hold.


+-----------------+
; Fitter Messages ;
+-----------------+
Warning (20028): Parallel compilation is not licensed and has been disabled
Info (119006): Selected device EP2C8Q208C8 for design "arch"
Info (21077): Low junction temperature is 0 degrees C
Info (21077): High junction temperature is 85 degrees C
Info (171003): Fitter is performing an Auto Fit compilation, which may decrease Fitter effort to reduce compilation time
Warning (292013): Feature LogicLock is only available with a valid subscription license. You can purchase a software subscription to gain full access to this feature.
Info (176444): Device migration not selected. If you intend to use device migration later, you may need to change the pin assignments as they may be incompatible with other devices
    Info (176445): Device EP2C5Q208C8 is compatible
    Info (176445): Device EP2C5Q208I8 is compatible
    Info (176445): Device EP2C8Q208I8 is compatible
Info (169124): Fitter converted 3 user pins into dedicated programming pins
    Info (169125): Pin ~ASDO~ is reserved at location 1
    Info (169125): Pin ~nCSO~ is reserved at location 2
    Info (169125): Pin ~LVDS54p/nCEO~ is reserved at location 108
Critical Warning (169085): No exact pin location assignment(s) for 34 pins of 35 total pins
    Info (169086): Pin mD[7] not assigned to an exact location on the device
    Info (169086): Pin mD[6] not assigned to an exact location on the device
    Info (169086): Pin mD[5] not assigned to an exact location on the device
    Info (169086): Pin mD[4] not assigned to an exact location on the device
    Info (169086): Pin mD[3] not assigned to an exact location on the device
    Info (169086): Pin mD[2] not assigned to an exact location on the device
    Info (169086): Pin mD[1] not assigned to an exact location on the device
    Info (169086): Pin mD[0] not assigned to an exact location on the device
    Info (169086): Pin mA[7] not assigned to an exact location on the device
    Info (169086): Pin mA[6] not assigned to an exact location on the device
    Info (169086): Pin mA[5] not assigned to an exact location on the device
    Info (169086): Pin mA[4] not assigned to an exact location on the device
    Info (169086): Pin mA[3] not assigned to an exact location on the device
    Info (169086): Pin mA[2] not assigned to an exact location on the device
    Info (169086): Pin mA[1] not assigned to an exact location on the device
    Info (169086): Pin mA[0] not assigned to an exact location on the device
    Info (169086): Pin A[7] not assigned to an exact location on the device
    Info (169086): Pin A[6] not assigned to an exact location on the device
    Info (169086): Pin A[5] not assigned to an exact location on the device
    Info (169086): Pin A[4] not assigned to an exact location on the device
    Info (169086): Pin A[3] not assigned to an exact location on the device
    Info (169086): Pin A[2] not assigned to an exact location on the device
    Info (169086): Pin A[1] not assigned to an exact location on the device
    Info (169086): Pin A[0] not assigned to an exact location on the device
    Info (169086): Pin R not assigned to an exact location on the device
    Info (169086): Pin W not assigned to an exact location on the device
    Info (169086): Pin D[7] not assigned to an exact location on the device
    Info (169086): Pin D[6] not assigned to an exact location on the device
    Info (169086): Pin D[5] not assigned to an exact location on the device
    Info (169086): Pin D[4] not assigned to an exact location on the device
    Info (169086): Pin D[3] not assigned to an exact location on the device
    Info (169086): Pin D[2] not assigned to an exact location on the device
    Info (169086): Pin D[1] not assigned to an exact location on the device
    Info (169086): Pin D[0] not assigned to an exact location on the device
Warning (335093): TimeQuest Timing Analyzer is analyzing 144 combinational loops as latches.
Critical Warning (332012): Synopsys Design Constraints File file not found: 'arch.sdc'. A Synopsys Design Constraints File is required by the TimeQuest Timing Analyzer to get proper timing constraints. Without it, the Compiler will not properly optimize the design.
Info (332144): No user constrained base clocks found in the design
Info (332130): Timing requirements not specified -- quality metrics such as performance may be sacrificed to reduce compilation time.
Info (176353): Automatically promoted node rtl~0 
    Info (176355): Automatically promoted destinations to use location or clock signal Global Clock
Info (176353): Automatically promoted node rtl~1 
    Info (176355): Automatically promoted destinations to use location or clock signal Global Clock
Info (176353): Automatically promoted node rtl~10 
    Info (176355): Automatically promoted destinations to use location or clock signal Global Clock
Info (176353): Automatically promoted node rtl~11 
    Info (176355): Automatically promoted destinations to use location or clock signal Global Clock
Info (176353): Automatically promoted node rtl~12 
    Info (176355): Automatically promoted destinations to use location or clock signal Global Clock
Info (176353): Automatically promoted node rtl~13 
    Info (176355): Automatically promoted destinations to use location or clock signal Global Clock
Info (176353): Automatically promoted node rtl~14 
    Info (176355): Automatically promoted destinations to use location or clock signal Global Clock
Info (176353): Automatically promoted node rtl~15 
    Info (176355): Automatically promoted destinations to use location or clock signal Global Clock
Info (176233): Starting register packing
Info (176235): Finished register packing
    Extra Info (176219): No registers were packed into other blocks
Info (176214): Statistics of I/O pins that need to be placed that use the same VCCIO and VREF, before I/O pin placement
    Info (176211): Number of I/O pins in group: 34 (unused VREF, 3.3V VCCIO, 18 input, 16 output, 0 bidirectional)
        Info (176212): I/O standards used: 3.3-V LVTTL.
Info (176215): I/O bank details before I/O pin placement
    Info (176214): Statistics of I/O banks
        Info (176213): I/O bank number 1 does not use VREF pins and has undetermined VCCIO pins. 2 total pin(s) used --  30 pins available
        Info (176213): I/O bank number 2 does not use VREF pins and has undetermined VCCIO pins. 0 total pin(s) used --  35 pins available
        Info (176213): I/O bank number 3 does not use VREF pins and has undetermined VCCIO pins. 1 total pin(s) used --  34 pins available
        Info (176213): I/O bank number 4 does not use VREF pins and has undetermined VCCIO pins. 1 total pin(s) used --  35 pins available
Warning (15705): Ignored locations or region assignments to the following nodes
    Warning (15706): Node "CLRN" is assigned to location or region, but does not exist in design
    Warning (15706): Node "Q0[0]" is assigned to location or region, but does not exist in design
    Warning (15706): Node "Q0[1]" is assigned to location or region, but does not exist in design
    Warning (15706): Node "Q0[2]" is assigned to location or region, but does not exist in design
    Warning (15706): Node "Q0[3]" is assigned to location or region, but does not exist in design
    Warning (15706): Node "Q0[4]" is assigned to location or region, but does not exist in design
    Warning (15706): Node "Q0[5]" is assigned to location or region, but does not exist in design
    Warning (15706): Node "Q0[6]" is assigned to location or region, but does not exist in design
    Warning (15706): Node "Q0[7]" is assigned to location or region, but does not exist in design
    Warning (15706): Node "Q1[0]" is assigned to location or region, but does not exist in design
    Warning (15706): Node "Q1[1]" is assigned to location or region, but does not exist in design
    Warning (15706): Node "Q1[2]" is assigned to location or region, but does not exist in design
    Warning (15706): Node "Q1[3]" is assigned to location or region, but does not exist in design
    Warning (15706): Node "Q1[4]" is assigned to location or region, but does not exist in design
    Warning (15706): Node "Q1[5]" is assigned to location or region, but does not exist in design
    Warning (15706): Node "Q1[6]" is assigned to location or region, but does not exist in design
    Warning (15706): Node "Q1[7]" is assigned to location or region, but does not exist in design
    Warning (15706): Node "Q2[0]" is assigned to location or region, but does not exist in design
    Warning (15706): Node "Q2[1]" is assigned to location or region, but does not exist in design
    Warning (15706): Node "Q2[2]" is assigned to location or region, but does not exist in design
    Warning (15706): Node "Q2[3]" is assigned to location or region, but does not exist in design
    Warning (15706): Node "Q2[4]" is assigned to location or region, but does not exist in design
    Warning (15706): Node "Q2[5]" is assigned to location or region, but does not exist in design
    Warning (15706): Node "Q2[6]" is assigned to location or region, but does not exist in design
    Warning (15706): Node "Q2[7]" is assigned to location or region, but does not exist in design
Info (171121): Fitter preparation operations ending: elapsed time is 00:00:01
Info (170189): Fitter placement preparation operations beginning
Info (170190): Fitter placement preparation operations ending: elapsed time is 00:00:00
Info (170191): Fitter placement operations beginning
Info (170137): Fitter placement was successful
Info (170192): Fitter placement operations ending: elapsed time is 00:00:00
Info (170193): Fitter routing operations beginning
Info (170195): Router estimated average interconnect usage is 1% of the available device resources
    Info (170196): Router estimated peak interconnect usage is 2% of the available device resources in the region that extends from location X23_Y0 to location X34_Y9
Info (170194): Fitter routing operations ending: elapsed time is 00:00:01
Info (170199): The Fitter performed an Auto Fit compilation.  Optimizations were skipped to reduce compilation time.
    Info (170201): Optimizations that may affect the design's routability were skipped
Info (11888): Total time spent on timing analysis during the Fitter is 0.53 seconds.
Info (306004): Started post-fitting delay annotation
Warning (306006): Found 16 output pins without output pin load capacitance assignment
    Info (306007): Pin "mD[7]" has no specified output pin load capacitance -- assuming default load capacitance of 0 pF for timing analysis
    Info (306007): Pin "mD[6]" has no specified output pin load capacitance -- assuming default load capacitance of 0 pF for timing analysis
    Info (306007): Pin "mD[5]" has no specified output pin load capacitance -- assuming default load capacitance of 0 pF for timing analysis
    Info (306007): Pin "mD[4]" has no specified output pin load capacitance -- assuming default load capacitance of 0 pF for timing analysis
    Info (306007): Pin "mD[3]" has no specified output pin load capacitance -- assuming default load capacitance of 0 pF for timing analysis
    Info (306007): Pin "mD[2]" has no specified output pin load capacitance -- assuming default load capacitance of 0 pF for timing analysis
    Info (306007): Pin "mD[1]" has no specified output pin load capacitance -- assuming default load capacitance of 0 pF for timing analysis
    Info (306007): Pin "mD[0]" has no specified output pin load capacitance -- assuming default load capacitance of 0 pF for timing analysis
    Info (306007): Pin "mA[7]" has no specified output pin load capacitance -- assuming default load capacitance of 0 pF for timing analysis
    Info (306007): Pin "mA[6]" has no specified output pin load capacitance -- assuming default load capacitance of 0 pF for timing analysis
    Info (306007): Pin "mA[5]" has no specified output pin load capacitance -- assuming default load capacitance of 0 pF for timing analysis
    Info (306007): Pin "mA[4]" has no specified output pin load capacitance -- assuming default load capacitance of 0 pF for timing analysis
    Info (306007): Pin "mA[3]" has no specified output pin load capacitance -- assuming default load capacitance of 0 pF for timing analysis
    Info (306007): Pin "mA[2]" has no specified output pin load capacitance -- assuming default load capacitance of 0 pF for timing analysis
    Info (306007): Pin "mA[1]" has no specified output pin load capacitance -- assuming default load capacitance of 0 pF for timing analysis
    Info (306007): Pin "mA[0]" has no specified output pin load capacitance -- assuming default load capacitance of 0 pF for timing analysis
Info (306005): Delay annotation completed successfully
Info (306004): Started post-fitting delay annotation
Info (306005): Delay annotation completed successfully
Info (11218): Fitter post-fit operations ending: elapsed time is 00:00:00
Warning (171167): Found invalid Fitter assignments. See the Ignored Assignments panel in the Fitter Compilation Report for more information.
Warning (169174): The Reserve All Unused Pins setting has not been specified, and will default to 'As output driving ground'.
Info (144001): Generated suppressed messages file E:/Project/FPGA/design/output_files/arch.fit.smsg
Info: Quartus II 64-Bit Fitter was successful. 0 errors, 34 warnings
    Info: Peak virtual memory: 4822 megabytes
    Info: Processing ended: Tue Apr 01 19:57:51 2025
    Info: Elapsed time: 00:00:03
    Info: Total CPU time (on all processors): 00:00:03


+----------------------------+
; Fitter Suppressed Messages ;
+----------------------------+
The suppressed messages can be found in E:/Project/FPGA/design/output_files/arch.fit.smsg.


