Simulator report for arch
Tue Apr 01 19:20:13 2025
Quartus II 64-Bit Version 13.0.1 Build 232 06/12/2013 Service Pack 1 SJ Web Edition


---------------------
; Table of Contents ;
---------------------
  1. Legal Notice
  2. Simulator Summary
  3. Simulator Settings
  4. Simulation Waveforms
  5. Coverage Summary
  6. Complete 1/0-Value Coverage
  7. Missing 1-Value Coverage
  8. Missing 0-Value Coverage
  9. Simulator INI Usage
 10. Simulator Messages



----------------
; Legal Notice ;
----------------
Copyright (C) 1991-2013 Altera Corporation
Your use of Altera Corporation's design tools, logic functions 
and other software and tools, and its AMPP partner logic 
functions, and any output files from any of the foregoing 
(including device programming or simulation files), and any 
associated documentation or information are expressly subject 
to the terms and conditions of the Altera Program License 
Subscription Agreement, Altera MegaCore Function License 
Agreement, or other applicable license agreement, including, 
without limitation, that your use is for the sole purpose of 
programming logic devices manufactured by Altera and sold by 
Altera or its authorized distributors.  Please refer to the 
applicable agreement for further details.



+--------------------------------------------+
; Simulator Summary                          ;
+-----------------------------+--------------+
; Type                        ; Value        ;
+-----------------------------+--------------+
; Simulation Start Time       ; 0 ps         ;
; Simulation End Time         ; 1.0 us       ;
; Simulation Netlist Size     ; 1421 nodes   ;
; Simulation Coverage         ;      79.24 % ;
; Total Number of Transitions ; 94225        ;
; Simulation Breakpoints      ; 0            ;
; Family                      ; Cyclone II   ;
+-----------------------------+--------------+


+-----------------------------------------------------------------------------------------------------------------------------------------------------+
; Simulator Settings                                                                                                                                  ;
+--------------------------------------------------------------------------------------------+----------------------------------------+---------------+
; Option                                                                                     ; Setting                                ; Default Value ;
+--------------------------------------------------------------------------------------------+----------------------------------------+---------------+
; Simulation mode                                                                            ; Functional                             ; Timing        ;
; Start time                                                                                 ; 0 ns                                   ; 0 ns          ;
; Simulation results format                                                                  ; VWF                                    ;               ;
; Vector input source                                                                        ; E:/Project/FPGA/design/VWF/memctrl.vwf ;               ;
; Add pins automatically to simulation output waveforms                                      ; On                                     ; On            ;
; Check outputs                                                                              ; Off                                    ; Off           ;
; Report simulation coverage                                                                 ; On                                     ; On            ;
; Display complete 1/0 value coverage report                                                 ; On                                     ; On            ;
; Display missing 1-value coverage report                                                    ; On                                     ; On            ;
; Display missing 0-value coverage report                                                    ; On                                     ; On            ;
; Detect setup and hold time violations                                                      ; Off                                    ; Off           ;
; Detect glitches                                                                            ; Off                                    ; Off           ;
; Disable timing delays in Timing Simulation                                                 ; Off                                    ; Off           ;
; Generate Signal Activity File                                                              ; Off                                    ; Off           ;
; Generate VCD File for PowerPlay Power Analyzer                                             ; Off                                    ; Off           ;
; Group bus channels in simulation results                                                   ; Off                                    ; Off           ;
; Preserve fewer signal transitions to reduce memory requirements                            ; On                                     ; On            ;
; Trigger vector comparison with the specified mode                                          ; INPUT_EDGE                             ; INPUT_EDGE    ;
; Disable setup and hold time violations detection in input registers of bi-directional pins ; Off                                    ; Off           ;
; Overwrite Waveform Inputs With Simulation Outputs                                          ; Off                                    ;               ;
; Perform Glitch Filtering in Timing Simulation                                              ; Auto                                   ; Auto          ;
+--------------------------------------------------------------------------------------------+----------------------------------------+---------------+


+----------------------+
; Simulation Waveforms ;
+----------------------+
Waveform report data cannot be output to ASCII.
Please use Quartus II 64-Bit to view the waveform report data.


+--------------------------------------------------------------------+
; Coverage Summary                                                   ;
+-----------------------------------------------------+--------------+
; Type                                                ; Value        ;
+-----------------------------------------------------+--------------+
; Total coverage as a percentage                      ;      79.24 % ;
; Total nodes checked                                 ; 1421         ;
; Total output ports checked                          ; 1421         ;
; Total output ports with complete 1/0-value coverage ; 1126         ;
; Total output ports with no 1/0-value coverage       ; 48           ;
; Total output ports with no 1-value coverage         ; 203          ;
; Total output ports with no 0-value coverage         ; 140          ;
+-----------------------------------------------------+--------------+


The following table displays output ports that toggle between 1 and 0 during simulation.
+----------------------------------------------------------------------------------------------------------------------------------------------------------------------------------------+
; Complete 1/0-Value Coverage                                                                                                                                                            ;
+----------------------------------------------------------------------------------+----------------------------------------------------------------------------------+------------------+
; Node Name                                                                        ; Output Port Name                                                                 ; Output Port Type ;
+----------------------------------------------------------------------------------+----------------------------------------------------------------------------------+------------------+
; |memctrl|mA[5]                                                                   ; |memctrl|mA[5]                                                                   ; pin_out          ;
; |memctrl|mA[4]                                                                   ; |memctrl|mA[4]                                                                   ; pin_out          ;
; |memctrl|mA[3]                                                                   ; |memctrl|mA[3]                                                                   ; pin_out          ;
; |memctrl|mA[2]                                                                   ; |memctrl|mA[2]                                                                   ; pin_out          ;
; |memctrl|mA[1]                                                                   ; |memctrl|mA[1]                                                                   ; pin_out          ;
; |memctrl|mA[0]                                                                   ; |memctrl|mA[0]                                                                   ; pin_out          ;
; |memctrl|inst3[5]                                                                ; |memctrl|inst3[5]                                                                ; regout           ;
; |memctrl|inst3[4]                                                                ; |memctrl|inst3[4]                                                                ; regout           ;
; |memctrl|inst3[3]                                                                ; |memctrl|inst3[3]                                                                ; regout           ;
; |memctrl|inst3[2]                                                                ; |memctrl|inst3[2]                                                                ; regout           ;
; |memctrl|inst3[1]                                                                ; |memctrl|inst3[1]                                                                ; regout           ;
; |memctrl|inst3[0]                                                                ; |memctrl|inst3[0]                                                                ; regout           ;
; |memctrl|CLK                                                                     ; |memctrl|CLK                                                                     ; out              ;
; |memctrl|A[5]                                                                    ; |memctrl|A[5]                                                                    ; out              ;
; |memctrl|A[4]                                                                    ; |memctrl|A[4]                                                                    ; out              ;
; |memctrl|A[3]                                                                    ; |memctrl|A[3]                                                                    ; out              ;
; |memctrl|A[2]                                                                    ; |memctrl|A[2]                                                                    ; out              ;
; |memctrl|A[1]                                                                    ; |memctrl|A[1]                                                                    ; out              ;
; |memctrl|A[0]                                                                    ; |memctrl|A[0]                                                                    ; out              ;
; |memctrl|mD[7]                                                                   ; |memctrl|mD[7]                                                                   ; pin_out          ;
; |memctrl|mD[6]                                                                   ; |memctrl|mD[6]                                                                   ; pin_out          ;
; |memctrl|mD[5]                                                                   ; |memctrl|mD[5]                                                                   ; pin_out          ;
; |memctrl|mD[4]                                                                   ; |memctrl|mD[4]                                                                   ; pin_out          ;
; |memctrl|mD[3]                                                                   ; |memctrl|mD[3]                                                                   ; pin_out          ;
; |memctrl|mD[2]                                                                   ; |memctrl|mD[2]                                                                   ; pin_out          ;
; |memctrl|mD[1]                                                                   ; |memctrl|mD[1]                                                                   ; pin_out          ;
; |memctrl|mD[0]                                                                   ; |memctrl|mD[0]                                                                   ; pin_out          ;
; |memctrl|gdfx_temp0[7]                                                           ; |memctrl|gdfx_temp0[7]                                                           ; out0             ;
; |memctrl|gdfx_temp0[6]                                                           ; |memctrl|gdfx_temp0[6]                                                           ; out0             ;
; |memctrl|gdfx_temp0[5]                                                           ; |memctrl|gdfx_temp0[5]                                                           ; out0             ;
; |memctrl|gdfx_temp0[4]                                                           ; |memctrl|gdfx_temp0[4]                                                           ; out0             ;
; |memctrl|gdfx_temp0[3]                                                           ; |memctrl|gdfx_temp0[3]                                                           ; out0             ;
; |memctrl|gdfx_temp0[2]                                                           ; |memctrl|gdfx_temp0[2]                                                           ; out0             ;
; |memctrl|gdfx_temp0[1]                                                           ; |memctrl|gdfx_temp0[1]                                                           ; out0             ;
; |memctrl|gdfx_temp0[0]                                                           ; |memctrl|gdfx_temp0[0]                                                           ; out0             ;
; |memctrl|inst7                                                                   ; |memctrl|inst7                                                                   ; out0             ;
; |memctrl|inst6                                                                   ; |memctrl|inst6                                                                   ; out0             ;
; |memctrl|R                                                                       ; |memctrl|R                                                                       ; out              ;
; |memctrl|inst2[7]                                                                ; |memctrl|inst2[7]                                                                ; out              ;
; |memctrl|inst2[6]                                                                ; |memctrl|inst2[6]                                                                ; out              ;
; |memctrl|inst2[5]                                                                ; |memctrl|inst2[5]                                                                ; out              ;
; |memctrl|inst2[4]                                                                ; |memctrl|inst2[4]                                                                ; out              ;
; |memctrl|inst2[3]                                                                ; |memctrl|inst2[3]                                                                ; out              ;
; |memctrl|inst2[2]                                                                ; |memctrl|inst2[2]                                                                ; out              ;
; |memctrl|inst2[1]                                                                ; |memctrl|inst2[1]                                                                ; out              ;
; |memctrl|inst2[0]                                                                ; |memctrl|inst2[0]                                                                ; out              ;
; |memctrl|inst1[7]                                                                ; |memctrl|inst1[7]                                                                ; regout           ;
; |memctrl|inst1[6]                                                                ; |memctrl|inst1[6]                                                                ; regout           ;
; |memctrl|inst1[5]                                                                ; |memctrl|inst1[5]                                                                ; regout           ;
; |memctrl|inst1[4]                                                                ; |memctrl|inst1[4]                                                                ; regout           ;
; |memctrl|inst1[3]                                                                ; |memctrl|inst1[3]                                                                ; regout           ;
; |memctrl|inst1[2]                                                                ; |memctrl|inst1[2]                                                                ; regout           ;
; |memctrl|inst1[1]                                                                ; |memctrl|inst1[1]                                                                ; regout           ;
; |memctrl|inst1[0]                                                                ; |memctrl|inst1[0]                                                                ; regout           ;
; |memctrl|D[7]                                                                    ; |memctrl|D[7]                                                                    ; out              ;
; |memctrl|D[6]                                                                    ; |memctrl|D[6]                                                                    ; out              ;
; |memctrl|D[5]                                                                    ; |memctrl|D[5]                                                                    ; out              ;
; |memctrl|D[4]                                                                    ; |memctrl|D[4]                                                                    ; out              ;
; |memctrl|D[3]                                                                    ; |memctrl|D[3]                                                                    ; out              ;
; |memctrl|D[2]                                                                    ; |memctrl|D[2]                                                                    ; out              ;
; |memctrl|D[1]                                                                    ; |memctrl|D[1]                                                                    ; out              ;
; |memctrl|D[0]                                                                    ; |memctrl|D[0]                                                                    ; out              ;
; |memctrl|asyncram:inst|D[1]~0                                                    ; |memctrl|asyncram:inst|D[1]~0                                                    ; out              ;
; |memctrl|asyncram:inst|D[0]~1                                                    ; |memctrl|asyncram:inst|D[0]~1                                                    ; out              ;
; |memctrl|asyncram:inst|mem.data_a[7]                                             ; |memctrl|asyncram:inst|mem.data_a[7]                                             ; out0             ;
; |memctrl|asyncram:inst|mem.data_a[6]                                             ; |memctrl|asyncram:inst|mem.data_a[6]                                             ; out0             ;
; |memctrl|asyncram:inst|mem.data_a[5]                                             ; |memctrl|asyncram:inst|mem.data_a[5]                                             ; out0             ;
; |memctrl|asyncram:inst|mem.data_a[4]                                             ; |memctrl|asyncram:inst|mem.data_a[4]                                             ; out0             ;
; |memctrl|asyncram:inst|mem.data_a[3]                                             ; |memctrl|asyncram:inst|mem.data_a[3]                                             ; out0             ;
; |memctrl|asyncram:inst|mem.data_a[2]                                             ; |memctrl|asyncram:inst|mem.data_a[2]                                             ; out0             ;
; |memctrl|asyncram:inst|mem.data_a[1]                                             ; |memctrl|asyncram:inst|mem.data_a[1]                                             ; out0             ;
; |memctrl|asyncram:inst|mem.data_a[0]                                             ; |memctrl|asyncram:inst|mem.data_a[0]                                             ; out0             ;
; |memctrl|asyncram:inst|D[2]~2                                                    ; |memctrl|asyncram:inst|D[2]~2                                                    ; out              ;
; |memctrl|asyncram:inst|D[3]~3                                                    ; |memctrl|asyncram:inst|D[3]~3                                                    ; out              ;
; |memctrl|asyncram:inst|D[4]~4                                                    ; |memctrl|asyncram:inst|D[4]~4                                                    ; out              ;
; |memctrl|asyncram:inst|D[5]~5                                                    ; |memctrl|asyncram:inst|D[5]~5                                                    ; out              ;
; |memctrl|asyncram:inst|D[6]~6                                                    ; |memctrl|asyncram:inst|D[6]~6                                                    ; out              ;
; |memctrl|asyncram:inst|D[7]~7                                                    ; |memctrl|asyncram:inst|D[7]~7                                                    ; out              ;
; |memctrl|rtl~0                                                                   ; |memctrl|rtl~0                                                                   ; out0             ;
; |memctrl|rtl~1                                                                   ; |memctrl|rtl~1                                                                   ; out0             ;
; |memctrl|rtl~2                                                                   ; |memctrl|rtl~2                                                                   ; out0             ;
; |memctrl|rtl~3                                                                   ; |memctrl|rtl~3                                                                   ; out0             ;
; |memctrl|rtl~4                                                                   ; |memctrl|rtl~4                                                                   ; out0             ;
; |memctrl|rtl~5                                                                   ; |memctrl|rtl~5                                                                   ; out0             ;
; |memctrl|rtl~6                                                                   ; |memctrl|rtl~6                                                                   ; out0             ;
; |memctrl|rtl~7                                                                   ; |memctrl|rtl~7                                                                   ; out0             ;
; |memctrl|rtl~8                                                                   ; |memctrl|rtl~8                                                                   ; out0             ;
; |memctrl|rtl~9                                                                   ; |memctrl|rtl~9                                                                   ; out0             ;
; |memctrl|rtl~10                                                                  ; |memctrl|rtl~10                                                                  ; out0             ;
; |memctrl|asyncram:inst|mem~0                                                     ; |memctrl|asyncram:inst|mem~0                                                     ; out              ;
; |memctrl|asyncram:inst|mem~1                                                     ; |memctrl|asyncram:inst|mem~1                                                     ; out              ;
; |memctrl|asyncram:inst|mem~2                                                     ; |memctrl|asyncram:inst|mem~2                                                     ; out              ;
; |memctrl|asyncram:inst|mem~5                                                     ; |memctrl|asyncram:inst|mem~5                                                     ; out              ;
; |memctrl|asyncram:inst|mem~6                                                     ; |memctrl|asyncram:inst|mem~6                                                     ; out              ;
; |memctrl|asyncram:inst|mem~7                                                     ; |memctrl|asyncram:inst|mem~7                                                     ; out              ;
; |memctrl|asyncram:inst|mem~8                                                     ; |memctrl|asyncram:inst|mem~8                                                     ; out              ;
; |memctrl|asyncram:inst|mem~15                                                    ; |memctrl|asyncram:inst|mem~15                                                    ; out              ;
; |memctrl|asyncram:inst|mem~17                                                    ; |memctrl|asyncram:inst|mem~17                                                    ; out              ;
; |memctrl|asyncram:inst|mem~23                                                    ; |memctrl|asyncram:inst|mem~23                                                    ; out              ;
; |memctrl|asyncram:inst|mem~27                                                    ; |memctrl|asyncram:inst|mem~27                                                    ; out              ;
; |memctrl|asyncram:inst|mem~28                                                    ; |memctrl|asyncram:inst|mem~28                                                    ; out              ;
; |memctrl|asyncram:inst|mem~29                                                    ; |memctrl|asyncram:inst|mem~29                                                    ; out              ;
; |memctrl|asyncram:inst|mem~32                                                    ; |memctrl|asyncram:inst|mem~32                                                    ; out              ;
; |memctrl|asyncram:inst|mem~35                                                    ; |memctrl|asyncram:inst|mem~35                                                    ; out              ;
; |memctrl|asyncram:inst|mem~36                                                    ; |memctrl|asyncram:inst|mem~36                                                    ; out              ;
; |memctrl|asyncram:inst|mem~38                                                    ; |memctrl|asyncram:inst|mem~38                                                    ; out              ;
; |memctrl|asyncram:inst|mem~42                                                    ; |memctrl|asyncram:inst|mem~42                                                    ; out              ;
; |memctrl|asyncram:inst|mem~44                                                    ; |memctrl|asyncram:inst|mem~44                                                    ; out              ;
; |memctrl|asyncram:inst|mem~46                                                    ; |memctrl|asyncram:inst|mem~46                                                    ; out              ;
; |memctrl|asyncram:inst|mem~47                                                    ; |memctrl|asyncram:inst|mem~47                                                    ; out              ;
; |memctrl|asyncram:inst|mem~48                                                    ; |memctrl|asyncram:inst|mem~48                                                    ; out              ;
; |memctrl|asyncram:inst|mem~49                                                    ; |memctrl|asyncram:inst|mem~49                                                    ; out              ;
; |memctrl|asyncram:inst|mem~50                                                    ; |memctrl|asyncram:inst|mem~50                                                    ; out              ;
; |memctrl|asyncram:inst|mem~51                                                    ; |memctrl|asyncram:inst|mem~51                                                    ; out              ;
; |memctrl|asyncram:inst|mem~54                                                    ; |memctrl|asyncram:inst|mem~54                                                    ; out              ;
; |memctrl|asyncram:inst|mem~58                                                    ; |memctrl|asyncram:inst|mem~58                                                    ; out              ;
; |memctrl|asyncram:inst|mem~59                                                    ; |memctrl|asyncram:inst|mem~59                                                    ; out              ;
; |memctrl|asyncram:inst|mem~60                                                    ; |memctrl|asyncram:inst|mem~60                                                    ; out              ;
; |memctrl|asyncram:inst|mem~61                                                    ; |memctrl|asyncram:inst|mem~61                                                    ; out              ;
; |memctrl|asyncram:inst|mem~63                                                    ; |memctrl|asyncram:inst|mem~63                                                    ; out              ;
; |memctrl|asyncram:inst|mem~65                                                    ; |memctrl|asyncram:inst|mem~65                                                    ; out              ;
; |memctrl|asyncram:inst|mem~66                                                    ; |memctrl|asyncram:inst|mem~66                                                    ; out              ;
; |memctrl|asyncram:inst|mem~67                                                    ; |memctrl|asyncram:inst|mem~67                                                    ; out              ;
; |memctrl|asyncram:inst|mem~68                                                    ; |memctrl|asyncram:inst|mem~68                                                    ; out              ;
; |memctrl|asyncram:inst|mem~69                                                    ; |memctrl|asyncram:inst|mem~69                                                    ; out              ;
; |memctrl|asyncram:inst|mem~73                                                    ; |memctrl|asyncram:inst|mem~73                                                    ; out              ;
; |memctrl|asyncram:inst|mem~74                                                    ; |memctrl|asyncram:inst|mem~74                                                    ; out              ;
; |memctrl|asyncram:inst|mem~77                                                    ; |memctrl|asyncram:inst|mem~77                                                    ; out              ;
; |memctrl|asyncram:inst|mem~79                                                    ; |memctrl|asyncram:inst|mem~79                                                    ; out              ;
; |memctrl|asyncram:inst|mem~81                                                    ; |memctrl|asyncram:inst|mem~81                                                    ; out              ;
; |memctrl|asyncram:inst|mem~83                                                    ; |memctrl|asyncram:inst|mem~83                                                    ; out              ;
; |memctrl|asyncram:inst|mem~86                                                    ; |memctrl|asyncram:inst|mem~86                                                    ; out              ;
; |memctrl|asyncram:inst|mem~87                                                    ; |memctrl|asyncram:inst|mem~87                                                    ; out              ;
; |memctrl|asyncram:inst|mem~136                                                   ; |memctrl|asyncram:inst|mem~136                                                   ; out              ;
; |memctrl|asyncram:inst|mem~137                                                   ; |memctrl|asyncram:inst|mem~137                                                   ; out              ;
; |memctrl|asyncram:inst|mem~138                                                   ; |memctrl|asyncram:inst|mem~138                                                   ; out              ;
; |memctrl|asyncram:inst|mem~139                                                   ; |memctrl|asyncram:inst|mem~139                                                   ; out              ;
; |memctrl|asyncram:inst|mem~140                                                   ; |memctrl|asyncram:inst|mem~140                                                   ; out              ;
; |memctrl|asyncram:inst|mem~141                                                   ; |memctrl|asyncram:inst|mem~141                                                   ; out              ;
; |memctrl|asyncram:inst|mem~142                                                   ; |memctrl|asyncram:inst|mem~142                                                   ; out              ;
; |memctrl|asyncram:inst|mem~143                                                   ; |memctrl|asyncram:inst|mem~143                                                   ; out              ;
; |memctrl|asyncram:inst|mem~144                                                   ; |memctrl|asyncram:inst|mem~144                                                   ; out              ;
; |memctrl|asyncram:inst|mem~145                                                   ; |memctrl|asyncram:inst|mem~145                                                   ; out              ;
; |memctrl|asyncram:inst|mem~146                                                   ; |memctrl|asyncram:inst|mem~146                                                   ; out              ;
; |memctrl|asyncram:inst|mem~147                                                   ; |memctrl|asyncram:inst|mem~147                                                   ; out              ;
; |memctrl|asyncram:inst|mem~148                                                   ; |memctrl|asyncram:inst|mem~148                                                   ; out              ;
; |memctrl|asyncram:inst|mem~149                                                   ; |memctrl|asyncram:inst|mem~149                                                   ; out              ;
; |memctrl|asyncram:inst|mem~150                                                   ; |memctrl|asyncram:inst|mem~150                                                   ; out              ;
; |memctrl|asyncram:inst|mem~151                                                   ; |memctrl|asyncram:inst|mem~151                                                   ; out              ;
; |memctrl|asyncram:inst|lpm_mux:mem_rtl_7|mux_joc:auto_generated|_~0              ; |memctrl|asyncram:inst|lpm_mux:mem_rtl_7|mux_joc:auto_generated|_~0              ; out0             ;
; |memctrl|asyncram:inst|lpm_mux:mem_rtl_7|mux_joc:auto_generated|_~1              ; |memctrl|asyncram:inst|lpm_mux:mem_rtl_7|mux_joc:auto_generated|_~1              ; out0             ;
; |memctrl|asyncram:inst|lpm_mux:mem_rtl_7|mux_joc:auto_generated|_~2              ; |memctrl|asyncram:inst|lpm_mux:mem_rtl_7|mux_joc:auto_generated|_~2              ; out0             ;
; |memctrl|asyncram:inst|lpm_mux:mem_rtl_7|mux_joc:auto_generated|_~3              ; |memctrl|asyncram:inst|lpm_mux:mem_rtl_7|mux_joc:auto_generated|_~3              ; out0             ;
; |memctrl|asyncram:inst|lpm_mux:mem_rtl_7|mux_joc:auto_generated|_~4              ; |memctrl|asyncram:inst|lpm_mux:mem_rtl_7|mux_joc:auto_generated|_~4              ; out0             ;
; |memctrl|asyncram:inst|lpm_mux:mem_rtl_7|mux_joc:auto_generated|_~5              ; |memctrl|asyncram:inst|lpm_mux:mem_rtl_7|mux_joc:auto_generated|_~5              ; out0             ;
; |memctrl|asyncram:inst|lpm_mux:mem_rtl_7|mux_joc:auto_generated|_~6              ; |memctrl|asyncram:inst|lpm_mux:mem_rtl_7|mux_joc:auto_generated|_~6              ; out0             ;
; |memctrl|asyncram:inst|lpm_mux:mem_rtl_7|mux_joc:auto_generated|_~7              ; |memctrl|asyncram:inst|lpm_mux:mem_rtl_7|mux_joc:auto_generated|_~7              ; out0             ;
; |memctrl|asyncram:inst|lpm_mux:mem_rtl_7|mux_joc:auto_generated|_~8              ; |memctrl|asyncram:inst|lpm_mux:mem_rtl_7|mux_joc:auto_generated|_~8              ; out0             ;
; |memctrl|asyncram:inst|lpm_mux:mem_rtl_7|mux_joc:auto_generated|_~9              ; |memctrl|asyncram:inst|lpm_mux:mem_rtl_7|mux_joc:auto_generated|_~9              ; out0             ;
; |memctrl|asyncram:inst|lpm_mux:mem_rtl_7|mux_joc:auto_generated|_~10             ; |memctrl|asyncram:inst|lpm_mux:mem_rtl_7|mux_joc:auto_generated|_~10             ; out0             ;
; |memctrl|asyncram:inst|lpm_mux:mem_rtl_7|mux_joc:auto_generated|_~11             ; |memctrl|asyncram:inst|lpm_mux:mem_rtl_7|mux_joc:auto_generated|_~11             ; out0             ;
; |memctrl|asyncram:inst|lpm_mux:mem_rtl_7|mux_joc:auto_generated|_~12             ; |memctrl|asyncram:inst|lpm_mux:mem_rtl_7|mux_joc:auto_generated|_~12             ; out0             ;
; |memctrl|asyncram:inst|lpm_mux:mem_rtl_7|mux_joc:auto_generated|_~13             ; |memctrl|asyncram:inst|lpm_mux:mem_rtl_7|mux_joc:auto_generated|_~13             ; out0             ;
; |memctrl|asyncram:inst|lpm_mux:mem_rtl_7|mux_joc:auto_generated|_~14             ; |memctrl|asyncram:inst|lpm_mux:mem_rtl_7|mux_joc:auto_generated|_~14             ; out0             ;
; |memctrl|asyncram:inst|lpm_mux:mem_rtl_7|mux_joc:auto_generated|_~15             ; |memctrl|asyncram:inst|lpm_mux:mem_rtl_7|mux_joc:auto_generated|_~15             ; out0             ;
; |memctrl|asyncram:inst|lpm_mux:mem_rtl_7|mux_joc:auto_generated|_~16             ; |memctrl|asyncram:inst|lpm_mux:mem_rtl_7|mux_joc:auto_generated|_~16             ; out0             ;
; |memctrl|asyncram:inst|lpm_mux:mem_rtl_7|mux_joc:auto_generated|_~17             ; |memctrl|asyncram:inst|lpm_mux:mem_rtl_7|mux_joc:auto_generated|_~17             ; out0             ;
; |memctrl|asyncram:inst|lpm_mux:mem_rtl_7|mux_joc:auto_generated|_~18             ; |memctrl|asyncram:inst|lpm_mux:mem_rtl_7|mux_joc:auto_generated|_~18             ; out0             ;
; |memctrl|asyncram:inst|lpm_mux:mem_rtl_7|mux_joc:auto_generated|_~19             ; |memctrl|asyncram:inst|lpm_mux:mem_rtl_7|mux_joc:auto_generated|_~19             ; out0             ;
; |memctrl|asyncram:inst|lpm_mux:mem_rtl_7|mux_joc:auto_generated|_~20             ; |memctrl|asyncram:inst|lpm_mux:mem_rtl_7|mux_joc:auto_generated|_~20             ; out0             ;
; |memctrl|asyncram:inst|lpm_mux:mem_rtl_7|mux_joc:auto_generated|_~21             ; |memctrl|asyncram:inst|lpm_mux:mem_rtl_7|mux_joc:auto_generated|_~21             ; out0             ;
; |memctrl|asyncram:inst|lpm_mux:mem_rtl_7|mux_joc:auto_generated|_~22             ; |memctrl|asyncram:inst|lpm_mux:mem_rtl_7|mux_joc:auto_generated|_~22             ; out0             ;
; |memctrl|asyncram:inst|lpm_mux:mem_rtl_7|mux_joc:auto_generated|_~23             ; |memctrl|asyncram:inst|lpm_mux:mem_rtl_7|mux_joc:auto_generated|_~23             ; out0             ;
; |memctrl|asyncram:inst|lpm_mux:mem_rtl_7|mux_joc:auto_generated|_~24             ; |memctrl|asyncram:inst|lpm_mux:mem_rtl_7|mux_joc:auto_generated|_~24             ; out0             ;
; |memctrl|asyncram:inst|lpm_mux:mem_rtl_7|mux_joc:auto_generated|_~25             ; |memctrl|asyncram:inst|lpm_mux:mem_rtl_7|mux_joc:auto_generated|_~25             ; out0             ;
; |memctrl|asyncram:inst|lpm_mux:mem_rtl_7|mux_joc:auto_generated|_~26             ; |memctrl|asyncram:inst|lpm_mux:mem_rtl_7|mux_joc:auto_generated|_~26             ; out0             ;
; |memctrl|asyncram:inst|lpm_mux:mem_rtl_7|mux_joc:auto_generated|_~27             ; |memctrl|asyncram:inst|lpm_mux:mem_rtl_7|mux_joc:auto_generated|_~27             ; out0             ;
; |memctrl|asyncram:inst|lpm_mux:mem_rtl_7|mux_joc:auto_generated|_~28             ; |memctrl|asyncram:inst|lpm_mux:mem_rtl_7|mux_joc:auto_generated|_~28             ; out0             ;
; |memctrl|asyncram:inst|lpm_mux:mem_rtl_7|mux_joc:auto_generated|_~29             ; |memctrl|asyncram:inst|lpm_mux:mem_rtl_7|mux_joc:auto_generated|_~29             ; out0             ;
; |memctrl|asyncram:inst|lpm_mux:mem_rtl_7|mux_joc:auto_generated|_~30             ; |memctrl|asyncram:inst|lpm_mux:mem_rtl_7|mux_joc:auto_generated|_~30             ; out0             ;
; |memctrl|asyncram:inst|lpm_mux:mem_rtl_7|mux_joc:auto_generated|_~31             ; |memctrl|asyncram:inst|lpm_mux:mem_rtl_7|mux_joc:auto_generated|_~31             ; out0             ;
; |memctrl|asyncram:inst|lpm_mux:mem_rtl_7|mux_joc:auto_generated|_~32             ; |memctrl|asyncram:inst|lpm_mux:mem_rtl_7|mux_joc:auto_generated|_~32             ; out0             ;
; |memctrl|asyncram:inst|lpm_mux:mem_rtl_7|mux_joc:auto_generated|_~33             ; |memctrl|asyncram:inst|lpm_mux:mem_rtl_7|mux_joc:auto_generated|_~33             ; out0             ;
; |memctrl|asyncram:inst|lpm_mux:mem_rtl_7|mux_joc:auto_generated|_~34             ; |memctrl|asyncram:inst|lpm_mux:mem_rtl_7|mux_joc:auto_generated|_~34             ; out0             ;
; |memctrl|asyncram:inst|lpm_mux:mem_rtl_7|mux_joc:auto_generated|_~35             ; |memctrl|asyncram:inst|lpm_mux:mem_rtl_7|mux_joc:auto_generated|_~35             ; out0             ;
; |memctrl|asyncram:inst|lpm_mux:mem_rtl_7|mux_joc:auto_generated|_~36             ; |memctrl|asyncram:inst|lpm_mux:mem_rtl_7|mux_joc:auto_generated|_~36             ; out0             ;
; |memctrl|asyncram:inst|lpm_mux:mem_rtl_7|mux_joc:auto_generated|_~37             ; |memctrl|asyncram:inst|lpm_mux:mem_rtl_7|mux_joc:auto_generated|_~37             ; out0             ;
; |memctrl|asyncram:inst|lpm_mux:mem_rtl_7|mux_joc:auto_generated|_~38             ; |memctrl|asyncram:inst|lpm_mux:mem_rtl_7|mux_joc:auto_generated|_~38             ; out0             ;
; |memctrl|asyncram:inst|lpm_mux:mem_rtl_7|mux_joc:auto_generated|_~39             ; |memctrl|asyncram:inst|lpm_mux:mem_rtl_7|mux_joc:auto_generated|_~39             ; out0             ;
; |memctrl|asyncram:inst|lpm_mux:mem_rtl_7|mux_joc:auto_generated|_~41             ; |memctrl|asyncram:inst|lpm_mux:mem_rtl_7|mux_joc:auto_generated|_~41             ; out0             ;
; |memctrl|asyncram:inst|lpm_mux:mem_rtl_7|mux_joc:auto_generated|_~42             ; |memctrl|asyncram:inst|lpm_mux:mem_rtl_7|mux_joc:auto_generated|_~42             ; out0             ;
; |memctrl|asyncram:inst|lpm_mux:mem_rtl_7|mux_joc:auto_generated|_~43             ; |memctrl|asyncram:inst|lpm_mux:mem_rtl_7|mux_joc:auto_generated|_~43             ; out0             ;
; |memctrl|asyncram:inst|lpm_mux:mem_rtl_7|mux_joc:auto_generated|_~44             ; |memctrl|asyncram:inst|lpm_mux:mem_rtl_7|mux_joc:auto_generated|_~44             ; out0             ;
; |memctrl|asyncram:inst|lpm_mux:mem_rtl_7|mux_joc:auto_generated|_~45             ; |memctrl|asyncram:inst|lpm_mux:mem_rtl_7|mux_joc:auto_generated|_~45             ; out0             ;
; |memctrl|asyncram:inst|lpm_mux:mem_rtl_7|mux_joc:auto_generated|_~46             ; |memctrl|asyncram:inst|lpm_mux:mem_rtl_7|mux_joc:auto_generated|_~46             ; out0             ;
; |memctrl|asyncram:inst|lpm_mux:mem_rtl_7|mux_joc:auto_generated|_~47             ; |memctrl|asyncram:inst|lpm_mux:mem_rtl_7|mux_joc:auto_generated|_~47             ; out0             ;
; |memctrl|asyncram:inst|lpm_mux:mem_rtl_7|mux_joc:auto_generated|_~48             ; |memctrl|asyncram:inst|lpm_mux:mem_rtl_7|mux_joc:auto_generated|_~48             ; out0             ;
; |memctrl|asyncram:inst|lpm_mux:mem_rtl_7|mux_joc:auto_generated|_~49             ; |memctrl|asyncram:inst|lpm_mux:mem_rtl_7|mux_joc:auto_generated|_~49             ; out0             ;
; |memctrl|asyncram:inst|lpm_mux:mem_rtl_7|mux_joc:auto_generated|_~50             ; |memctrl|asyncram:inst|lpm_mux:mem_rtl_7|mux_joc:auto_generated|_~50             ; out0             ;
; |memctrl|asyncram:inst|lpm_mux:mem_rtl_7|mux_joc:auto_generated|_~51             ; |memctrl|asyncram:inst|lpm_mux:mem_rtl_7|mux_joc:auto_generated|_~51             ; out0             ;
; |memctrl|asyncram:inst|lpm_mux:mem_rtl_7|mux_joc:auto_generated|_~52             ; |memctrl|asyncram:inst|lpm_mux:mem_rtl_7|mux_joc:auto_generated|_~52             ; out0             ;
; |memctrl|asyncram:inst|lpm_mux:mem_rtl_7|mux_joc:auto_generated|_~53             ; |memctrl|asyncram:inst|lpm_mux:mem_rtl_7|mux_joc:auto_generated|_~53             ; out0             ;
; |memctrl|asyncram:inst|lpm_mux:mem_rtl_7|mux_joc:auto_generated|_~54             ; |memctrl|asyncram:inst|lpm_mux:mem_rtl_7|mux_joc:auto_generated|_~54             ; out0             ;
; |memctrl|asyncram:inst|lpm_mux:mem_rtl_7|mux_joc:auto_generated|_~55             ; |memctrl|asyncram:inst|lpm_mux:mem_rtl_7|mux_joc:auto_generated|_~55             ; out0             ;
; |memctrl|asyncram:inst|lpm_mux:mem_rtl_7|mux_joc:auto_generated|_~56             ; |memctrl|asyncram:inst|lpm_mux:mem_rtl_7|mux_joc:auto_generated|_~56             ; out0             ;
; |memctrl|asyncram:inst|lpm_mux:mem_rtl_7|mux_joc:auto_generated|_~57             ; |memctrl|asyncram:inst|lpm_mux:mem_rtl_7|mux_joc:auto_generated|_~57             ; out0             ;
; |memctrl|asyncram:inst|lpm_mux:mem_rtl_7|mux_joc:auto_generated|_~58             ; |memctrl|asyncram:inst|lpm_mux:mem_rtl_7|mux_joc:auto_generated|_~58             ; out0             ;
; |memctrl|asyncram:inst|lpm_mux:mem_rtl_7|mux_joc:auto_generated|_~59             ; |memctrl|asyncram:inst|lpm_mux:mem_rtl_7|mux_joc:auto_generated|_~59             ; out0             ;
; |memctrl|asyncram:inst|lpm_mux:mem_rtl_7|mux_joc:auto_generated|_~60             ; |memctrl|asyncram:inst|lpm_mux:mem_rtl_7|mux_joc:auto_generated|_~60             ; out0             ;
; |memctrl|asyncram:inst|lpm_mux:mem_rtl_7|mux_joc:auto_generated|_~61             ; |memctrl|asyncram:inst|lpm_mux:mem_rtl_7|mux_joc:auto_generated|_~61             ; out0             ;
; |memctrl|asyncram:inst|lpm_mux:mem_rtl_7|mux_joc:auto_generated|_~62             ; |memctrl|asyncram:inst|lpm_mux:mem_rtl_7|mux_joc:auto_generated|_~62             ; out0             ;
; |memctrl|asyncram:inst|lpm_mux:mem_rtl_7|mux_joc:auto_generated|_~63             ; |memctrl|asyncram:inst|lpm_mux:mem_rtl_7|mux_joc:auto_generated|_~63             ; out0             ;
; |memctrl|asyncram:inst|lpm_mux:mem_rtl_7|mux_joc:auto_generated|_~64             ; |memctrl|asyncram:inst|lpm_mux:mem_rtl_7|mux_joc:auto_generated|_~64             ; out0             ;
; |memctrl|asyncram:inst|lpm_mux:mem_rtl_7|mux_joc:auto_generated|_~66             ; |memctrl|asyncram:inst|lpm_mux:mem_rtl_7|mux_joc:auto_generated|_~66             ; out0             ;
; |memctrl|asyncram:inst|lpm_mux:mem_rtl_7|mux_joc:auto_generated|_~67             ; |memctrl|asyncram:inst|lpm_mux:mem_rtl_7|mux_joc:auto_generated|_~67             ; out0             ;
; |memctrl|asyncram:inst|lpm_mux:mem_rtl_7|mux_joc:auto_generated|_~68             ; |memctrl|asyncram:inst|lpm_mux:mem_rtl_7|mux_joc:auto_generated|_~68             ; out0             ;
; |memctrl|asyncram:inst|lpm_mux:mem_rtl_7|mux_joc:auto_generated|_~69             ; |memctrl|asyncram:inst|lpm_mux:mem_rtl_7|mux_joc:auto_generated|_~69             ; out0             ;
; |memctrl|asyncram:inst|lpm_mux:mem_rtl_7|mux_joc:auto_generated|_~70             ; |memctrl|asyncram:inst|lpm_mux:mem_rtl_7|mux_joc:auto_generated|_~70             ; out0             ;
; |memctrl|asyncram:inst|lpm_mux:mem_rtl_7|mux_joc:auto_generated|_~71             ; |memctrl|asyncram:inst|lpm_mux:mem_rtl_7|mux_joc:auto_generated|_~71             ; out0             ;
; |memctrl|asyncram:inst|lpm_mux:mem_rtl_7|mux_joc:auto_generated|result_node[0]~0 ; |memctrl|asyncram:inst|lpm_mux:mem_rtl_7|mux_joc:auto_generated|result_node[0]~0 ; out0             ;
; |memctrl|asyncram:inst|lpm_mux:mem_rtl_7|mux_joc:auto_generated|_~72             ; |memctrl|asyncram:inst|lpm_mux:mem_rtl_7|mux_joc:auto_generated|_~72             ; out0             ;
; |memctrl|asyncram:inst|lpm_mux:mem_rtl_7|mux_joc:auto_generated|_~73             ; |memctrl|asyncram:inst|lpm_mux:mem_rtl_7|mux_joc:auto_generated|_~73             ; out0             ;
; |memctrl|asyncram:inst|lpm_mux:mem_rtl_7|mux_joc:auto_generated|_~74             ; |memctrl|asyncram:inst|lpm_mux:mem_rtl_7|mux_joc:auto_generated|_~74             ; out0             ;
; |memctrl|asyncram:inst|lpm_mux:mem_rtl_7|mux_joc:auto_generated|_~75             ; |memctrl|asyncram:inst|lpm_mux:mem_rtl_7|mux_joc:auto_generated|_~75             ; out0             ;
; |memctrl|asyncram:inst|lpm_mux:mem_rtl_7|mux_joc:auto_generated|_~76             ; |memctrl|asyncram:inst|lpm_mux:mem_rtl_7|mux_joc:auto_generated|_~76             ; out0             ;
; |memctrl|asyncram:inst|lpm_mux:mem_rtl_7|mux_joc:auto_generated|_~77             ; |memctrl|asyncram:inst|lpm_mux:mem_rtl_7|mux_joc:auto_generated|_~77             ; out0             ;
; |memctrl|asyncram:inst|lpm_mux:mem_rtl_7|mux_joc:auto_generated|_~78             ; |memctrl|asyncram:inst|lpm_mux:mem_rtl_7|mux_joc:auto_generated|_~78             ; out0             ;
; |memctrl|asyncram:inst|lpm_mux:mem_rtl_7|mux_joc:auto_generated|_~79             ; |memctrl|asyncram:inst|lpm_mux:mem_rtl_7|mux_joc:auto_generated|_~79             ; out0             ;
; |memctrl|asyncram:inst|lpm_mux:mem_rtl_7|mux_joc:auto_generated|_~80             ; |memctrl|asyncram:inst|lpm_mux:mem_rtl_7|mux_joc:auto_generated|_~80             ; out0             ;
; |memctrl|asyncram:inst|lpm_mux:mem_rtl_7|mux_joc:auto_generated|_~81             ; |memctrl|asyncram:inst|lpm_mux:mem_rtl_7|mux_joc:auto_generated|_~81             ; out0             ;
; |memctrl|asyncram:inst|lpm_mux:mem_rtl_7|mux_joc:auto_generated|_~82             ; |memctrl|asyncram:inst|lpm_mux:mem_rtl_7|mux_joc:auto_generated|_~82             ; out0             ;
; |memctrl|asyncram:inst|lpm_mux:mem_rtl_7|mux_joc:auto_generated|_~83             ; |memctrl|asyncram:inst|lpm_mux:mem_rtl_7|mux_joc:auto_generated|_~83             ; out0             ;
; |memctrl|asyncram:inst|lpm_mux:mem_rtl_7|mux_joc:auto_generated|_~84             ; |memctrl|asyncram:inst|lpm_mux:mem_rtl_7|mux_joc:auto_generated|_~84             ; out0             ;
; |memctrl|asyncram:inst|lpm_mux:mem_rtl_7|mux_joc:auto_generated|_~85             ; |memctrl|asyncram:inst|lpm_mux:mem_rtl_7|mux_joc:auto_generated|_~85             ; out0             ;
; |memctrl|asyncram:inst|lpm_mux:mem_rtl_7|mux_joc:auto_generated|_~86             ; |memctrl|asyncram:inst|lpm_mux:mem_rtl_7|mux_joc:auto_generated|_~86             ; out0             ;
; |memctrl|asyncram:inst|lpm_mux:mem_rtl_7|mux_joc:auto_generated|_~87             ; |memctrl|asyncram:inst|lpm_mux:mem_rtl_7|mux_joc:auto_generated|_~87             ; out0             ;
; |memctrl|asyncram:inst|lpm_mux:mem_rtl_7|mux_joc:auto_generated|_~88             ; |memctrl|asyncram:inst|lpm_mux:mem_rtl_7|mux_joc:auto_generated|_~88             ; out0             ;
; |memctrl|asyncram:inst|lpm_mux:mem_rtl_7|mux_joc:auto_generated|_~89             ; |memctrl|asyncram:inst|lpm_mux:mem_rtl_7|mux_joc:auto_generated|_~89             ; out0             ;
; |memctrl|asyncram:inst|lpm_mux:mem_rtl_7|mux_joc:auto_generated|_~91             ; |memctrl|asyncram:inst|lpm_mux:mem_rtl_7|mux_joc:auto_generated|_~91             ; out0             ;
; |memctrl|asyncram:inst|lpm_mux:mem_rtl_7|mux_joc:auto_generated|_~92             ; |memctrl|asyncram:inst|lpm_mux:mem_rtl_7|mux_joc:auto_generated|_~92             ; out0             ;
; |memctrl|asyncram:inst|lpm_mux:mem_rtl_7|mux_joc:auto_generated|_~93             ; |memctrl|asyncram:inst|lpm_mux:mem_rtl_7|mux_joc:auto_generated|_~93             ; out0             ;
; |memctrl|asyncram:inst|lpm_mux:mem_rtl_7|mux_joc:auto_generated|_~94             ; |memctrl|asyncram:inst|lpm_mux:mem_rtl_7|mux_joc:auto_generated|_~94             ; out0             ;
; |memctrl|asyncram:inst|lpm_mux:mem_rtl_7|mux_joc:auto_generated|_~95             ; |memctrl|asyncram:inst|lpm_mux:mem_rtl_7|mux_joc:auto_generated|_~95             ; out0             ;
; |memctrl|asyncram:inst|lpm_mux:mem_rtl_7|mux_joc:auto_generated|_~96             ; |memctrl|asyncram:inst|lpm_mux:mem_rtl_7|mux_joc:auto_generated|_~96             ; out0             ;
; |memctrl|asyncram:inst|lpm_mux:mem_rtl_7|mux_joc:auto_generated|_~97             ; |memctrl|asyncram:inst|lpm_mux:mem_rtl_7|mux_joc:auto_generated|_~97             ; out0             ;
; |memctrl|asyncram:inst|lpm_mux:mem_rtl_7|mux_joc:auto_generated|_~98             ; |memctrl|asyncram:inst|lpm_mux:mem_rtl_7|mux_joc:auto_generated|_~98             ; out0             ;
; |memctrl|asyncram:inst|lpm_mux:mem_rtl_7|mux_joc:auto_generated|_~99             ; |memctrl|asyncram:inst|lpm_mux:mem_rtl_7|mux_joc:auto_generated|_~99             ; out0             ;
; |memctrl|asyncram:inst|lpm_mux:mem_rtl_7|mux_joc:auto_generated|_~100            ; |memctrl|asyncram:inst|lpm_mux:mem_rtl_7|mux_joc:auto_generated|_~100            ; out0             ;
; |memctrl|asyncram:inst|lpm_mux:mem_rtl_7|mux_joc:auto_generated|_~101            ; |memctrl|asyncram:inst|lpm_mux:mem_rtl_7|mux_joc:auto_generated|_~101            ; out0             ;
; |memctrl|asyncram:inst|lpm_mux:mem_rtl_7|mux_joc:auto_generated|_~102            ; |memctrl|asyncram:inst|lpm_mux:mem_rtl_7|mux_joc:auto_generated|_~102            ; out0             ;
; |memctrl|asyncram:inst|lpm_mux:mem_rtl_7|mux_joc:auto_generated|_~103            ; |memctrl|asyncram:inst|lpm_mux:mem_rtl_7|mux_joc:auto_generated|_~103            ; out0             ;
; |memctrl|asyncram:inst|lpm_mux:mem_rtl_7|mux_joc:auto_generated|_~104            ; |memctrl|asyncram:inst|lpm_mux:mem_rtl_7|mux_joc:auto_generated|_~104            ; out0             ;
; |memctrl|asyncram:inst|lpm_mux:mem_rtl_7|mux_joc:auto_generated|_~105            ; |memctrl|asyncram:inst|lpm_mux:mem_rtl_7|mux_joc:auto_generated|_~105            ; out0             ;
; |memctrl|asyncram:inst|lpm_mux:mem_rtl_7|mux_joc:auto_generated|_~106            ; |memctrl|asyncram:inst|lpm_mux:mem_rtl_7|mux_joc:auto_generated|_~106            ; out0             ;
; |memctrl|asyncram:inst|lpm_mux:mem_rtl_7|mux_joc:auto_generated|_~107            ; |memctrl|asyncram:inst|lpm_mux:mem_rtl_7|mux_joc:auto_generated|_~107            ; out0             ;
; |memctrl|asyncram:inst|lpm_mux:mem_rtl_7|mux_joc:auto_generated|_~108            ; |memctrl|asyncram:inst|lpm_mux:mem_rtl_7|mux_joc:auto_generated|_~108            ; out0             ;
; |memctrl|asyncram:inst|lpm_mux:mem_rtl_7|mux_joc:auto_generated|_~109            ; |memctrl|asyncram:inst|lpm_mux:mem_rtl_7|mux_joc:auto_generated|_~109            ; out0             ;
; |memctrl|asyncram:inst|lpm_mux:mem_rtl_7|mux_joc:auto_generated|_~110            ; |memctrl|asyncram:inst|lpm_mux:mem_rtl_7|mux_joc:auto_generated|_~110            ; out0             ;
; |memctrl|asyncram:inst|lpm_mux:mem_rtl_7|mux_joc:auto_generated|_~111            ; |memctrl|asyncram:inst|lpm_mux:mem_rtl_7|mux_joc:auto_generated|_~111            ; out0             ;
; |memctrl|asyncram:inst|lpm_mux:mem_rtl_7|mux_joc:auto_generated|_~112            ; |memctrl|asyncram:inst|lpm_mux:mem_rtl_7|mux_joc:auto_generated|_~112            ; out0             ;
; |memctrl|asyncram:inst|lpm_mux:mem_rtl_7|mux_joc:auto_generated|_~113            ; |memctrl|asyncram:inst|lpm_mux:mem_rtl_7|mux_joc:auto_generated|_~113            ; out0             ;
; |memctrl|asyncram:inst|lpm_mux:mem_rtl_7|mux_joc:auto_generated|_~114            ; |memctrl|asyncram:inst|lpm_mux:mem_rtl_7|mux_joc:auto_generated|_~114            ; out0             ;
; |memctrl|asyncram:inst|lpm_mux:mem_rtl_7|mux_joc:auto_generated|_~116            ; |memctrl|asyncram:inst|lpm_mux:mem_rtl_7|mux_joc:auto_generated|_~116            ; out0             ;
; |memctrl|asyncram:inst|lpm_mux:mem_rtl_7|mux_joc:auto_generated|_~117            ; |memctrl|asyncram:inst|lpm_mux:mem_rtl_7|mux_joc:auto_generated|_~117            ; out0             ;
; |memctrl|asyncram:inst|lpm_mux:mem_rtl_7|mux_joc:auto_generated|_~118            ; |memctrl|asyncram:inst|lpm_mux:mem_rtl_7|mux_joc:auto_generated|_~118            ; out0             ;
; |memctrl|asyncram:inst|lpm_mux:mem_rtl_7|mux_joc:auto_generated|_~119            ; |memctrl|asyncram:inst|lpm_mux:mem_rtl_7|mux_joc:auto_generated|_~119            ; out0             ;
; |memctrl|asyncram:inst|lpm_mux:mem_rtl_7|mux_joc:auto_generated|_~120            ; |memctrl|asyncram:inst|lpm_mux:mem_rtl_7|mux_joc:auto_generated|_~120            ; out0             ;
; |memctrl|asyncram:inst|lpm_mux:mem_rtl_7|mux_joc:auto_generated|_~122            ; |memctrl|asyncram:inst|lpm_mux:mem_rtl_7|mux_joc:auto_generated|_~122            ; out0             ;
; |memctrl|asyncram:inst|lpm_mux:mem_rtl_7|mux_joc:auto_generated|_~124            ; |memctrl|asyncram:inst|lpm_mux:mem_rtl_7|mux_joc:auto_generated|_~124            ; out0             ;
; |memctrl|asyncram:inst|lpm_mux:mem_rtl_7|mux_joc:auto_generated|_~127            ; |memctrl|asyncram:inst|lpm_mux:mem_rtl_7|mux_joc:auto_generated|_~127            ; out0             ;
; |memctrl|asyncram:inst|lpm_mux:mem_rtl_7|mux_joc:auto_generated|_~128            ; |memctrl|asyncram:inst|lpm_mux:mem_rtl_7|mux_joc:auto_generated|_~128            ; out0             ;
; |memctrl|asyncram:inst|lpm_mux:mem_rtl_7|mux_joc:auto_generated|_~129            ; |memctrl|asyncram:inst|lpm_mux:mem_rtl_7|mux_joc:auto_generated|_~129            ; out0             ;
; |memctrl|asyncram:inst|lpm_mux:mem_rtl_7|mux_joc:auto_generated|_~131            ; |memctrl|asyncram:inst|lpm_mux:mem_rtl_7|mux_joc:auto_generated|_~131            ; out0             ;
; |memctrl|asyncram:inst|lpm_mux:mem_rtl_7|mux_joc:auto_generated|_~133            ; |memctrl|asyncram:inst|lpm_mux:mem_rtl_7|mux_joc:auto_generated|_~133            ; out0             ;
; |memctrl|asyncram:inst|lpm_mux:mem_rtl_7|mux_joc:auto_generated|_~136            ; |memctrl|asyncram:inst|lpm_mux:mem_rtl_7|mux_joc:auto_generated|_~136            ; out0             ;
; |memctrl|asyncram:inst|lpm_mux:mem_rtl_7|mux_joc:auto_generated|_~137            ; |memctrl|asyncram:inst|lpm_mux:mem_rtl_7|mux_joc:auto_generated|_~137            ; out0             ;
; |memctrl|asyncram:inst|lpm_mux:mem_rtl_7|mux_joc:auto_generated|_~138            ; |memctrl|asyncram:inst|lpm_mux:mem_rtl_7|mux_joc:auto_generated|_~138            ; out0             ;
; |memctrl|asyncram:inst|lpm_mux:mem_rtl_7|mux_joc:auto_generated|_~142            ; |memctrl|asyncram:inst|lpm_mux:mem_rtl_7|mux_joc:auto_generated|_~142            ; out0             ;
; |memctrl|asyncram:inst|lpm_mux:mem_rtl_7|mux_joc:auto_generated|_~143            ; |memctrl|asyncram:inst|lpm_mux:mem_rtl_7|mux_joc:auto_generated|_~143            ; out0             ;
; |memctrl|asyncram:inst|lpm_mux:mem_rtl_7|mux_joc:auto_generated|result_node[0]~1 ; |memctrl|asyncram:inst|lpm_mux:mem_rtl_7|mux_joc:auto_generated|result_node[0]~1 ; out0             ;
; |memctrl|asyncram:inst|lpm_mux:mem_rtl_7|mux_joc:auto_generated|result_node[0]   ; |memctrl|asyncram:inst|lpm_mux:mem_rtl_7|mux_joc:auto_generated|result_node[0]   ; out0             ;
; |memctrl|asyncram:inst|lpm_mux:mem_rtl_6|mux_joc:auto_generated|_~0              ; |memctrl|asyncram:inst|lpm_mux:mem_rtl_6|mux_joc:auto_generated|_~0              ; out0             ;
; |memctrl|asyncram:inst|lpm_mux:mem_rtl_6|mux_joc:auto_generated|_~1              ; |memctrl|asyncram:inst|lpm_mux:mem_rtl_6|mux_joc:auto_generated|_~1              ; out0             ;
; |memctrl|asyncram:inst|lpm_mux:mem_rtl_6|mux_joc:auto_generated|_~2              ; |memctrl|asyncram:inst|lpm_mux:mem_rtl_6|mux_joc:auto_generated|_~2              ; out0             ;
; |memctrl|asyncram:inst|lpm_mux:mem_rtl_6|mux_joc:auto_generated|_~3              ; |memctrl|asyncram:inst|lpm_mux:mem_rtl_6|mux_joc:auto_generated|_~3              ; out0             ;
; |memctrl|asyncram:inst|lpm_mux:mem_rtl_6|mux_joc:auto_generated|_~4              ; |memctrl|asyncram:inst|lpm_mux:mem_rtl_6|mux_joc:auto_generated|_~4              ; out0             ;
; |memctrl|asyncram:inst|lpm_mux:mem_rtl_6|mux_joc:auto_generated|_~5              ; |memctrl|asyncram:inst|lpm_mux:mem_rtl_6|mux_joc:auto_generated|_~5              ; out0             ;
; |memctrl|asyncram:inst|lpm_mux:mem_rtl_6|mux_joc:auto_generated|_~6              ; |memctrl|asyncram:inst|lpm_mux:mem_rtl_6|mux_joc:auto_generated|_~6              ; out0             ;
; |memctrl|asyncram:inst|lpm_mux:mem_rtl_6|mux_joc:auto_generated|_~7              ; |memctrl|asyncram:inst|lpm_mux:mem_rtl_6|mux_joc:auto_generated|_~7              ; out0             ;
; |memctrl|asyncram:inst|lpm_mux:mem_rtl_6|mux_joc:auto_generated|_~8              ; |memctrl|asyncram:inst|lpm_mux:mem_rtl_6|mux_joc:auto_generated|_~8              ; out0             ;
; |memctrl|asyncram:inst|lpm_mux:mem_rtl_6|mux_joc:auto_generated|_~9              ; |memctrl|asyncram:inst|lpm_mux:mem_rtl_6|mux_joc:auto_generated|_~9              ; out0             ;
; |memctrl|asyncram:inst|lpm_mux:mem_rtl_6|mux_joc:auto_generated|_~10             ; |memctrl|asyncram:inst|lpm_mux:mem_rtl_6|mux_joc:auto_generated|_~10             ; out0             ;
; |memctrl|asyncram:inst|lpm_mux:mem_rtl_6|mux_joc:auto_generated|_~11             ; |memctrl|asyncram:inst|lpm_mux:mem_rtl_6|mux_joc:auto_generated|_~11             ; out0             ;
; |memctrl|asyncram:inst|lpm_mux:mem_rtl_6|mux_joc:auto_generated|_~12             ; |memctrl|asyncram:inst|lpm_mux:mem_rtl_6|mux_joc:auto_generated|_~12             ; out0             ;
; |memctrl|asyncram:inst|lpm_mux:mem_rtl_6|mux_joc:auto_generated|_~13             ; |memctrl|asyncram:inst|lpm_mux:mem_rtl_6|mux_joc:auto_generated|_~13             ; out0             ;
; |memctrl|asyncram:inst|lpm_mux:mem_rtl_6|mux_joc:auto_generated|_~14             ; |memctrl|asyncram:inst|lpm_mux:mem_rtl_6|mux_joc:auto_generated|_~14             ; out0             ;
; |memctrl|asyncram:inst|lpm_mux:mem_rtl_6|mux_joc:auto_generated|_~15             ; |memctrl|asyncram:inst|lpm_mux:mem_rtl_6|mux_joc:auto_generated|_~15             ; out0             ;
; |memctrl|asyncram:inst|lpm_mux:mem_rtl_6|mux_joc:auto_generated|_~16             ; |memctrl|asyncram:inst|lpm_mux:mem_rtl_6|mux_joc:auto_generated|_~16             ; out0             ;
; |memctrl|asyncram:inst|lpm_mux:mem_rtl_6|mux_joc:auto_generated|_~17             ; |memctrl|asyncram:inst|lpm_mux:mem_rtl_6|mux_joc:auto_generated|_~17             ; out0             ;
; |memctrl|asyncram:inst|lpm_mux:mem_rtl_6|mux_joc:auto_generated|_~18             ; |memctrl|asyncram:inst|lpm_mux:mem_rtl_6|mux_joc:auto_generated|_~18             ; out0             ;
; |memctrl|asyncram:inst|lpm_mux:mem_rtl_6|mux_joc:auto_generated|_~19             ; |memctrl|asyncram:inst|lpm_mux:mem_rtl_6|mux_joc:auto_generated|_~19             ; out0             ;
; |memctrl|asyncram:inst|lpm_mux:mem_rtl_6|mux_joc:auto_generated|_~20             ; |memctrl|asyncram:inst|lpm_mux:mem_rtl_6|mux_joc:auto_generated|_~20             ; out0             ;
; |memctrl|asyncram:inst|lpm_mux:mem_rtl_6|mux_joc:auto_generated|_~21             ; |memctrl|asyncram:inst|lpm_mux:mem_rtl_6|mux_joc:auto_generated|_~21             ; out0             ;
; |memctrl|asyncram:inst|lpm_mux:mem_rtl_6|mux_joc:auto_generated|_~22             ; |memctrl|asyncram:inst|lpm_mux:mem_rtl_6|mux_joc:auto_generated|_~22             ; out0             ;
; |memctrl|asyncram:inst|lpm_mux:mem_rtl_6|mux_joc:auto_generated|_~23             ; |memctrl|asyncram:inst|lpm_mux:mem_rtl_6|mux_joc:auto_generated|_~23             ; out0             ;
; |memctrl|asyncram:inst|lpm_mux:mem_rtl_6|mux_joc:auto_generated|_~24             ; |memctrl|asyncram:inst|lpm_mux:mem_rtl_6|mux_joc:auto_generated|_~24             ; out0             ;
; |memctrl|asyncram:inst|lpm_mux:mem_rtl_6|mux_joc:auto_generated|_~25             ; |memctrl|asyncram:inst|lpm_mux:mem_rtl_6|mux_joc:auto_generated|_~25             ; out0             ;
; |memctrl|asyncram:inst|lpm_mux:mem_rtl_6|mux_joc:auto_generated|_~26             ; |memctrl|asyncram:inst|lpm_mux:mem_rtl_6|mux_joc:auto_generated|_~26             ; out0             ;
; |memctrl|asyncram:inst|lpm_mux:mem_rtl_6|mux_joc:auto_generated|_~28             ; |memctrl|asyncram:inst|lpm_mux:mem_rtl_6|mux_joc:auto_generated|_~28             ; out0             ;
; |memctrl|asyncram:inst|lpm_mux:mem_rtl_6|mux_joc:auto_generated|_~29             ; |memctrl|asyncram:inst|lpm_mux:mem_rtl_6|mux_joc:auto_generated|_~29             ; out0             ;
; |memctrl|asyncram:inst|lpm_mux:mem_rtl_6|mux_joc:auto_generated|_~30             ; |memctrl|asyncram:inst|lpm_mux:mem_rtl_6|mux_joc:auto_generated|_~30             ; out0             ;
; |memctrl|asyncram:inst|lpm_mux:mem_rtl_6|mux_joc:auto_generated|_~31             ; |memctrl|asyncram:inst|lpm_mux:mem_rtl_6|mux_joc:auto_generated|_~31             ; out0             ;
; |memctrl|asyncram:inst|lpm_mux:mem_rtl_6|mux_joc:auto_generated|_~32             ; |memctrl|asyncram:inst|lpm_mux:mem_rtl_6|mux_joc:auto_generated|_~32             ; out0             ;
; |memctrl|asyncram:inst|lpm_mux:mem_rtl_6|mux_joc:auto_generated|_~33             ; |memctrl|asyncram:inst|lpm_mux:mem_rtl_6|mux_joc:auto_generated|_~33             ; out0             ;
; |memctrl|asyncram:inst|lpm_mux:mem_rtl_6|mux_joc:auto_generated|_~34             ; |memctrl|asyncram:inst|lpm_mux:mem_rtl_6|mux_joc:auto_generated|_~34             ; out0             ;
; |memctrl|asyncram:inst|lpm_mux:mem_rtl_6|mux_joc:auto_generated|_~35             ; |memctrl|asyncram:inst|lpm_mux:mem_rtl_6|mux_joc:auto_generated|_~35             ; out0             ;
; |memctrl|asyncram:inst|lpm_mux:mem_rtl_6|mux_joc:auto_generated|_~37             ; |memctrl|asyncram:inst|lpm_mux:mem_rtl_6|mux_joc:auto_generated|_~37             ; out0             ;
; |memctrl|asyncram:inst|lpm_mux:mem_rtl_6|mux_joc:auto_generated|_~38             ; |memctrl|asyncram:inst|lpm_mux:mem_rtl_6|mux_joc:auto_generated|_~38             ; out0             ;
; |memctrl|asyncram:inst|lpm_mux:mem_rtl_6|mux_joc:auto_generated|_~39             ; |memctrl|asyncram:inst|lpm_mux:mem_rtl_6|mux_joc:auto_generated|_~39             ; out0             ;
; |memctrl|asyncram:inst|lpm_mux:mem_rtl_6|mux_joc:auto_generated|_~41             ; |memctrl|asyncram:inst|lpm_mux:mem_rtl_6|mux_joc:auto_generated|_~41             ; out0             ;
; |memctrl|asyncram:inst|lpm_mux:mem_rtl_6|mux_joc:auto_generated|_~42             ; |memctrl|asyncram:inst|lpm_mux:mem_rtl_6|mux_joc:auto_generated|_~42             ; out0             ;
; |memctrl|asyncram:inst|lpm_mux:mem_rtl_6|mux_joc:auto_generated|_~43             ; |memctrl|asyncram:inst|lpm_mux:mem_rtl_6|mux_joc:auto_generated|_~43             ; out0             ;
; |memctrl|asyncram:inst|lpm_mux:mem_rtl_6|mux_joc:auto_generated|_~44             ; |memctrl|asyncram:inst|lpm_mux:mem_rtl_6|mux_joc:auto_generated|_~44             ; out0             ;
; |memctrl|asyncram:inst|lpm_mux:mem_rtl_6|mux_joc:auto_generated|_~45             ; |memctrl|asyncram:inst|lpm_mux:mem_rtl_6|mux_joc:auto_generated|_~45             ; out0             ;
; |memctrl|asyncram:inst|lpm_mux:mem_rtl_6|mux_joc:auto_generated|_~46             ; |memctrl|asyncram:inst|lpm_mux:mem_rtl_6|mux_joc:auto_generated|_~46             ; out0             ;
; |memctrl|asyncram:inst|lpm_mux:mem_rtl_6|mux_joc:auto_generated|_~48             ; |memctrl|asyncram:inst|lpm_mux:mem_rtl_6|mux_joc:auto_generated|_~48             ; out0             ;
; |memctrl|asyncram:inst|lpm_mux:mem_rtl_6|mux_joc:auto_generated|_~50             ; |memctrl|asyncram:inst|lpm_mux:mem_rtl_6|mux_joc:auto_generated|_~50             ; out0             ;
; |memctrl|asyncram:inst|lpm_mux:mem_rtl_6|mux_joc:auto_generated|_~52             ; |memctrl|asyncram:inst|lpm_mux:mem_rtl_6|mux_joc:auto_generated|_~52             ; out0             ;
; |memctrl|asyncram:inst|lpm_mux:mem_rtl_6|mux_joc:auto_generated|_~53             ; |memctrl|asyncram:inst|lpm_mux:mem_rtl_6|mux_joc:auto_generated|_~53             ; out0             ;
; |memctrl|asyncram:inst|lpm_mux:mem_rtl_6|mux_joc:auto_generated|_~54             ; |memctrl|asyncram:inst|lpm_mux:mem_rtl_6|mux_joc:auto_generated|_~54             ; out0             ;
; |memctrl|asyncram:inst|lpm_mux:mem_rtl_6|mux_joc:auto_generated|_~55             ; |memctrl|asyncram:inst|lpm_mux:mem_rtl_6|mux_joc:auto_generated|_~55             ; out0             ;
; |memctrl|asyncram:inst|lpm_mux:mem_rtl_6|mux_joc:auto_generated|_~57             ; |memctrl|asyncram:inst|lpm_mux:mem_rtl_6|mux_joc:auto_generated|_~57             ; out0             ;
; |memctrl|asyncram:inst|lpm_mux:mem_rtl_6|mux_joc:auto_generated|_~59             ; |memctrl|asyncram:inst|lpm_mux:mem_rtl_6|mux_joc:auto_generated|_~59             ; out0             ;
; |memctrl|asyncram:inst|lpm_mux:mem_rtl_6|mux_joc:auto_generated|_~61             ; |memctrl|asyncram:inst|lpm_mux:mem_rtl_6|mux_joc:auto_generated|_~61             ; out0             ;
; |memctrl|asyncram:inst|lpm_mux:mem_rtl_6|mux_joc:auto_generated|_~62             ; |memctrl|asyncram:inst|lpm_mux:mem_rtl_6|mux_joc:auto_generated|_~62             ; out0             ;
; |memctrl|asyncram:inst|lpm_mux:mem_rtl_6|mux_joc:auto_generated|_~63             ; |memctrl|asyncram:inst|lpm_mux:mem_rtl_6|mux_joc:auto_generated|_~63             ; out0             ;
; |memctrl|asyncram:inst|lpm_mux:mem_rtl_6|mux_joc:auto_generated|_~64             ; |memctrl|asyncram:inst|lpm_mux:mem_rtl_6|mux_joc:auto_generated|_~64             ; out0             ;
; |memctrl|asyncram:inst|lpm_mux:mem_rtl_6|mux_joc:auto_generated|_~66             ; |memctrl|asyncram:inst|lpm_mux:mem_rtl_6|mux_joc:auto_generated|_~66             ; out0             ;
; |memctrl|asyncram:inst|lpm_mux:mem_rtl_6|mux_joc:auto_generated|_~67             ; |memctrl|asyncram:inst|lpm_mux:mem_rtl_6|mux_joc:auto_generated|_~67             ; out0             ;
; |memctrl|asyncram:inst|lpm_mux:mem_rtl_6|mux_joc:auto_generated|_~68             ; |memctrl|asyncram:inst|lpm_mux:mem_rtl_6|mux_joc:auto_generated|_~68             ; out0             ;
; |memctrl|asyncram:inst|lpm_mux:mem_rtl_6|mux_joc:auto_generated|_~69             ; |memctrl|asyncram:inst|lpm_mux:mem_rtl_6|mux_joc:auto_generated|_~69             ; out0             ;
; |memctrl|asyncram:inst|lpm_mux:mem_rtl_6|mux_joc:auto_generated|_~70             ; |memctrl|asyncram:inst|lpm_mux:mem_rtl_6|mux_joc:auto_generated|_~70             ; out0             ;
; |memctrl|asyncram:inst|lpm_mux:mem_rtl_6|mux_joc:auto_generated|_~71             ; |memctrl|asyncram:inst|lpm_mux:mem_rtl_6|mux_joc:auto_generated|_~71             ; out0             ;
; |memctrl|asyncram:inst|lpm_mux:mem_rtl_6|mux_joc:auto_generated|result_node[0]~0 ; |memctrl|asyncram:inst|lpm_mux:mem_rtl_6|mux_joc:auto_generated|result_node[0]~0 ; out0             ;
; |memctrl|asyncram:inst|lpm_mux:mem_rtl_6|mux_joc:auto_generated|_~72             ; |memctrl|asyncram:inst|lpm_mux:mem_rtl_6|mux_joc:auto_generated|_~72             ; out0             ;
; |memctrl|asyncram:inst|lpm_mux:mem_rtl_6|mux_joc:auto_generated|_~73             ; |memctrl|asyncram:inst|lpm_mux:mem_rtl_6|mux_joc:auto_generated|_~73             ; out0             ;
; |memctrl|asyncram:inst|lpm_mux:mem_rtl_6|mux_joc:auto_generated|_~74             ; |memctrl|asyncram:inst|lpm_mux:mem_rtl_6|mux_joc:auto_generated|_~74             ; out0             ;
; |memctrl|asyncram:inst|lpm_mux:mem_rtl_6|mux_joc:auto_generated|_~75             ; |memctrl|asyncram:inst|lpm_mux:mem_rtl_6|mux_joc:auto_generated|_~75             ; out0             ;
; |memctrl|asyncram:inst|lpm_mux:mem_rtl_6|mux_joc:auto_generated|_~76             ; |memctrl|asyncram:inst|lpm_mux:mem_rtl_6|mux_joc:auto_generated|_~76             ; out0             ;
; |memctrl|asyncram:inst|lpm_mux:mem_rtl_6|mux_joc:auto_generated|_~78             ; |memctrl|asyncram:inst|lpm_mux:mem_rtl_6|mux_joc:auto_generated|_~78             ; out0             ;
; |memctrl|asyncram:inst|lpm_mux:mem_rtl_6|mux_joc:auto_generated|_~79             ; |memctrl|asyncram:inst|lpm_mux:mem_rtl_6|mux_joc:auto_generated|_~79             ; out0             ;
; |memctrl|asyncram:inst|lpm_mux:mem_rtl_6|mux_joc:auto_generated|_~80             ; |memctrl|asyncram:inst|lpm_mux:mem_rtl_6|mux_joc:auto_generated|_~80             ; out0             ;
; |memctrl|asyncram:inst|lpm_mux:mem_rtl_6|mux_joc:auto_generated|_~81             ; |memctrl|asyncram:inst|lpm_mux:mem_rtl_6|mux_joc:auto_generated|_~81             ; out0             ;
; |memctrl|asyncram:inst|lpm_mux:mem_rtl_6|mux_joc:auto_generated|_~82             ; |memctrl|asyncram:inst|lpm_mux:mem_rtl_6|mux_joc:auto_generated|_~82             ; out0             ;
; |memctrl|asyncram:inst|lpm_mux:mem_rtl_6|mux_joc:auto_generated|_~83             ; |memctrl|asyncram:inst|lpm_mux:mem_rtl_6|mux_joc:auto_generated|_~83             ; out0             ;
; |memctrl|asyncram:inst|lpm_mux:mem_rtl_6|mux_joc:auto_generated|_~84             ; |memctrl|asyncram:inst|lpm_mux:mem_rtl_6|mux_joc:auto_generated|_~84             ; out0             ;
; |memctrl|asyncram:inst|lpm_mux:mem_rtl_6|mux_joc:auto_generated|_~85             ; |memctrl|asyncram:inst|lpm_mux:mem_rtl_6|mux_joc:auto_generated|_~85             ; out0             ;
; |memctrl|asyncram:inst|lpm_mux:mem_rtl_6|mux_joc:auto_generated|_~87             ; |memctrl|asyncram:inst|lpm_mux:mem_rtl_6|mux_joc:auto_generated|_~87             ; out0             ;
; |memctrl|asyncram:inst|lpm_mux:mem_rtl_6|mux_joc:auto_generated|_~88             ; |memctrl|asyncram:inst|lpm_mux:mem_rtl_6|mux_joc:auto_generated|_~88             ; out0             ;
; |memctrl|asyncram:inst|lpm_mux:mem_rtl_6|mux_joc:auto_generated|_~89             ; |memctrl|asyncram:inst|lpm_mux:mem_rtl_6|mux_joc:auto_generated|_~89             ; out0             ;
; |memctrl|asyncram:inst|lpm_mux:mem_rtl_6|mux_joc:auto_generated|_~91             ; |memctrl|asyncram:inst|lpm_mux:mem_rtl_6|mux_joc:auto_generated|_~91             ; out0             ;
; |memctrl|asyncram:inst|lpm_mux:mem_rtl_6|mux_joc:auto_generated|_~92             ; |memctrl|asyncram:inst|lpm_mux:mem_rtl_6|mux_joc:auto_generated|_~92             ; out0             ;
; |memctrl|asyncram:inst|lpm_mux:mem_rtl_6|mux_joc:auto_generated|_~93             ; |memctrl|asyncram:inst|lpm_mux:mem_rtl_6|mux_joc:auto_generated|_~93             ; out0             ;
; |memctrl|asyncram:inst|lpm_mux:mem_rtl_6|mux_joc:auto_generated|_~94             ; |memctrl|asyncram:inst|lpm_mux:mem_rtl_6|mux_joc:auto_generated|_~94             ; out0             ;
; |memctrl|asyncram:inst|lpm_mux:mem_rtl_6|mux_joc:auto_generated|_~95             ; |memctrl|asyncram:inst|lpm_mux:mem_rtl_6|mux_joc:auto_generated|_~95             ; out0             ;
; |memctrl|asyncram:inst|lpm_mux:mem_rtl_6|mux_joc:auto_generated|_~96             ; |memctrl|asyncram:inst|lpm_mux:mem_rtl_6|mux_joc:auto_generated|_~96             ; out0             ;
; |memctrl|asyncram:inst|lpm_mux:mem_rtl_6|mux_joc:auto_generated|_~98             ; |memctrl|asyncram:inst|lpm_mux:mem_rtl_6|mux_joc:auto_generated|_~98             ; out0             ;
; |memctrl|asyncram:inst|lpm_mux:mem_rtl_6|mux_joc:auto_generated|_~100            ; |memctrl|asyncram:inst|lpm_mux:mem_rtl_6|mux_joc:auto_generated|_~100            ; out0             ;
; |memctrl|asyncram:inst|lpm_mux:mem_rtl_6|mux_joc:auto_generated|_~102            ; |memctrl|asyncram:inst|lpm_mux:mem_rtl_6|mux_joc:auto_generated|_~102            ; out0             ;
; |memctrl|asyncram:inst|lpm_mux:mem_rtl_6|mux_joc:auto_generated|_~103            ; |memctrl|asyncram:inst|lpm_mux:mem_rtl_6|mux_joc:auto_generated|_~103            ; out0             ;
; |memctrl|asyncram:inst|lpm_mux:mem_rtl_6|mux_joc:auto_generated|_~104            ; |memctrl|asyncram:inst|lpm_mux:mem_rtl_6|mux_joc:auto_generated|_~104            ; out0             ;
; |memctrl|asyncram:inst|lpm_mux:mem_rtl_6|mux_joc:auto_generated|_~105            ; |memctrl|asyncram:inst|lpm_mux:mem_rtl_6|mux_joc:auto_generated|_~105            ; out0             ;
; |memctrl|asyncram:inst|lpm_mux:mem_rtl_6|mux_joc:auto_generated|_~107            ; |memctrl|asyncram:inst|lpm_mux:mem_rtl_6|mux_joc:auto_generated|_~107            ; out0             ;
; |memctrl|asyncram:inst|lpm_mux:mem_rtl_6|mux_joc:auto_generated|_~109            ; |memctrl|asyncram:inst|lpm_mux:mem_rtl_6|mux_joc:auto_generated|_~109            ; out0             ;
; |memctrl|asyncram:inst|lpm_mux:mem_rtl_6|mux_joc:auto_generated|_~111            ; |memctrl|asyncram:inst|lpm_mux:mem_rtl_6|mux_joc:auto_generated|_~111            ; out0             ;
; |memctrl|asyncram:inst|lpm_mux:mem_rtl_6|mux_joc:auto_generated|_~112            ; |memctrl|asyncram:inst|lpm_mux:mem_rtl_6|mux_joc:auto_generated|_~112            ; out0             ;
; |memctrl|asyncram:inst|lpm_mux:mem_rtl_6|mux_joc:auto_generated|_~113            ; |memctrl|asyncram:inst|lpm_mux:mem_rtl_6|mux_joc:auto_generated|_~113            ; out0             ;
; |memctrl|asyncram:inst|lpm_mux:mem_rtl_6|mux_joc:auto_generated|_~114            ; |memctrl|asyncram:inst|lpm_mux:mem_rtl_6|mux_joc:auto_generated|_~114            ; out0             ;
; |memctrl|asyncram:inst|lpm_mux:mem_rtl_6|mux_joc:auto_generated|_~116            ; |memctrl|asyncram:inst|lpm_mux:mem_rtl_6|mux_joc:auto_generated|_~116            ; out0             ;
; |memctrl|asyncram:inst|lpm_mux:mem_rtl_6|mux_joc:auto_generated|_~117            ; |memctrl|asyncram:inst|lpm_mux:mem_rtl_6|mux_joc:auto_generated|_~117            ; out0             ;
; |memctrl|asyncram:inst|lpm_mux:mem_rtl_6|mux_joc:auto_generated|_~118            ; |memctrl|asyncram:inst|lpm_mux:mem_rtl_6|mux_joc:auto_generated|_~118            ; out0             ;
; |memctrl|asyncram:inst|lpm_mux:mem_rtl_6|mux_joc:auto_generated|_~119            ; |memctrl|asyncram:inst|lpm_mux:mem_rtl_6|mux_joc:auto_generated|_~119            ; out0             ;
; |memctrl|asyncram:inst|lpm_mux:mem_rtl_6|mux_joc:auto_generated|_~120            ; |memctrl|asyncram:inst|lpm_mux:mem_rtl_6|mux_joc:auto_generated|_~120            ; out0             ;
; |memctrl|asyncram:inst|lpm_mux:mem_rtl_6|mux_joc:auto_generated|_~122            ; |memctrl|asyncram:inst|lpm_mux:mem_rtl_6|mux_joc:auto_generated|_~122            ; out0             ;
; |memctrl|asyncram:inst|lpm_mux:mem_rtl_6|mux_joc:auto_generated|_~124            ; |memctrl|asyncram:inst|lpm_mux:mem_rtl_6|mux_joc:auto_generated|_~124            ; out0             ;
; |memctrl|asyncram:inst|lpm_mux:mem_rtl_6|mux_joc:auto_generated|_~127            ; |memctrl|asyncram:inst|lpm_mux:mem_rtl_6|mux_joc:auto_generated|_~127            ; out0             ;
; |memctrl|asyncram:inst|lpm_mux:mem_rtl_6|mux_joc:auto_generated|_~128            ; |memctrl|asyncram:inst|lpm_mux:mem_rtl_6|mux_joc:auto_generated|_~128            ; out0             ;
; |memctrl|asyncram:inst|lpm_mux:mem_rtl_6|mux_joc:auto_generated|_~129            ; |memctrl|asyncram:inst|lpm_mux:mem_rtl_6|mux_joc:auto_generated|_~129            ; out0             ;
; |memctrl|asyncram:inst|lpm_mux:mem_rtl_6|mux_joc:auto_generated|_~131            ; |memctrl|asyncram:inst|lpm_mux:mem_rtl_6|mux_joc:auto_generated|_~131            ; out0             ;
; |memctrl|asyncram:inst|lpm_mux:mem_rtl_6|mux_joc:auto_generated|_~133            ; |memctrl|asyncram:inst|lpm_mux:mem_rtl_6|mux_joc:auto_generated|_~133            ; out0             ;
; |memctrl|asyncram:inst|lpm_mux:mem_rtl_6|mux_joc:auto_generated|_~136            ; |memctrl|asyncram:inst|lpm_mux:mem_rtl_6|mux_joc:auto_generated|_~136            ; out0             ;
; |memctrl|asyncram:inst|lpm_mux:mem_rtl_6|mux_joc:auto_generated|_~137            ; |memctrl|asyncram:inst|lpm_mux:mem_rtl_6|mux_joc:auto_generated|_~137            ; out0             ;
; |memctrl|asyncram:inst|lpm_mux:mem_rtl_6|mux_joc:auto_generated|_~138            ; |memctrl|asyncram:inst|lpm_mux:mem_rtl_6|mux_joc:auto_generated|_~138            ; out0             ;
; |memctrl|asyncram:inst|lpm_mux:mem_rtl_6|mux_joc:auto_generated|_~142            ; |memctrl|asyncram:inst|lpm_mux:mem_rtl_6|mux_joc:auto_generated|_~142            ; out0             ;
; |memctrl|asyncram:inst|lpm_mux:mem_rtl_6|mux_joc:auto_generated|_~143            ; |memctrl|asyncram:inst|lpm_mux:mem_rtl_6|mux_joc:auto_generated|_~143            ; out0             ;
; |memctrl|asyncram:inst|lpm_mux:mem_rtl_6|mux_joc:auto_generated|result_node[0]~1 ; |memctrl|asyncram:inst|lpm_mux:mem_rtl_6|mux_joc:auto_generated|result_node[0]~1 ; out0             ;
; |memctrl|asyncram:inst|lpm_mux:mem_rtl_6|mux_joc:auto_generated|result_node[0]   ; |memctrl|asyncram:inst|lpm_mux:mem_rtl_6|mux_joc:auto_generated|result_node[0]   ; out0             ;
; |memctrl|asyncram:inst|lpm_mux:mem_rtl_5|mux_joc:auto_generated|_~1              ; |memctrl|asyncram:inst|lpm_mux:mem_rtl_5|mux_joc:auto_generated|_~1              ; out0             ;
; |memctrl|asyncram:inst|lpm_mux:mem_rtl_5|mux_joc:auto_generated|_~3              ; |memctrl|asyncram:inst|lpm_mux:mem_rtl_5|mux_joc:auto_generated|_~3              ; out0             ;
; |memctrl|asyncram:inst|lpm_mux:mem_rtl_5|mux_joc:auto_generated|_~5              ; |memctrl|asyncram:inst|lpm_mux:mem_rtl_5|mux_joc:auto_generated|_~5              ; out0             ;
; |memctrl|asyncram:inst|lpm_mux:mem_rtl_5|mux_joc:auto_generated|_~6              ; |memctrl|asyncram:inst|lpm_mux:mem_rtl_5|mux_joc:auto_generated|_~6              ; out0             ;
; |memctrl|asyncram:inst|lpm_mux:mem_rtl_5|mux_joc:auto_generated|_~7              ; |memctrl|asyncram:inst|lpm_mux:mem_rtl_5|mux_joc:auto_generated|_~7              ; out0             ;
; |memctrl|asyncram:inst|lpm_mux:mem_rtl_5|mux_joc:auto_generated|_~8              ; |memctrl|asyncram:inst|lpm_mux:mem_rtl_5|mux_joc:auto_generated|_~8              ; out0             ;
; |memctrl|asyncram:inst|lpm_mux:mem_rtl_5|mux_joc:auto_generated|_~10             ; |memctrl|asyncram:inst|lpm_mux:mem_rtl_5|mux_joc:auto_generated|_~10             ; out0             ;
; |memctrl|asyncram:inst|lpm_mux:mem_rtl_5|mux_joc:auto_generated|_~12             ; |memctrl|asyncram:inst|lpm_mux:mem_rtl_5|mux_joc:auto_generated|_~12             ; out0             ;
; |memctrl|asyncram:inst|lpm_mux:mem_rtl_5|mux_joc:auto_generated|_~14             ; |memctrl|asyncram:inst|lpm_mux:mem_rtl_5|mux_joc:auto_generated|_~14             ; out0             ;
; |memctrl|asyncram:inst|lpm_mux:mem_rtl_5|mux_joc:auto_generated|_~15             ; |memctrl|asyncram:inst|lpm_mux:mem_rtl_5|mux_joc:auto_generated|_~15             ; out0             ;
; |memctrl|asyncram:inst|lpm_mux:mem_rtl_5|mux_joc:auto_generated|_~16             ; |memctrl|asyncram:inst|lpm_mux:mem_rtl_5|mux_joc:auto_generated|_~16             ; out0             ;
; |memctrl|asyncram:inst|lpm_mux:mem_rtl_5|mux_joc:auto_generated|_~17             ; |memctrl|asyncram:inst|lpm_mux:mem_rtl_5|mux_joc:auto_generated|_~17             ; out0             ;
; |memctrl|asyncram:inst|lpm_mux:mem_rtl_5|mux_joc:auto_generated|_~18             ; |memctrl|asyncram:inst|lpm_mux:mem_rtl_5|mux_joc:auto_generated|_~18             ; out0             ;
; |memctrl|asyncram:inst|lpm_mux:mem_rtl_5|mux_joc:auto_generated|_~19             ; |memctrl|asyncram:inst|lpm_mux:mem_rtl_5|mux_joc:auto_generated|_~19             ; out0             ;
; |memctrl|asyncram:inst|lpm_mux:mem_rtl_5|mux_joc:auto_generated|_~20             ; |memctrl|asyncram:inst|lpm_mux:mem_rtl_5|mux_joc:auto_generated|_~20             ; out0             ;
; |memctrl|asyncram:inst|lpm_mux:mem_rtl_5|mux_joc:auto_generated|_~21             ; |memctrl|asyncram:inst|lpm_mux:mem_rtl_5|mux_joc:auto_generated|_~21             ; out0             ;
; |memctrl|asyncram:inst|lpm_mux:mem_rtl_5|mux_joc:auto_generated|_~22             ; |memctrl|asyncram:inst|lpm_mux:mem_rtl_5|mux_joc:auto_generated|_~22             ; out0             ;
; |memctrl|asyncram:inst|lpm_mux:mem_rtl_5|mux_joc:auto_generated|_~23             ; |memctrl|asyncram:inst|lpm_mux:mem_rtl_5|mux_joc:auto_generated|_~23             ; out0             ;
; |memctrl|asyncram:inst|lpm_mux:mem_rtl_5|mux_joc:auto_generated|_~24             ; |memctrl|asyncram:inst|lpm_mux:mem_rtl_5|mux_joc:auto_generated|_~24             ; out0             ;
; |memctrl|asyncram:inst|lpm_mux:mem_rtl_5|mux_joc:auto_generated|_~25             ; |memctrl|asyncram:inst|lpm_mux:mem_rtl_5|mux_joc:auto_generated|_~25             ; out0             ;
; |memctrl|asyncram:inst|lpm_mux:mem_rtl_5|mux_joc:auto_generated|_~26             ; |memctrl|asyncram:inst|lpm_mux:mem_rtl_5|mux_joc:auto_generated|_~26             ; out0             ;
; |memctrl|asyncram:inst|lpm_mux:mem_rtl_5|mux_joc:auto_generated|_~28             ; |memctrl|asyncram:inst|lpm_mux:mem_rtl_5|mux_joc:auto_generated|_~28             ; out0             ;
; |memctrl|asyncram:inst|lpm_mux:mem_rtl_5|mux_joc:auto_generated|_~29             ; |memctrl|asyncram:inst|lpm_mux:mem_rtl_5|mux_joc:auto_generated|_~29             ; out0             ;
; |memctrl|asyncram:inst|lpm_mux:mem_rtl_5|mux_joc:auto_generated|_~30             ; |memctrl|asyncram:inst|lpm_mux:mem_rtl_5|mux_joc:auto_generated|_~30             ; out0             ;
; |memctrl|asyncram:inst|lpm_mux:mem_rtl_5|mux_joc:auto_generated|_~31             ; |memctrl|asyncram:inst|lpm_mux:mem_rtl_5|mux_joc:auto_generated|_~31             ; out0             ;
; |memctrl|asyncram:inst|lpm_mux:mem_rtl_5|mux_joc:auto_generated|_~32             ; |memctrl|asyncram:inst|lpm_mux:mem_rtl_5|mux_joc:auto_generated|_~32             ; out0             ;
; |memctrl|asyncram:inst|lpm_mux:mem_rtl_5|mux_joc:auto_generated|_~33             ; |memctrl|asyncram:inst|lpm_mux:mem_rtl_5|mux_joc:auto_generated|_~33             ; out0             ;
; |memctrl|asyncram:inst|lpm_mux:mem_rtl_5|mux_joc:auto_generated|_~34             ; |memctrl|asyncram:inst|lpm_mux:mem_rtl_5|mux_joc:auto_generated|_~34             ; out0             ;
; |memctrl|asyncram:inst|lpm_mux:mem_rtl_5|mux_joc:auto_generated|_~35             ; |memctrl|asyncram:inst|lpm_mux:mem_rtl_5|mux_joc:auto_generated|_~35             ; out0             ;
; |memctrl|asyncram:inst|lpm_mux:mem_rtl_5|mux_joc:auto_generated|_~37             ; |memctrl|asyncram:inst|lpm_mux:mem_rtl_5|mux_joc:auto_generated|_~37             ; out0             ;
; |memctrl|asyncram:inst|lpm_mux:mem_rtl_5|mux_joc:auto_generated|_~38             ; |memctrl|asyncram:inst|lpm_mux:mem_rtl_5|mux_joc:auto_generated|_~38             ; out0             ;
; |memctrl|asyncram:inst|lpm_mux:mem_rtl_5|mux_joc:auto_generated|_~39             ; |memctrl|asyncram:inst|lpm_mux:mem_rtl_5|mux_joc:auto_generated|_~39             ; out0             ;
; |memctrl|asyncram:inst|lpm_mux:mem_rtl_5|mux_joc:auto_generated|_~40             ; |memctrl|asyncram:inst|lpm_mux:mem_rtl_5|mux_joc:auto_generated|_~40             ; out0             ;
; |memctrl|asyncram:inst|lpm_mux:mem_rtl_5|mux_joc:auto_generated|_~41             ; |memctrl|asyncram:inst|lpm_mux:mem_rtl_5|mux_joc:auto_generated|_~41             ; out0             ;
; |memctrl|asyncram:inst|lpm_mux:mem_rtl_5|mux_joc:auto_generated|_~42             ; |memctrl|asyncram:inst|lpm_mux:mem_rtl_5|mux_joc:auto_generated|_~42             ; out0             ;
; |memctrl|asyncram:inst|lpm_mux:mem_rtl_5|mux_joc:auto_generated|_~43             ; |memctrl|asyncram:inst|lpm_mux:mem_rtl_5|mux_joc:auto_generated|_~43             ; out0             ;
; |memctrl|asyncram:inst|lpm_mux:mem_rtl_5|mux_joc:auto_generated|_~44             ; |memctrl|asyncram:inst|lpm_mux:mem_rtl_5|mux_joc:auto_generated|_~44             ; out0             ;
; |memctrl|asyncram:inst|lpm_mux:mem_rtl_5|mux_joc:auto_generated|_~45             ; |memctrl|asyncram:inst|lpm_mux:mem_rtl_5|mux_joc:auto_generated|_~45             ; out0             ;
; |memctrl|asyncram:inst|lpm_mux:mem_rtl_5|mux_joc:auto_generated|_~46             ; |memctrl|asyncram:inst|lpm_mux:mem_rtl_5|mux_joc:auto_generated|_~46             ; out0             ;
; |memctrl|asyncram:inst|lpm_mux:mem_rtl_5|mux_joc:auto_generated|_~47             ; |memctrl|asyncram:inst|lpm_mux:mem_rtl_5|mux_joc:auto_generated|_~47             ; out0             ;
; |memctrl|asyncram:inst|lpm_mux:mem_rtl_5|mux_joc:auto_generated|_~48             ; |memctrl|asyncram:inst|lpm_mux:mem_rtl_5|mux_joc:auto_generated|_~48             ; out0             ;
; |memctrl|asyncram:inst|lpm_mux:mem_rtl_5|mux_joc:auto_generated|_~49             ; |memctrl|asyncram:inst|lpm_mux:mem_rtl_5|mux_joc:auto_generated|_~49             ; out0             ;
; |memctrl|asyncram:inst|lpm_mux:mem_rtl_5|mux_joc:auto_generated|_~50             ; |memctrl|asyncram:inst|lpm_mux:mem_rtl_5|mux_joc:auto_generated|_~50             ; out0             ;
; |memctrl|asyncram:inst|lpm_mux:mem_rtl_5|mux_joc:auto_generated|_~51             ; |memctrl|asyncram:inst|lpm_mux:mem_rtl_5|mux_joc:auto_generated|_~51             ; out0             ;
; |memctrl|asyncram:inst|lpm_mux:mem_rtl_5|mux_joc:auto_generated|_~53             ; |memctrl|asyncram:inst|lpm_mux:mem_rtl_5|mux_joc:auto_generated|_~53             ; out0             ;
; |memctrl|asyncram:inst|lpm_mux:mem_rtl_5|mux_joc:auto_generated|_~54             ; |memctrl|asyncram:inst|lpm_mux:mem_rtl_5|mux_joc:auto_generated|_~54             ; out0             ;
; |memctrl|asyncram:inst|lpm_mux:mem_rtl_5|mux_joc:auto_generated|_~55             ; |memctrl|asyncram:inst|lpm_mux:mem_rtl_5|mux_joc:auto_generated|_~55             ; out0             ;
; |memctrl|asyncram:inst|lpm_mux:mem_rtl_5|mux_joc:auto_generated|_~56             ; |memctrl|asyncram:inst|lpm_mux:mem_rtl_5|mux_joc:auto_generated|_~56             ; out0             ;
; |memctrl|asyncram:inst|lpm_mux:mem_rtl_5|mux_joc:auto_generated|_~57             ; |memctrl|asyncram:inst|lpm_mux:mem_rtl_5|mux_joc:auto_generated|_~57             ; out0             ;
; |memctrl|asyncram:inst|lpm_mux:mem_rtl_5|mux_joc:auto_generated|_~58             ; |memctrl|asyncram:inst|lpm_mux:mem_rtl_5|mux_joc:auto_generated|_~58             ; out0             ;
; |memctrl|asyncram:inst|lpm_mux:mem_rtl_5|mux_joc:auto_generated|_~59             ; |memctrl|asyncram:inst|lpm_mux:mem_rtl_5|mux_joc:auto_generated|_~59             ; out0             ;
; |memctrl|asyncram:inst|lpm_mux:mem_rtl_5|mux_joc:auto_generated|_~60             ; |memctrl|asyncram:inst|lpm_mux:mem_rtl_5|mux_joc:auto_generated|_~60             ; out0             ;
; |memctrl|asyncram:inst|lpm_mux:mem_rtl_5|mux_joc:auto_generated|_~62             ; |memctrl|asyncram:inst|lpm_mux:mem_rtl_5|mux_joc:auto_generated|_~62             ; out0             ;
; |memctrl|asyncram:inst|lpm_mux:mem_rtl_5|mux_joc:auto_generated|_~63             ; |memctrl|asyncram:inst|lpm_mux:mem_rtl_5|mux_joc:auto_generated|_~63             ; out0             ;
; |memctrl|asyncram:inst|lpm_mux:mem_rtl_5|mux_joc:auto_generated|_~64             ; |memctrl|asyncram:inst|lpm_mux:mem_rtl_5|mux_joc:auto_generated|_~64             ; out0             ;
; |memctrl|asyncram:inst|lpm_mux:mem_rtl_5|mux_joc:auto_generated|_~66             ; |memctrl|asyncram:inst|lpm_mux:mem_rtl_5|mux_joc:auto_generated|_~66             ; out0             ;
; |memctrl|asyncram:inst|lpm_mux:mem_rtl_5|mux_joc:auto_generated|_~67             ; |memctrl|asyncram:inst|lpm_mux:mem_rtl_5|mux_joc:auto_generated|_~67             ; out0             ;
; |memctrl|asyncram:inst|lpm_mux:mem_rtl_5|mux_joc:auto_generated|_~68             ; |memctrl|asyncram:inst|lpm_mux:mem_rtl_5|mux_joc:auto_generated|_~68             ; out0             ;
; |memctrl|asyncram:inst|lpm_mux:mem_rtl_5|mux_joc:auto_generated|_~69             ; |memctrl|asyncram:inst|lpm_mux:mem_rtl_5|mux_joc:auto_generated|_~69             ; out0             ;
; |memctrl|asyncram:inst|lpm_mux:mem_rtl_5|mux_joc:auto_generated|_~70             ; |memctrl|asyncram:inst|lpm_mux:mem_rtl_5|mux_joc:auto_generated|_~70             ; out0             ;
; |memctrl|asyncram:inst|lpm_mux:mem_rtl_5|mux_joc:auto_generated|_~71             ; |memctrl|asyncram:inst|lpm_mux:mem_rtl_5|mux_joc:auto_generated|_~71             ; out0             ;
; |memctrl|asyncram:inst|lpm_mux:mem_rtl_5|mux_joc:auto_generated|result_node[0]~0 ; |memctrl|asyncram:inst|lpm_mux:mem_rtl_5|mux_joc:auto_generated|result_node[0]~0 ; out0             ;
; |memctrl|asyncram:inst|lpm_mux:mem_rtl_5|mux_joc:auto_generated|_~72             ; |memctrl|asyncram:inst|lpm_mux:mem_rtl_5|mux_joc:auto_generated|_~72             ; out0             ;
; |memctrl|asyncram:inst|lpm_mux:mem_rtl_5|mux_joc:auto_generated|_~73             ; |memctrl|asyncram:inst|lpm_mux:mem_rtl_5|mux_joc:auto_generated|_~73             ; out0             ;
; |memctrl|asyncram:inst|lpm_mux:mem_rtl_5|mux_joc:auto_generated|_~74             ; |memctrl|asyncram:inst|lpm_mux:mem_rtl_5|mux_joc:auto_generated|_~74             ; out0             ;
; |memctrl|asyncram:inst|lpm_mux:mem_rtl_5|mux_joc:auto_generated|_~75             ; |memctrl|asyncram:inst|lpm_mux:mem_rtl_5|mux_joc:auto_generated|_~75             ; out0             ;
; |memctrl|asyncram:inst|lpm_mux:mem_rtl_5|mux_joc:auto_generated|_~76             ; |memctrl|asyncram:inst|lpm_mux:mem_rtl_5|mux_joc:auto_generated|_~76             ; out0             ;
; |memctrl|asyncram:inst|lpm_mux:mem_rtl_5|mux_joc:auto_generated|_~78             ; |memctrl|asyncram:inst|lpm_mux:mem_rtl_5|mux_joc:auto_generated|_~78             ; out0             ;
; |memctrl|asyncram:inst|lpm_mux:mem_rtl_5|mux_joc:auto_generated|_~79             ; |memctrl|asyncram:inst|lpm_mux:mem_rtl_5|mux_joc:auto_generated|_~79             ; out0             ;
; |memctrl|asyncram:inst|lpm_mux:mem_rtl_5|mux_joc:auto_generated|_~80             ; |memctrl|asyncram:inst|lpm_mux:mem_rtl_5|mux_joc:auto_generated|_~80             ; out0             ;
; |memctrl|asyncram:inst|lpm_mux:mem_rtl_5|mux_joc:auto_generated|_~81             ; |memctrl|asyncram:inst|lpm_mux:mem_rtl_5|mux_joc:auto_generated|_~81             ; out0             ;
; |memctrl|asyncram:inst|lpm_mux:mem_rtl_5|mux_joc:auto_generated|_~82             ; |memctrl|asyncram:inst|lpm_mux:mem_rtl_5|mux_joc:auto_generated|_~82             ; out0             ;
; |memctrl|asyncram:inst|lpm_mux:mem_rtl_5|mux_joc:auto_generated|_~83             ; |memctrl|asyncram:inst|lpm_mux:mem_rtl_5|mux_joc:auto_generated|_~83             ; out0             ;
; |memctrl|asyncram:inst|lpm_mux:mem_rtl_5|mux_joc:auto_generated|_~84             ; |memctrl|asyncram:inst|lpm_mux:mem_rtl_5|mux_joc:auto_generated|_~84             ; out0             ;
; |memctrl|asyncram:inst|lpm_mux:mem_rtl_5|mux_joc:auto_generated|_~85             ; |memctrl|asyncram:inst|lpm_mux:mem_rtl_5|mux_joc:auto_generated|_~85             ; out0             ;
; |memctrl|asyncram:inst|lpm_mux:mem_rtl_5|mux_joc:auto_generated|_~87             ; |memctrl|asyncram:inst|lpm_mux:mem_rtl_5|mux_joc:auto_generated|_~87             ; out0             ;
; |memctrl|asyncram:inst|lpm_mux:mem_rtl_5|mux_joc:auto_generated|_~88             ; |memctrl|asyncram:inst|lpm_mux:mem_rtl_5|mux_joc:auto_generated|_~88             ; out0             ;
; |memctrl|asyncram:inst|lpm_mux:mem_rtl_5|mux_joc:auto_generated|_~89             ; |memctrl|asyncram:inst|lpm_mux:mem_rtl_5|mux_joc:auto_generated|_~89             ; out0             ;
; |memctrl|asyncram:inst|lpm_mux:mem_rtl_5|mux_joc:auto_generated|_~90             ; |memctrl|asyncram:inst|lpm_mux:mem_rtl_5|mux_joc:auto_generated|_~90             ; out0             ;
; |memctrl|asyncram:inst|lpm_mux:mem_rtl_5|mux_joc:auto_generated|_~91             ; |memctrl|asyncram:inst|lpm_mux:mem_rtl_5|mux_joc:auto_generated|_~91             ; out0             ;
; |memctrl|asyncram:inst|lpm_mux:mem_rtl_5|mux_joc:auto_generated|_~92             ; |memctrl|asyncram:inst|lpm_mux:mem_rtl_5|mux_joc:auto_generated|_~92             ; out0             ;
; |memctrl|asyncram:inst|lpm_mux:mem_rtl_5|mux_joc:auto_generated|_~93             ; |memctrl|asyncram:inst|lpm_mux:mem_rtl_5|mux_joc:auto_generated|_~93             ; out0             ;
; |memctrl|asyncram:inst|lpm_mux:mem_rtl_5|mux_joc:auto_generated|_~94             ; |memctrl|asyncram:inst|lpm_mux:mem_rtl_5|mux_joc:auto_generated|_~94             ; out0             ;
; |memctrl|asyncram:inst|lpm_mux:mem_rtl_5|mux_joc:auto_generated|_~95             ; |memctrl|asyncram:inst|lpm_mux:mem_rtl_5|mux_joc:auto_generated|_~95             ; out0             ;
; |memctrl|asyncram:inst|lpm_mux:mem_rtl_5|mux_joc:auto_generated|_~96             ; |memctrl|asyncram:inst|lpm_mux:mem_rtl_5|mux_joc:auto_generated|_~96             ; out0             ;
; |memctrl|asyncram:inst|lpm_mux:mem_rtl_5|mux_joc:auto_generated|_~97             ; |memctrl|asyncram:inst|lpm_mux:mem_rtl_5|mux_joc:auto_generated|_~97             ; out0             ;
; |memctrl|asyncram:inst|lpm_mux:mem_rtl_5|mux_joc:auto_generated|_~98             ; |memctrl|asyncram:inst|lpm_mux:mem_rtl_5|mux_joc:auto_generated|_~98             ; out0             ;
; |memctrl|asyncram:inst|lpm_mux:mem_rtl_5|mux_joc:auto_generated|_~99             ; |memctrl|asyncram:inst|lpm_mux:mem_rtl_5|mux_joc:auto_generated|_~99             ; out0             ;
; |memctrl|asyncram:inst|lpm_mux:mem_rtl_5|mux_joc:auto_generated|_~100            ; |memctrl|asyncram:inst|lpm_mux:mem_rtl_5|mux_joc:auto_generated|_~100            ; out0             ;
; |memctrl|asyncram:inst|lpm_mux:mem_rtl_5|mux_joc:auto_generated|_~101            ; |memctrl|asyncram:inst|lpm_mux:mem_rtl_5|mux_joc:auto_generated|_~101            ; out0             ;
; |memctrl|asyncram:inst|lpm_mux:mem_rtl_5|mux_joc:auto_generated|_~103            ; |memctrl|asyncram:inst|lpm_mux:mem_rtl_5|mux_joc:auto_generated|_~103            ; out0             ;
; |memctrl|asyncram:inst|lpm_mux:mem_rtl_5|mux_joc:auto_generated|_~104            ; |memctrl|asyncram:inst|lpm_mux:mem_rtl_5|mux_joc:auto_generated|_~104            ; out0             ;
; |memctrl|asyncram:inst|lpm_mux:mem_rtl_5|mux_joc:auto_generated|_~105            ; |memctrl|asyncram:inst|lpm_mux:mem_rtl_5|mux_joc:auto_generated|_~105            ; out0             ;
; |memctrl|asyncram:inst|lpm_mux:mem_rtl_5|mux_joc:auto_generated|_~106            ; |memctrl|asyncram:inst|lpm_mux:mem_rtl_5|mux_joc:auto_generated|_~106            ; out0             ;
; |memctrl|asyncram:inst|lpm_mux:mem_rtl_5|mux_joc:auto_generated|_~107            ; |memctrl|asyncram:inst|lpm_mux:mem_rtl_5|mux_joc:auto_generated|_~107            ; out0             ;
; |memctrl|asyncram:inst|lpm_mux:mem_rtl_5|mux_joc:auto_generated|_~108            ; |memctrl|asyncram:inst|lpm_mux:mem_rtl_5|mux_joc:auto_generated|_~108            ; out0             ;
; |memctrl|asyncram:inst|lpm_mux:mem_rtl_5|mux_joc:auto_generated|_~109            ; |memctrl|asyncram:inst|lpm_mux:mem_rtl_5|mux_joc:auto_generated|_~109            ; out0             ;
; |memctrl|asyncram:inst|lpm_mux:mem_rtl_5|mux_joc:auto_generated|_~110            ; |memctrl|asyncram:inst|lpm_mux:mem_rtl_5|mux_joc:auto_generated|_~110            ; out0             ;
; |memctrl|asyncram:inst|lpm_mux:mem_rtl_5|mux_joc:auto_generated|_~112            ; |memctrl|asyncram:inst|lpm_mux:mem_rtl_5|mux_joc:auto_generated|_~112            ; out0             ;
; |memctrl|asyncram:inst|lpm_mux:mem_rtl_5|mux_joc:auto_generated|_~113            ; |memctrl|asyncram:inst|lpm_mux:mem_rtl_5|mux_joc:auto_generated|_~113            ; out0             ;
; |memctrl|asyncram:inst|lpm_mux:mem_rtl_5|mux_joc:auto_generated|_~114            ; |memctrl|asyncram:inst|lpm_mux:mem_rtl_5|mux_joc:auto_generated|_~114            ; out0             ;
; |memctrl|asyncram:inst|lpm_mux:mem_rtl_5|mux_joc:auto_generated|_~116            ; |memctrl|asyncram:inst|lpm_mux:mem_rtl_5|mux_joc:auto_generated|_~116            ; out0             ;
; |memctrl|asyncram:inst|lpm_mux:mem_rtl_5|mux_joc:auto_generated|_~117            ; |memctrl|asyncram:inst|lpm_mux:mem_rtl_5|mux_joc:auto_generated|_~117            ; out0             ;
; |memctrl|asyncram:inst|lpm_mux:mem_rtl_5|mux_joc:auto_generated|_~118            ; |memctrl|asyncram:inst|lpm_mux:mem_rtl_5|mux_joc:auto_generated|_~118            ; out0             ;
; |memctrl|asyncram:inst|lpm_mux:mem_rtl_5|mux_joc:auto_generated|_~119            ; |memctrl|asyncram:inst|lpm_mux:mem_rtl_5|mux_joc:auto_generated|_~119            ; out0             ;
; |memctrl|asyncram:inst|lpm_mux:mem_rtl_5|mux_joc:auto_generated|_~120            ; |memctrl|asyncram:inst|lpm_mux:mem_rtl_5|mux_joc:auto_generated|_~120            ; out0             ;
; |memctrl|asyncram:inst|lpm_mux:mem_rtl_5|mux_joc:auto_generated|_~122            ; |memctrl|asyncram:inst|lpm_mux:mem_rtl_5|mux_joc:auto_generated|_~122            ; out0             ;
; |memctrl|asyncram:inst|lpm_mux:mem_rtl_5|mux_joc:auto_generated|_~124            ; |memctrl|asyncram:inst|lpm_mux:mem_rtl_5|mux_joc:auto_generated|_~124            ; out0             ;
; |memctrl|asyncram:inst|lpm_mux:mem_rtl_5|mux_joc:auto_generated|_~127            ; |memctrl|asyncram:inst|lpm_mux:mem_rtl_5|mux_joc:auto_generated|_~127            ; out0             ;
; |memctrl|asyncram:inst|lpm_mux:mem_rtl_5|mux_joc:auto_generated|_~128            ; |memctrl|asyncram:inst|lpm_mux:mem_rtl_5|mux_joc:auto_generated|_~128            ; out0             ;
; |memctrl|asyncram:inst|lpm_mux:mem_rtl_5|mux_joc:auto_generated|_~129            ; |memctrl|asyncram:inst|lpm_mux:mem_rtl_5|mux_joc:auto_generated|_~129            ; out0             ;
; |memctrl|asyncram:inst|lpm_mux:mem_rtl_5|mux_joc:auto_generated|_~131            ; |memctrl|asyncram:inst|lpm_mux:mem_rtl_5|mux_joc:auto_generated|_~131            ; out0             ;
; |memctrl|asyncram:inst|lpm_mux:mem_rtl_5|mux_joc:auto_generated|_~133            ; |memctrl|asyncram:inst|lpm_mux:mem_rtl_5|mux_joc:auto_generated|_~133            ; out0             ;
; |memctrl|asyncram:inst|lpm_mux:mem_rtl_5|mux_joc:auto_generated|_~136            ; |memctrl|asyncram:inst|lpm_mux:mem_rtl_5|mux_joc:auto_generated|_~136            ; out0             ;
; |memctrl|asyncram:inst|lpm_mux:mem_rtl_5|mux_joc:auto_generated|_~137            ; |memctrl|asyncram:inst|lpm_mux:mem_rtl_5|mux_joc:auto_generated|_~137            ; out0             ;
; |memctrl|asyncram:inst|lpm_mux:mem_rtl_5|mux_joc:auto_generated|_~138            ; |memctrl|asyncram:inst|lpm_mux:mem_rtl_5|mux_joc:auto_generated|_~138            ; out0             ;
; |memctrl|asyncram:inst|lpm_mux:mem_rtl_5|mux_joc:auto_generated|_~142            ; |memctrl|asyncram:inst|lpm_mux:mem_rtl_5|mux_joc:auto_generated|_~142            ; out0             ;
; |memctrl|asyncram:inst|lpm_mux:mem_rtl_5|mux_joc:auto_generated|_~143            ; |memctrl|asyncram:inst|lpm_mux:mem_rtl_5|mux_joc:auto_generated|_~143            ; out0             ;
; |memctrl|asyncram:inst|lpm_mux:mem_rtl_5|mux_joc:auto_generated|result_node[0]~1 ; |memctrl|asyncram:inst|lpm_mux:mem_rtl_5|mux_joc:auto_generated|result_node[0]~1 ; out0             ;
; |memctrl|asyncram:inst|lpm_mux:mem_rtl_5|mux_joc:auto_generated|result_node[0]   ; |memctrl|asyncram:inst|lpm_mux:mem_rtl_5|mux_joc:auto_generated|result_node[0]   ; out0             ;
; |memctrl|asyncram:inst|lpm_mux:mem_rtl_4|mux_joc:auto_generated|_~0              ; |memctrl|asyncram:inst|lpm_mux:mem_rtl_4|mux_joc:auto_generated|_~0              ; out0             ;
; |memctrl|asyncram:inst|lpm_mux:mem_rtl_4|mux_joc:auto_generated|_~1              ; |memctrl|asyncram:inst|lpm_mux:mem_rtl_4|mux_joc:auto_generated|_~1              ; out0             ;
; |memctrl|asyncram:inst|lpm_mux:mem_rtl_4|mux_joc:auto_generated|_~2              ; |memctrl|asyncram:inst|lpm_mux:mem_rtl_4|mux_joc:auto_generated|_~2              ; out0             ;
; |memctrl|asyncram:inst|lpm_mux:mem_rtl_4|mux_joc:auto_generated|_~3              ; |memctrl|asyncram:inst|lpm_mux:mem_rtl_4|mux_joc:auto_generated|_~3              ; out0             ;
; |memctrl|asyncram:inst|lpm_mux:mem_rtl_4|mux_joc:auto_generated|_~4              ; |memctrl|asyncram:inst|lpm_mux:mem_rtl_4|mux_joc:auto_generated|_~4              ; out0             ;
; |memctrl|asyncram:inst|lpm_mux:mem_rtl_4|mux_joc:auto_generated|_~6              ; |memctrl|asyncram:inst|lpm_mux:mem_rtl_4|mux_joc:auto_generated|_~6              ; out0             ;
; |memctrl|asyncram:inst|lpm_mux:mem_rtl_4|mux_joc:auto_generated|_~7              ; |memctrl|asyncram:inst|lpm_mux:mem_rtl_4|mux_joc:auto_generated|_~7              ; out0             ;
; |memctrl|asyncram:inst|lpm_mux:mem_rtl_4|mux_joc:auto_generated|_~8              ; |memctrl|asyncram:inst|lpm_mux:mem_rtl_4|mux_joc:auto_generated|_~8              ; out0             ;
; |memctrl|asyncram:inst|lpm_mux:mem_rtl_4|mux_joc:auto_generated|_~9              ; |memctrl|asyncram:inst|lpm_mux:mem_rtl_4|mux_joc:auto_generated|_~9              ; out0             ;
; |memctrl|asyncram:inst|lpm_mux:mem_rtl_4|mux_joc:auto_generated|_~10             ; |memctrl|asyncram:inst|lpm_mux:mem_rtl_4|mux_joc:auto_generated|_~10             ; out0             ;
; |memctrl|asyncram:inst|lpm_mux:mem_rtl_4|mux_joc:auto_generated|_~11             ; |memctrl|asyncram:inst|lpm_mux:mem_rtl_4|mux_joc:auto_generated|_~11             ; out0             ;
; |memctrl|asyncram:inst|lpm_mux:mem_rtl_4|mux_joc:auto_generated|_~12             ; |memctrl|asyncram:inst|lpm_mux:mem_rtl_4|mux_joc:auto_generated|_~12             ; out0             ;
; |memctrl|asyncram:inst|lpm_mux:mem_rtl_4|mux_joc:auto_generated|_~13             ; |memctrl|asyncram:inst|lpm_mux:mem_rtl_4|mux_joc:auto_generated|_~13             ; out0             ;
; |memctrl|asyncram:inst|lpm_mux:mem_rtl_4|mux_joc:auto_generated|_~15             ; |memctrl|asyncram:inst|lpm_mux:mem_rtl_4|mux_joc:auto_generated|_~15             ; out0             ;
; |memctrl|asyncram:inst|lpm_mux:mem_rtl_4|mux_joc:auto_generated|_~16             ; |memctrl|asyncram:inst|lpm_mux:mem_rtl_4|mux_joc:auto_generated|_~16             ; out0             ;
; |memctrl|asyncram:inst|lpm_mux:mem_rtl_4|mux_joc:auto_generated|_~17             ; |memctrl|asyncram:inst|lpm_mux:mem_rtl_4|mux_joc:auto_generated|_~17             ; out0             ;
; |memctrl|asyncram:inst|lpm_mux:mem_rtl_4|mux_joc:auto_generated|_~18             ; |memctrl|asyncram:inst|lpm_mux:mem_rtl_4|mux_joc:auto_generated|_~18             ; out0             ;
; |memctrl|asyncram:inst|lpm_mux:mem_rtl_4|mux_joc:auto_generated|_~19             ; |memctrl|asyncram:inst|lpm_mux:mem_rtl_4|mux_joc:auto_generated|_~19             ; out0             ;
; |memctrl|asyncram:inst|lpm_mux:mem_rtl_4|mux_joc:auto_generated|_~20             ; |memctrl|asyncram:inst|lpm_mux:mem_rtl_4|mux_joc:auto_generated|_~20             ; out0             ;
; |memctrl|asyncram:inst|lpm_mux:mem_rtl_4|mux_joc:auto_generated|_~21             ; |memctrl|asyncram:inst|lpm_mux:mem_rtl_4|mux_joc:auto_generated|_~21             ; out0             ;
; |memctrl|asyncram:inst|lpm_mux:mem_rtl_4|mux_joc:auto_generated|_~23             ; |memctrl|asyncram:inst|lpm_mux:mem_rtl_4|mux_joc:auto_generated|_~23             ; out0             ;
; |memctrl|asyncram:inst|lpm_mux:mem_rtl_4|mux_joc:auto_generated|_~25             ; |memctrl|asyncram:inst|lpm_mux:mem_rtl_4|mux_joc:auto_generated|_~25             ; out0             ;
; |memctrl|asyncram:inst|lpm_mux:mem_rtl_4|mux_joc:auto_generated|_~27             ; |memctrl|asyncram:inst|lpm_mux:mem_rtl_4|mux_joc:auto_generated|_~27             ; out0             ;
; |memctrl|asyncram:inst|lpm_mux:mem_rtl_4|mux_joc:auto_generated|_~28             ; |memctrl|asyncram:inst|lpm_mux:mem_rtl_4|mux_joc:auto_generated|_~28             ; out0             ;
; |memctrl|asyncram:inst|lpm_mux:mem_rtl_4|mux_joc:auto_generated|_~29             ; |memctrl|asyncram:inst|lpm_mux:mem_rtl_4|mux_joc:auto_generated|_~29             ; out0             ;
; |memctrl|asyncram:inst|lpm_mux:mem_rtl_4|mux_joc:auto_generated|_~30             ; |memctrl|asyncram:inst|lpm_mux:mem_rtl_4|mux_joc:auto_generated|_~30             ; out0             ;
; |memctrl|asyncram:inst|lpm_mux:mem_rtl_4|mux_joc:auto_generated|_~32             ; |memctrl|asyncram:inst|lpm_mux:mem_rtl_4|mux_joc:auto_generated|_~32             ; out0             ;
; |memctrl|asyncram:inst|lpm_mux:mem_rtl_4|mux_joc:auto_generated|_~34             ; |memctrl|asyncram:inst|lpm_mux:mem_rtl_4|mux_joc:auto_generated|_~34             ; out0             ;
; |memctrl|asyncram:inst|lpm_mux:mem_rtl_4|mux_joc:auto_generated|_~36             ; |memctrl|asyncram:inst|lpm_mux:mem_rtl_4|mux_joc:auto_generated|_~36             ; out0             ;
; |memctrl|asyncram:inst|lpm_mux:mem_rtl_4|mux_joc:auto_generated|_~37             ; |memctrl|asyncram:inst|lpm_mux:mem_rtl_4|mux_joc:auto_generated|_~37             ; out0             ;
; |memctrl|asyncram:inst|lpm_mux:mem_rtl_4|mux_joc:auto_generated|_~38             ; |memctrl|asyncram:inst|lpm_mux:mem_rtl_4|mux_joc:auto_generated|_~38             ; out0             ;
; |memctrl|asyncram:inst|lpm_mux:mem_rtl_4|mux_joc:auto_generated|_~39             ; |memctrl|asyncram:inst|lpm_mux:mem_rtl_4|mux_joc:auto_generated|_~39             ; out0             ;
; |memctrl|asyncram:inst|lpm_mux:mem_rtl_4|mux_joc:auto_generated|_~40             ; |memctrl|asyncram:inst|lpm_mux:mem_rtl_4|mux_joc:auto_generated|_~40             ; out0             ;
; |memctrl|asyncram:inst|lpm_mux:mem_rtl_4|mux_joc:auto_generated|_~41             ; |memctrl|asyncram:inst|lpm_mux:mem_rtl_4|mux_joc:auto_generated|_~41             ; out0             ;
; |memctrl|asyncram:inst|lpm_mux:mem_rtl_4|mux_joc:auto_generated|_~42             ; |memctrl|asyncram:inst|lpm_mux:mem_rtl_4|mux_joc:auto_generated|_~42             ; out0             ;
; |memctrl|asyncram:inst|lpm_mux:mem_rtl_4|mux_joc:auto_generated|_~43             ; |memctrl|asyncram:inst|lpm_mux:mem_rtl_4|mux_joc:auto_generated|_~43             ; out0             ;
; |memctrl|asyncram:inst|lpm_mux:mem_rtl_4|mux_joc:auto_generated|_~44             ; |memctrl|asyncram:inst|lpm_mux:mem_rtl_4|mux_joc:auto_generated|_~44             ; out0             ;
; |memctrl|asyncram:inst|lpm_mux:mem_rtl_4|mux_joc:auto_generated|_~45             ; |memctrl|asyncram:inst|lpm_mux:mem_rtl_4|mux_joc:auto_generated|_~45             ; out0             ;
; |memctrl|asyncram:inst|lpm_mux:mem_rtl_4|mux_joc:auto_generated|_~46             ; |memctrl|asyncram:inst|lpm_mux:mem_rtl_4|mux_joc:auto_generated|_~46             ; out0             ;
; |memctrl|asyncram:inst|lpm_mux:mem_rtl_4|mux_joc:auto_generated|_~47             ; |memctrl|asyncram:inst|lpm_mux:mem_rtl_4|mux_joc:auto_generated|_~47             ; out0             ;
; |memctrl|asyncram:inst|lpm_mux:mem_rtl_4|mux_joc:auto_generated|_~48             ; |memctrl|asyncram:inst|lpm_mux:mem_rtl_4|mux_joc:auto_generated|_~48             ; out0             ;
; |memctrl|asyncram:inst|lpm_mux:mem_rtl_4|mux_joc:auto_generated|_~49             ; |memctrl|asyncram:inst|lpm_mux:mem_rtl_4|mux_joc:auto_generated|_~49             ; out0             ;
; |memctrl|asyncram:inst|lpm_mux:mem_rtl_4|mux_joc:auto_generated|_~50             ; |memctrl|asyncram:inst|lpm_mux:mem_rtl_4|mux_joc:auto_generated|_~50             ; out0             ;
; |memctrl|asyncram:inst|lpm_mux:mem_rtl_4|mux_joc:auto_generated|_~51             ; |memctrl|asyncram:inst|lpm_mux:mem_rtl_4|mux_joc:auto_generated|_~51             ; out0             ;
; |memctrl|asyncram:inst|lpm_mux:mem_rtl_4|mux_joc:auto_generated|_~53             ; |memctrl|asyncram:inst|lpm_mux:mem_rtl_4|mux_joc:auto_generated|_~53             ; out0             ;
; |memctrl|asyncram:inst|lpm_mux:mem_rtl_4|mux_joc:auto_generated|_~54             ; |memctrl|asyncram:inst|lpm_mux:mem_rtl_4|mux_joc:auto_generated|_~54             ; out0             ;
; |memctrl|asyncram:inst|lpm_mux:mem_rtl_4|mux_joc:auto_generated|_~55             ; |memctrl|asyncram:inst|lpm_mux:mem_rtl_4|mux_joc:auto_generated|_~55             ; out0             ;
; |memctrl|asyncram:inst|lpm_mux:mem_rtl_4|mux_joc:auto_generated|_~56             ; |memctrl|asyncram:inst|lpm_mux:mem_rtl_4|mux_joc:auto_generated|_~56             ; out0             ;
; |memctrl|asyncram:inst|lpm_mux:mem_rtl_4|mux_joc:auto_generated|_~57             ; |memctrl|asyncram:inst|lpm_mux:mem_rtl_4|mux_joc:auto_generated|_~57             ; out0             ;
; |memctrl|asyncram:inst|lpm_mux:mem_rtl_4|mux_joc:auto_generated|_~58             ; |memctrl|asyncram:inst|lpm_mux:mem_rtl_4|mux_joc:auto_generated|_~58             ; out0             ;
; |memctrl|asyncram:inst|lpm_mux:mem_rtl_4|mux_joc:auto_generated|_~59             ; |memctrl|asyncram:inst|lpm_mux:mem_rtl_4|mux_joc:auto_generated|_~59             ; out0             ;
; |memctrl|asyncram:inst|lpm_mux:mem_rtl_4|mux_joc:auto_generated|_~60             ; |memctrl|asyncram:inst|lpm_mux:mem_rtl_4|mux_joc:auto_generated|_~60             ; out0             ;
; |memctrl|asyncram:inst|lpm_mux:mem_rtl_4|mux_joc:auto_generated|_~62             ; |memctrl|asyncram:inst|lpm_mux:mem_rtl_4|mux_joc:auto_generated|_~62             ; out0             ;
; |memctrl|asyncram:inst|lpm_mux:mem_rtl_4|mux_joc:auto_generated|_~63             ; |memctrl|asyncram:inst|lpm_mux:mem_rtl_4|mux_joc:auto_generated|_~63             ; out0             ;
; |memctrl|asyncram:inst|lpm_mux:mem_rtl_4|mux_joc:auto_generated|_~64             ; |memctrl|asyncram:inst|lpm_mux:mem_rtl_4|mux_joc:auto_generated|_~64             ; out0             ;
; |memctrl|asyncram:inst|lpm_mux:mem_rtl_4|mux_joc:auto_generated|_~66             ; |memctrl|asyncram:inst|lpm_mux:mem_rtl_4|mux_joc:auto_generated|_~66             ; out0             ;
; |memctrl|asyncram:inst|lpm_mux:mem_rtl_4|mux_joc:auto_generated|_~67             ; |memctrl|asyncram:inst|lpm_mux:mem_rtl_4|mux_joc:auto_generated|_~67             ; out0             ;
; |memctrl|asyncram:inst|lpm_mux:mem_rtl_4|mux_joc:auto_generated|_~68             ; |memctrl|asyncram:inst|lpm_mux:mem_rtl_4|mux_joc:auto_generated|_~68             ; out0             ;
; |memctrl|asyncram:inst|lpm_mux:mem_rtl_4|mux_joc:auto_generated|_~69             ; |memctrl|asyncram:inst|lpm_mux:mem_rtl_4|mux_joc:auto_generated|_~69             ; out0             ;
; |memctrl|asyncram:inst|lpm_mux:mem_rtl_4|mux_joc:auto_generated|_~70             ; |memctrl|asyncram:inst|lpm_mux:mem_rtl_4|mux_joc:auto_generated|_~70             ; out0             ;
; |memctrl|asyncram:inst|lpm_mux:mem_rtl_4|mux_joc:auto_generated|_~71             ; |memctrl|asyncram:inst|lpm_mux:mem_rtl_4|mux_joc:auto_generated|_~71             ; out0             ;
; |memctrl|asyncram:inst|lpm_mux:mem_rtl_4|mux_joc:auto_generated|result_node[0]~0 ; |memctrl|asyncram:inst|lpm_mux:mem_rtl_4|mux_joc:auto_generated|result_node[0]~0 ; out0             ;
; |memctrl|asyncram:inst|lpm_mux:mem_rtl_4|mux_joc:auto_generated|_~73             ; |memctrl|asyncram:inst|lpm_mux:mem_rtl_4|mux_joc:auto_generated|_~73             ; out0             ;
; |memctrl|asyncram:inst|lpm_mux:mem_rtl_4|mux_joc:auto_generated|_~75             ; |memctrl|asyncram:inst|lpm_mux:mem_rtl_4|mux_joc:auto_generated|_~75             ; out0             ;
; |memctrl|asyncram:inst|lpm_mux:mem_rtl_4|mux_joc:auto_generated|_~77             ; |memctrl|asyncram:inst|lpm_mux:mem_rtl_4|mux_joc:auto_generated|_~77             ; out0             ;
; |memctrl|asyncram:inst|lpm_mux:mem_rtl_4|mux_joc:auto_generated|_~78             ; |memctrl|asyncram:inst|lpm_mux:mem_rtl_4|mux_joc:auto_generated|_~78             ; out0             ;
; |memctrl|asyncram:inst|lpm_mux:mem_rtl_4|mux_joc:auto_generated|_~79             ; |memctrl|asyncram:inst|lpm_mux:mem_rtl_4|mux_joc:auto_generated|_~79             ; out0             ;
; |memctrl|asyncram:inst|lpm_mux:mem_rtl_4|mux_joc:auto_generated|_~80             ; |memctrl|asyncram:inst|lpm_mux:mem_rtl_4|mux_joc:auto_generated|_~80             ; out0             ;
; |memctrl|asyncram:inst|lpm_mux:mem_rtl_4|mux_joc:auto_generated|_~82             ; |memctrl|asyncram:inst|lpm_mux:mem_rtl_4|mux_joc:auto_generated|_~82             ; out0             ;
; |memctrl|asyncram:inst|lpm_mux:mem_rtl_4|mux_joc:auto_generated|_~84             ; |memctrl|asyncram:inst|lpm_mux:mem_rtl_4|mux_joc:auto_generated|_~84             ; out0             ;
; |memctrl|asyncram:inst|lpm_mux:mem_rtl_4|mux_joc:auto_generated|_~86             ; |memctrl|asyncram:inst|lpm_mux:mem_rtl_4|mux_joc:auto_generated|_~86             ; out0             ;
; |memctrl|asyncram:inst|lpm_mux:mem_rtl_4|mux_joc:auto_generated|_~87             ; |memctrl|asyncram:inst|lpm_mux:mem_rtl_4|mux_joc:auto_generated|_~87             ; out0             ;
; |memctrl|asyncram:inst|lpm_mux:mem_rtl_4|mux_joc:auto_generated|_~88             ; |memctrl|asyncram:inst|lpm_mux:mem_rtl_4|mux_joc:auto_generated|_~88             ; out0             ;
; |memctrl|asyncram:inst|lpm_mux:mem_rtl_4|mux_joc:auto_generated|_~89             ; |memctrl|asyncram:inst|lpm_mux:mem_rtl_4|mux_joc:auto_generated|_~89             ; out0             ;
; |memctrl|asyncram:inst|lpm_mux:mem_rtl_4|mux_joc:auto_generated|_~90             ; |memctrl|asyncram:inst|lpm_mux:mem_rtl_4|mux_joc:auto_generated|_~90             ; out0             ;
; |memctrl|asyncram:inst|lpm_mux:mem_rtl_4|mux_joc:auto_generated|_~91             ; |memctrl|asyncram:inst|lpm_mux:mem_rtl_4|mux_joc:auto_generated|_~91             ; out0             ;
; |memctrl|asyncram:inst|lpm_mux:mem_rtl_4|mux_joc:auto_generated|_~92             ; |memctrl|asyncram:inst|lpm_mux:mem_rtl_4|mux_joc:auto_generated|_~92             ; out0             ;
; |memctrl|asyncram:inst|lpm_mux:mem_rtl_4|mux_joc:auto_generated|_~93             ; |memctrl|asyncram:inst|lpm_mux:mem_rtl_4|mux_joc:auto_generated|_~93             ; out0             ;
; |memctrl|asyncram:inst|lpm_mux:mem_rtl_4|mux_joc:auto_generated|_~94             ; |memctrl|asyncram:inst|lpm_mux:mem_rtl_4|mux_joc:auto_generated|_~94             ; out0             ;
; |memctrl|asyncram:inst|lpm_mux:mem_rtl_4|mux_joc:auto_generated|_~95             ; |memctrl|asyncram:inst|lpm_mux:mem_rtl_4|mux_joc:auto_generated|_~95             ; out0             ;
; |memctrl|asyncram:inst|lpm_mux:mem_rtl_4|mux_joc:auto_generated|_~96             ; |memctrl|asyncram:inst|lpm_mux:mem_rtl_4|mux_joc:auto_generated|_~96             ; out0             ;
; |memctrl|asyncram:inst|lpm_mux:mem_rtl_4|mux_joc:auto_generated|_~97             ; |memctrl|asyncram:inst|lpm_mux:mem_rtl_4|mux_joc:auto_generated|_~97             ; out0             ;
; |memctrl|asyncram:inst|lpm_mux:mem_rtl_4|mux_joc:auto_generated|_~98             ; |memctrl|asyncram:inst|lpm_mux:mem_rtl_4|mux_joc:auto_generated|_~98             ; out0             ;
; |memctrl|asyncram:inst|lpm_mux:mem_rtl_4|mux_joc:auto_generated|_~99             ; |memctrl|asyncram:inst|lpm_mux:mem_rtl_4|mux_joc:auto_generated|_~99             ; out0             ;
; |memctrl|asyncram:inst|lpm_mux:mem_rtl_4|mux_joc:auto_generated|_~100            ; |memctrl|asyncram:inst|lpm_mux:mem_rtl_4|mux_joc:auto_generated|_~100            ; out0             ;
; |memctrl|asyncram:inst|lpm_mux:mem_rtl_4|mux_joc:auto_generated|_~101            ; |memctrl|asyncram:inst|lpm_mux:mem_rtl_4|mux_joc:auto_generated|_~101            ; out0             ;
; |memctrl|asyncram:inst|lpm_mux:mem_rtl_4|mux_joc:auto_generated|_~103            ; |memctrl|asyncram:inst|lpm_mux:mem_rtl_4|mux_joc:auto_generated|_~103            ; out0             ;
; |memctrl|asyncram:inst|lpm_mux:mem_rtl_4|mux_joc:auto_generated|_~104            ; |memctrl|asyncram:inst|lpm_mux:mem_rtl_4|mux_joc:auto_generated|_~104            ; out0             ;
; |memctrl|asyncram:inst|lpm_mux:mem_rtl_4|mux_joc:auto_generated|_~105            ; |memctrl|asyncram:inst|lpm_mux:mem_rtl_4|mux_joc:auto_generated|_~105            ; out0             ;
; |memctrl|asyncram:inst|lpm_mux:mem_rtl_4|mux_joc:auto_generated|_~106            ; |memctrl|asyncram:inst|lpm_mux:mem_rtl_4|mux_joc:auto_generated|_~106            ; out0             ;
; |memctrl|asyncram:inst|lpm_mux:mem_rtl_4|mux_joc:auto_generated|_~107            ; |memctrl|asyncram:inst|lpm_mux:mem_rtl_4|mux_joc:auto_generated|_~107            ; out0             ;
; |memctrl|asyncram:inst|lpm_mux:mem_rtl_4|mux_joc:auto_generated|_~108            ; |memctrl|asyncram:inst|lpm_mux:mem_rtl_4|mux_joc:auto_generated|_~108            ; out0             ;
; |memctrl|asyncram:inst|lpm_mux:mem_rtl_4|mux_joc:auto_generated|_~109            ; |memctrl|asyncram:inst|lpm_mux:mem_rtl_4|mux_joc:auto_generated|_~109            ; out0             ;
; |memctrl|asyncram:inst|lpm_mux:mem_rtl_4|mux_joc:auto_generated|_~110            ; |memctrl|asyncram:inst|lpm_mux:mem_rtl_4|mux_joc:auto_generated|_~110            ; out0             ;
; |memctrl|asyncram:inst|lpm_mux:mem_rtl_4|mux_joc:auto_generated|_~112            ; |memctrl|asyncram:inst|lpm_mux:mem_rtl_4|mux_joc:auto_generated|_~112            ; out0             ;
; |memctrl|asyncram:inst|lpm_mux:mem_rtl_4|mux_joc:auto_generated|_~113            ; |memctrl|asyncram:inst|lpm_mux:mem_rtl_4|mux_joc:auto_generated|_~113            ; out0             ;
; |memctrl|asyncram:inst|lpm_mux:mem_rtl_4|mux_joc:auto_generated|_~114            ; |memctrl|asyncram:inst|lpm_mux:mem_rtl_4|mux_joc:auto_generated|_~114            ; out0             ;
; |memctrl|asyncram:inst|lpm_mux:mem_rtl_4|mux_joc:auto_generated|_~116            ; |memctrl|asyncram:inst|lpm_mux:mem_rtl_4|mux_joc:auto_generated|_~116            ; out0             ;
; |memctrl|asyncram:inst|lpm_mux:mem_rtl_4|mux_joc:auto_generated|_~117            ; |memctrl|asyncram:inst|lpm_mux:mem_rtl_4|mux_joc:auto_generated|_~117            ; out0             ;
; |memctrl|asyncram:inst|lpm_mux:mem_rtl_4|mux_joc:auto_generated|_~118            ; |memctrl|asyncram:inst|lpm_mux:mem_rtl_4|mux_joc:auto_generated|_~118            ; out0             ;
; |memctrl|asyncram:inst|lpm_mux:mem_rtl_4|mux_joc:auto_generated|_~119            ; |memctrl|asyncram:inst|lpm_mux:mem_rtl_4|mux_joc:auto_generated|_~119            ; out0             ;
; |memctrl|asyncram:inst|lpm_mux:mem_rtl_4|mux_joc:auto_generated|_~120            ; |memctrl|asyncram:inst|lpm_mux:mem_rtl_4|mux_joc:auto_generated|_~120            ; out0             ;
; |memctrl|asyncram:inst|lpm_mux:mem_rtl_4|mux_joc:auto_generated|_~122            ; |memctrl|asyncram:inst|lpm_mux:mem_rtl_4|mux_joc:auto_generated|_~122            ; out0             ;
; |memctrl|asyncram:inst|lpm_mux:mem_rtl_4|mux_joc:auto_generated|_~124            ; |memctrl|asyncram:inst|lpm_mux:mem_rtl_4|mux_joc:auto_generated|_~124            ; out0             ;
; |memctrl|asyncram:inst|lpm_mux:mem_rtl_4|mux_joc:auto_generated|_~127            ; |memctrl|asyncram:inst|lpm_mux:mem_rtl_4|mux_joc:auto_generated|_~127            ; out0             ;
; |memctrl|asyncram:inst|lpm_mux:mem_rtl_4|mux_joc:auto_generated|_~128            ; |memctrl|asyncram:inst|lpm_mux:mem_rtl_4|mux_joc:auto_generated|_~128            ; out0             ;
; |memctrl|asyncram:inst|lpm_mux:mem_rtl_4|mux_joc:auto_generated|_~129            ; |memctrl|asyncram:inst|lpm_mux:mem_rtl_4|mux_joc:auto_generated|_~129            ; out0             ;
; |memctrl|asyncram:inst|lpm_mux:mem_rtl_4|mux_joc:auto_generated|_~131            ; |memctrl|asyncram:inst|lpm_mux:mem_rtl_4|mux_joc:auto_generated|_~131            ; out0             ;
; |memctrl|asyncram:inst|lpm_mux:mem_rtl_4|mux_joc:auto_generated|_~133            ; |memctrl|asyncram:inst|lpm_mux:mem_rtl_4|mux_joc:auto_generated|_~133            ; out0             ;
; |memctrl|asyncram:inst|lpm_mux:mem_rtl_4|mux_joc:auto_generated|_~136            ; |memctrl|asyncram:inst|lpm_mux:mem_rtl_4|mux_joc:auto_generated|_~136            ; out0             ;
; |memctrl|asyncram:inst|lpm_mux:mem_rtl_4|mux_joc:auto_generated|_~137            ; |memctrl|asyncram:inst|lpm_mux:mem_rtl_4|mux_joc:auto_generated|_~137            ; out0             ;
; |memctrl|asyncram:inst|lpm_mux:mem_rtl_4|mux_joc:auto_generated|_~138            ; |memctrl|asyncram:inst|lpm_mux:mem_rtl_4|mux_joc:auto_generated|_~138            ; out0             ;
; |memctrl|asyncram:inst|lpm_mux:mem_rtl_4|mux_joc:auto_generated|_~142            ; |memctrl|asyncram:inst|lpm_mux:mem_rtl_4|mux_joc:auto_generated|_~142            ; out0             ;
; |memctrl|asyncram:inst|lpm_mux:mem_rtl_4|mux_joc:auto_generated|_~143            ; |memctrl|asyncram:inst|lpm_mux:mem_rtl_4|mux_joc:auto_generated|_~143            ; out0             ;
; |memctrl|asyncram:inst|lpm_mux:mem_rtl_4|mux_joc:auto_generated|result_node[0]~1 ; |memctrl|asyncram:inst|lpm_mux:mem_rtl_4|mux_joc:auto_generated|result_node[0]~1 ; out0             ;
; |memctrl|asyncram:inst|lpm_mux:mem_rtl_4|mux_joc:auto_generated|result_node[0]   ; |memctrl|asyncram:inst|lpm_mux:mem_rtl_4|mux_joc:auto_generated|result_node[0]   ; out0             ;
; |memctrl|asyncram:inst|lpm_mux:mem_rtl_3|mux_joc:auto_generated|_~1              ; |memctrl|asyncram:inst|lpm_mux:mem_rtl_3|mux_joc:auto_generated|_~1              ; out0             ;
; |memctrl|asyncram:inst|lpm_mux:mem_rtl_3|mux_joc:auto_generated|_~2              ; |memctrl|asyncram:inst|lpm_mux:mem_rtl_3|mux_joc:auto_generated|_~2              ; out0             ;
; |memctrl|asyncram:inst|lpm_mux:mem_rtl_3|mux_joc:auto_generated|_~3              ; |memctrl|asyncram:inst|lpm_mux:mem_rtl_3|mux_joc:auto_generated|_~3              ; out0             ;
; |memctrl|asyncram:inst|lpm_mux:mem_rtl_3|mux_joc:auto_generated|_~4              ; |memctrl|asyncram:inst|lpm_mux:mem_rtl_3|mux_joc:auto_generated|_~4              ; out0             ;
; |memctrl|asyncram:inst|lpm_mux:mem_rtl_3|mux_joc:auto_generated|_~5              ; |memctrl|asyncram:inst|lpm_mux:mem_rtl_3|mux_joc:auto_generated|_~5              ; out0             ;
; |memctrl|asyncram:inst|lpm_mux:mem_rtl_3|mux_joc:auto_generated|_~6              ; |memctrl|asyncram:inst|lpm_mux:mem_rtl_3|mux_joc:auto_generated|_~6              ; out0             ;
; |memctrl|asyncram:inst|lpm_mux:mem_rtl_3|mux_joc:auto_generated|_~7              ; |memctrl|asyncram:inst|lpm_mux:mem_rtl_3|mux_joc:auto_generated|_~7              ; out0             ;
; |memctrl|asyncram:inst|lpm_mux:mem_rtl_3|mux_joc:auto_generated|_~8              ; |memctrl|asyncram:inst|lpm_mux:mem_rtl_3|mux_joc:auto_generated|_~8              ; out0             ;
; |memctrl|asyncram:inst|lpm_mux:mem_rtl_3|mux_joc:auto_generated|_~10             ; |memctrl|asyncram:inst|lpm_mux:mem_rtl_3|mux_joc:auto_generated|_~10             ; out0             ;
; |memctrl|asyncram:inst|lpm_mux:mem_rtl_3|mux_joc:auto_generated|_~11             ; |memctrl|asyncram:inst|lpm_mux:mem_rtl_3|mux_joc:auto_generated|_~11             ; out0             ;
; |memctrl|asyncram:inst|lpm_mux:mem_rtl_3|mux_joc:auto_generated|_~12             ; |memctrl|asyncram:inst|lpm_mux:mem_rtl_3|mux_joc:auto_generated|_~12             ; out0             ;
; |memctrl|asyncram:inst|lpm_mux:mem_rtl_3|mux_joc:auto_generated|_~13             ; |memctrl|asyncram:inst|lpm_mux:mem_rtl_3|mux_joc:auto_generated|_~13             ; out0             ;
; |memctrl|asyncram:inst|lpm_mux:mem_rtl_3|mux_joc:auto_generated|_~14             ; |memctrl|asyncram:inst|lpm_mux:mem_rtl_3|mux_joc:auto_generated|_~14             ; out0             ;
; |memctrl|asyncram:inst|lpm_mux:mem_rtl_3|mux_joc:auto_generated|_~15             ; |memctrl|asyncram:inst|lpm_mux:mem_rtl_3|mux_joc:auto_generated|_~15             ; out0             ;
; |memctrl|asyncram:inst|lpm_mux:mem_rtl_3|mux_joc:auto_generated|_~16             ; |memctrl|asyncram:inst|lpm_mux:mem_rtl_3|mux_joc:auto_generated|_~16             ; out0             ;
; |memctrl|asyncram:inst|lpm_mux:mem_rtl_3|mux_joc:auto_generated|_~17             ; |memctrl|asyncram:inst|lpm_mux:mem_rtl_3|mux_joc:auto_generated|_~17             ; out0             ;
; |memctrl|asyncram:inst|lpm_mux:mem_rtl_3|mux_joc:auto_generated|_~18             ; |memctrl|asyncram:inst|lpm_mux:mem_rtl_3|mux_joc:auto_generated|_~18             ; out0             ;
; |memctrl|asyncram:inst|lpm_mux:mem_rtl_3|mux_joc:auto_generated|_~19             ; |memctrl|asyncram:inst|lpm_mux:mem_rtl_3|mux_joc:auto_generated|_~19             ; out0             ;
; |memctrl|asyncram:inst|lpm_mux:mem_rtl_3|mux_joc:auto_generated|_~20             ; |memctrl|asyncram:inst|lpm_mux:mem_rtl_3|mux_joc:auto_generated|_~20             ; out0             ;
; |memctrl|asyncram:inst|lpm_mux:mem_rtl_3|mux_joc:auto_generated|_~21             ; |memctrl|asyncram:inst|lpm_mux:mem_rtl_3|mux_joc:auto_generated|_~21             ; out0             ;
; |memctrl|asyncram:inst|lpm_mux:mem_rtl_3|mux_joc:auto_generated|_~23             ; |memctrl|asyncram:inst|lpm_mux:mem_rtl_3|mux_joc:auto_generated|_~23             ; out0             ;
; |memctrl|asyncram:inst|lpm_mux:mem_rtl_3|mux_joc:auto_generated|_~25             ; |memctrl|asyncram:inst|lpm_mux:mem_rtl_3|mux_joc:auto_generated|_~25             ; out0             ;
; |memctrl|asyncram:inst|lpm_mux:mem_rtl_3|mux_joc:auto_generated|_~27             ; |memctrl|asyncram:inst|lpm_mux:mem_rtl_3|mux_joc:auto_generated|_~27             ; out0             ;
; |memctrl|asyncram:inst|lpm_mux:mem_rtl_3|mux_joc:auto_generated|_~28             ; |memctrl|asyncram:inst|lpm_mux:mem_rtl_3|mux_joc:auto_generated|_~28             ; out0             ;
; |memctrl|asyncram:inst|lpm_mux:mem_rtl_3|mux_joc:auto_generated|_~29             ; |memctrl|asyncram:inst|lpm_mux:mem_rtl_3|mux_joc:auto_generated|_~29             ; out0             ;
; |memctrl|asyncram:inst|lpm_mux:mem_rtl_3|mux_joc:auto_generated|_~30             ; |memctrl|asyncram:inst|lpm_mux:mem_rtl_3|mux_joc:auto_generated|_~30             ; out0             ;
; |memctrl|asyncram:inst|lpm_mux:mem_rtl_3|mux_joc:auto_generated|_~32             ; |memctrl|asyncram:inst|lpm_mux:mem_rtl_3|mux_joc:auto_generated|_~32             ; out0             ;
; |memctrl|asyncram:inst|lpm_mux:mem_rtl_3|mux_joc:auto_generated|_~34             ; |memctrl|asyncram:inst|lpm_mux:mem_rtl_3|mux_joc:auto_generated|_~34             ; out0             ;
; |memctrl|asyncram:inst|lpm_mux:mem_rtl_3|mux_joc:auto_generated|_~36             ; |memctrl|asyncram:inst|lpm_mux:mem_rtl_3|mux_joc:auto_generated|_~36             ; out0             ;
; |memctrl|asyncram:inst|lpm_mux:mem_rtl_3|mux_joc:auto_generated|_~37             ; |memctrl|asyncram:inst|lpm_mux:mem_rtl_3|mux_joc:auto_generated|_~37             ; out0             ;
; |memctrl|asyncram:inst|lpm_mux:mem_rtl_3|mux_joc:auto_generated|_~38             ; |memctrl|asyncram:inst|lpm_mux:mem_rtl_3|mux_joc:auto_generated|_~38             ; out0             ;
; |memctrl|asyncram:inst|lpm_mux:mem_rtl_3|mux_joc:auto_generated|_~39             ; |memctrl|asyncram:inst|lpm_mux:mem_rtl_3|mux_joc:auto_generated|_~39             ; out0             ;
; |memctrl|asyncram:inst|lpm_mux:mem_rtl_3|mux_joc:auto_generated|_~40             ; |memctrl|asyncram:inst|lpm_mux:mem_rtl_3|mux_joc:auto_generated|_~40             ; out0             ;
; |memctrl|asyncram:inst|lpm_mux:mem_rtl_3|mux_joc:auto_generated|_~41             ; |memctrl|asyncram:inst|lpm_mux:mem_rtl_3|mux_joc:auto_generated|_~41             ; out0             ;
; |memctrl|asyncram:inst|lpm_mux:mem_rtl_3|mux_joc:auto_generated|_~42             ; |memctrl|asyncram:inst|lpm_mux:mem_rtl_3|mux_joc:auto_generated|_~42             ; out0             ;
; |memctrl|asyncram:inst|lpm_mux:mem_rtl_3|mux_joc:auto_generated|_~43             ; |memctrl|asyncram:inst|lpm_mux:mem_rtl_3|mux_joc:auto_generated|_~43             ; out0             ;
; |memctrl|asyncram:inst|lpm_mux:mem_rtl_3|mux_joc:auto_generated|_~44             ; |memctrl|asyncram:inst|lpm_mux:mem_rtl_3|mux_joc:auto_generated|_~44             ; out0             ;
; |memctrl|asyncram:inst|lpm_mux:mem_rtl_3|mux_joc:auto_generated|_~45             ; |memctrl|asyncram:inst|lpm_mux:mem_rtl_3|mux_joc:auto_generated|_~45             ; out0             ;
; |memctrl|asyncram:inst|lpm_mux:mem_rtl_3|mux_joc:auto_generated|_~46             ; |memctrl|asyncram:inst|lpm_mux:mem_rtl_3|mux_joc:auto_generated|_~46             ; out0             ;
; |memctrl|asyncram:inst|lpm_mux:mem_rtl_3|mux_joc:auto_generated|_~47             ; |memctrl|asyncram:inst|lpm_mux:mem_rtl_3|mux_joc:auto_generated|_~47             ; out0             ;
; |memctrl|asyncram:inst|lpm_mux:mem_rtl_3|mux_joc:auto_generated|_~48             ; |memctrl|asyncram:inst|lpm_mux:mem_rtl_3|mux_joc:auto_generated|_~48             ; out0             ;
; |memctrl|asyncram:inst|lpm_mux:mem_rtl_3|mux_joc:auto_generated|_~49             ; |memctrl|asyncram:inst|lpm_mux:mem_rtl_3|mux_joc:auto_generated|_~49             ; out0             ;
; |memctrl|asyncram:inst|lpm_mux:mem_rtl_3|mux_joc:auto_generated|_~50             ; |memctrl|asyncram:inst|lpm_mux:mem_rtl_3|mux_joc:auto_generated|_~50             ; out0             ;
; |memctrl|asyncram:inst|lpm_mux:mem_rtl_3|mux_joc:auto_generated|_~51             ; |memctrl|asyncram:inst|lpm_mux:mem_rtl_3|mux_joc:auto_generated|_~51             ; out0             ;
; |memctrl|asyncram:inst|lpm_mux:mem_rtl_3|mux_joc:auto_generated|_~52             ; |memctrl|asyncram:inst|lpm_mux:mem_rtl_3|mux_joc:auto_generated|_~52             ; out0             ;
; |memctrl|asyncram:inst|lpm_mux:mem_rtl_3|mux_joc:auto_generated|_~53             ; |memctrl|asyncram:inst|lpm_mux:mem_rtl_3|mux_joc:auto_generated|_~53             ; out0             ;
; |memctrl|asyncram:inst|lpm_mux:mem_rtl_3|mux_joc:auto_generated|_~54             ; |memctrl|asyncram:inst|lpm_mux:mem_rtl_3|mux_joc:auto_generated|_~54             ; out0             ;
; |memctrl|asyncram:inst|lpm_mux:mem_rtl_3|mux_joc:auto_generated|_~55             ; |memctrl|asyncram:inst|lpm_mux:mem_rtl_3|mux_joc:auto_generated|_~55             ; out0             ;
; |memctrl|asyncram:inst|lpm_mux:mem_rtl_3|mux_joc:auto_generated|_~56             ; |memctrl|asyncram:inst|lpm_mux:mem_rtl_3|mux_joc:auto_generated|_~56             ; out0             ;
; |memctrl|asyncram:inst|lpm_mux:mem_rtl_3|mux_joc:auto_generated|_~57             ; |memctrl|asyncram:inst|lpm_mux:mem_rtl_3|mux_joc:auto_generated|_~57             ; out0             ;
; |memctrl|asyncram:inst|lpm_mux:mem_rtl_3|mux_joc:auto_generated|_~58             ; |memctrl|asyncram:inst|lpm_mux:mem_rtl_3|mux_joc:auto_generated|_~58             ; out0             ;
; |memctrl|asyncram:inst|lpm_mux:mem_rtl_3|mux_joc:auto_generated|_~59             ; |memctrl|asyncram:inst|lpm_mux:mem_rtl_3|mux_joc:auto_generated|_~59             ; out0             ;
; |memctrl|asyncram:inst|lpm_mux:mem_rtl_3|mux_joc:auto_generated|_~60             ; |memctrl|asyncram:inst|lpm_mux:mem_rtl_3|mux_joc:auto_generated|_~60             ; out0             ;
; |memctrl|asyncram:inst|lpm_mux:mem_rtl_3|mux_joc:auto_generated|_~61             ; |memctrl|asyncram:inst|lpm_mux:mem_rtl_3|mux_joc:auto_generated|_~61             ; out0             ;
; |memctrl|asyncram:inst|lpm_mux:mem_rtl_3|mux_joc:auto_generated|_~62             ; |memctrl|asyncram:inst|lpm_mux:mem_rtl_3|mux_joc:auto_generated|_~62             ; out0             ;
; |memctrl|asyncram:inst|lpm_mux:mem_rtl_3|mux_joc:auto_generated|_~63             ; |memctrl|asyncram:inst|lpm_mux:mem_rtl_3|mux_joc:auto_generated|_~63             ; out0             ;
; |memctrl|asyncram:inst|lpm_mux:mem_rtl_3|mux_joc:auto_generated|_~64             ; |memctrl|asyncram:inst|lpm_mux:mem_rtl_3|mux_joc:auto_generated|_~64             ; out0             ;
; |memctrl|asyncram:inst|lpm_mux:mem_rtl_3|mux_joc:auto_generated|_~66             ; |memctrl|asyncram:inst|lpm_mux:mem_rtl_3|mux_joc:auto_generated|_~66             ; out0             ;
; |memctrl|asyncram:inst|lpm_mux:mem_rtl_3|mux_joc:auto_generated|_~67             ; |memctrl|asyncram:inst|lpm_mux:mem_rtl_3|mux_joc:auto_generated|_~67             ; out0             ;
; |memctrl|asyncram:inst|lpm_mux:mem_rtl_3|mux_joc:auto_generated|_~68             ; |memctrl|asyncram:inst|lpm_mux:mem_rtl_3|mux_joc:auto_generated|_~68             ; out0             ;
; |memctrl|asyncram:inst|lpm_mux:mem_rtl_3|mux_joc:auto_generated|_~69             ; |memctrl|asyncram:inst|lpm_mux:mem_rtl_3|mux_joc:auto_generated|_~69             ; out0             ;
; |memctrl|asyncram:inst|lpm_mux:mem_rtl_3|mux_joc:auto_generated|_~70             ; |memctrl|asyncram:inst|lpm_mux:mem_rtl_3|mux_joc:auto_generated|_~70             ; out0             ;
; |memctrl|asyncram:inst|lpm_mux:mem_rtl_3|mux_joc:auto_generated|_~71             ; |memctrl|asyncram:inst|lpm_mux:mem_rtl_3|mux_joc:auto_generated|_~71             ; out0             ;
; |memctrl|asyncram:inst|lpm_mux:mem_rtl_3|mux_joc:auto_generated|result_node[0]~0 ; |memctrl|asyncram:inst|lpm_mux:mem_rtl_3|mux_joc:auto_generated|result_node[0]~0 ; out0             ;
; |memctrl|asyncram:inst|lpm_mux:mem_rtl_3|mux_joc:auto_generated|_~73             ; |memctrl|asyncram:inst|lpm_mux:mem_rtl_3|mux_joc:auto_generated|_~73             ; out0             ;
; |memctrl|asyncram:inst|lpm_mux:mem_rtl_3|mux_joc:auto_generated|_~75             ; |memctrl|asyncram:inst|lpm_mux:mem_rtl_3|mux_joc:auto_generated|_~75             ; out0             ;
; |memctrl|asyncram:inst|lpm_mux:mem_rtl_3|mux_joc:auto_generated|_~77             ; |memctrl|asyncram:inst|lpm_mux:mem_rtl_3|mux_joc:auto_generated|_~77             ; out0             ;
; |memctrl|asyncram:inst|lpm_mux:mem_rtl_3|mux_joc:auto_generated|_~78             ; |memctrl|asyncram:inst|lpm_mux:mem_rtl_3|mux_joc:auto_generated|_~78             ; out0             ;
; |memctrl|asyncram:inst|lpm_mux:mem_rtl_3|mux_joc:auto_generated|_~79             ; |memctrl|asyncram:inst|lpm_mux:mem_rtl_3|mux_joc:auto_generated|_~79             ; out0             ;
; |memctrl|asyncram:inst|lpm_mux:mem_rtl_3|mux_joc:auto_generated|_~80             ; |memctrl|asyncram:inst|lpm_mux:mem_rtl_3|mux_joc:auto_generated|_~80             ; out0             ;
; |memctrl|asyncram:inst|lpm_mux:mem_rtl_3|mux_joc:auto_generated|_~82             ; |memctrl|asyncram:inst|lpm_mux:mem_rtl_3|mux_joc:auto_generated|_~82             ; out0             ;
; |memctrl|asyncram:inst|lpm_mux:mem_rtl_3|mux_joc:auto_generated|_~84             ; |memctrl|asyncram:inst|lpm_mux:mem_rtl_3|mux_joc:auto_generated|_~84             ; out0             ;
; |memctrl|asyncram:inst|lpm_mux:mem_rtl_3|mux_joc:auto_generated|_~86             ; |memctrl|asyncram:inst|lpm_mux:mem_rtl_3|mux_joc:auto_generated|_~86             ; out0             ;
; |memctrl|asyncram:inst|lpm_mux:mem_rtl_3|mux_joc:auto_generated|_~87             ; |memctrl|asyncram:inst|lpm_mux:mem_rtl_3|mux_joc:auto_generated|_~87             ; out0             ;
; |memctrl|asyncram:inst|lpm_mux:mem_rtl_3|mux_joc:auto_generated|_~88             ; |memctrl|asyncram:inst|lpm_mux:mem_rtl_3|mux_joc:auto_generated|_~88             ; out0             ;
; |memctrl|asyncram:inst|lpm_mux:mem_rtl_3|mux_joc:auto_generated|_~89             ; |memctrl|asyncram:inst|lpm_mux:mem_rtl_3|mux_joc:auto_generated|_~89             ; out0             ;
; |memctrl|asyncram:inst|lpm_mux:mem_rtl_3|mux_joc:auto_generated|_~90             ; |memctrl|asyncram:inst|lpm_mux:mem_rtl_3|mux_joc:auto_generated|_~90             ; out0             ;
; |memctrl|asyncram:inst|lpm_mux:mem_rtl_3|mux_joc:auto_generated|_~91             ; |memctrl|asyncram:inst|lpm_mux:mem_rtl_3|mux_joc:auto_generated|_~91             ; out0             ;
; |memctrl|asyncram:inst|lpm_mux:mem_rtl_3|mux_joc:auto_generated|_~92             ; |memctrl|asyncram:inst|lpm_mux:mem_rtl_3|mux_joc:auto_generated|_~92             ; out0             ;
; |memctrl|asyncram:inst|lpm_mux:mem_rtl_3|mux_joc:auto_generated|_~93             ; |memctrl|asyncram:inst|lpm_mux:mem_rtl_3|mux_joc:auto_generated|_~93             ; out0             ;
; |memctrl|asyncram:inst|lpm_mux:mem_rtl_3|mux_joc:auto_generated|_~94             ; |memctrl|asyncram:inst|lpm_mux:mem_rtl_3|mux_joc:auto_generated|_~94             ; out0             ;
; |memctrl|asyncram:inst|lpm_mux:mem_rtl_3|mux_joc:auto_generated|_~95             ; |memctrl|asyncram:inst|lpm_mux:mem_rtl_3|mux_joc:auto_generated|_~95             ; out0             ;
; |memctrl|asyncram:inst|lpm_mux:mem_rtl_3|mux_joc:auto_generated|_~96             ; |memctrl|asyncram:inst|lpm_mux:mem_rtl_3|mux_joc:auto_generated|_~96             ; out0             ;
; |memctrl|asyncram:inst|lpm_mux:mem_rtl_3|mux_joc:auto_generated|_~97             ; |memctrl|asyncram:inst|lpm_mux:mem_rtl_3|mux_joc:auto_generated|_~97             ; out0             ;
; |memctrl|asyncram:inst|lpm_mux:mem_rtl_3|mux_joc:auto_generated|_~98             ; |memctrl|asyncram:inst|lpm_mux:mem_rtl_3|mux_joc:auto_generated|_~98             ; out0             ;
; |memctrl|asyncram:inst|lpm_mux:mem_rtl_3|mux_joc:auto_generated|_~99             ; |memctrl|asyncram:inst|lpm_mux:mem_rtl_3|mux_joc:auto_generated|_~99             ; out0             ;
; |memctrl|asyncram:inst|lpm_mux:mem_rtl_3|mux_joc:auto_generated|_~100            ; |memctrl|asyncram:inst|lpm_mux:mem_rtl_3|mux_joc:auto_generated|_~100            ; out0             ;
; |memctrl|asyncram:inst|lpm_mux:mem_rtl_3|mux_joc:auto_generated|_~101            ; |memctrl|asyncram:inst|lpm_mux:mem_rtl_3|mux_joc:auto_generated|_~101            ; out0             ;
; |memctrl|asyncram:inst|lpm_mux:mem_rtl_3|mux_joc:auto_generated|_~102            ; |memctrl|asyncram:inst|lpm_mux:mem_rtl_3|mux_joc:auto_generated|_~102            ; out0             ;
; |memctrl|asyncram:inst|lpm_mux:mem_rtl_3|mux_joc:auto_generated|_~103            ; |memctrl|asyncram:inst|lpm_mux:mem_rtl_3|mux_joc:auto_generated|_~103            ; out0             ;
; |memctrl|asyncram:inst|lpm_mux:mem_rtl_3|mux_joc:auto_generated|_~104            ; |memctrl|asyncram:inst|lpm_mux:mem_rtl_3|mux_joc:auto_generated|_~104            ; out0             ;
; |memctrl|asyncram:inst|lpm_mux:mem_rtl_3|mux_joc:auto_generated|_~105            ; |memctrl|asyncram:inst|lpm_mux:mem_rtl_3|mux_joc:auto_generated|_~105            ; out0             ;
; |memctrl|asyncram:inst|lpm_mux:mem_rtl_3|mux_joc:auto_generated|_~106            ; |memctrl|asyncram:inst|lpm_mux:mem_rtl_3|mux_joc:auto_generated|_~106            ; out0             ;
; |memctrl|asyncram:inst|lpm_mux:mem_rtl_3|mux_joc:auto_generated|_~107            ; |memctrl|asyncram:inst|lpm_mux:mem_rtl_3|mux_joc:auto_generated|_~107            ; out0             ;
; |memctrl|asyncram:inst|lpm_mux:mem_rtl_3|mux_joc:auto_generated|_~108            ; |memctrl|asyncram:inst|lpm_mux:mem_rtl_3|mux_joc:auto_generated|_~108            ; out0             ;
; |memctrl|asyncram:inst|lpm_mux:mem_rtl_3|mux_joc:auto_generated|_~109            ; |memctrl|asyncram:inst|lpm_mux:mem_rtl_3|mux_joc:auto_generated|_~109            ; out0             ;
; |memctrl|asyncram:inst|lpm_mux:mem_rtl_3|mux_joc:auto_generated|_~110            ; |memctrl|asyncram:inst|lpm_mux:mem_rtl_3|mux_joc:auto_generated|_~110            ; out0             ;
; |memctrl|asyncram:inst|lpm_mux:mem_rtl_3|mux_joc:auto_generated|_~111            ; |memctrl|asyncram:inst|lpm_mux:mem_rtl_3|mux_joc:auto_generated|_~111            ; out0             ;
; |memctrl|asyncram:inst|lpm_mux:mem_rtl_3|mux_joc:auto_generated|_~112            ; |memctrl|asyncram:inst|lpm_mux:mem_rtl_3|mux_joc:auto_generated|_~112            ; out0             ;
; |memctrl|asyncram:inst|lpm_mux:mem_rtl_3|mux_joc:auto_generated|_~113            ; |memctrl|asyncram:inst|lpm_mux:mem_rtl_3|mux_joc:auto_generated|_~113            ; out0             ;
; |memctrl|asyncram:inst|lpm_mux:mem_rtl_3|mux_joc:auto_generated|_~114            ; |memctrl|asyncram:inst|lpm_mux:mem_rtl_3|mux_joc:auto_generated|_~114            ; out0             ;
; |memctrl|asyncram:inst|lpm_mux:mem_rtl_3|mux_joc:auto_generated|_~116            ; |memctrl|asyncram:inst|lpm_mux:mem_rtl_3|mux_joc:auto_generated|_~116            ; out0             ;
; |memctrl|asyncram:inst|lpm_mux:mem_rtl_3|mux_joc:auto_generated|_~117            ; |memctrl|asyncram:inst|lpm_mux:mem_rtl_3|mux_joc:auto_generated|_~117            ; out0             ;
; |memctrl|asyncram:inst|lpm_mux:mem_rtl_3|mux_joc:auto_generated|_~118            ; |memctrl|asyncram:inst|lpm_mux:mem_rtl_3|mux_joc:auto_generated|_~118            ; out0             ;
; |memctrl|asyncram:inst|lpm_mux:mem_rtl_3|mux_joc:auto_generated|_~119            ; |memctrl|asyncram:inst|lpm_mux:mem_rtl_3|mux_joc:auto_generated|_~119            ; out0             ;
; |memctrl|asyncram:inst|lpm_mux:mem_rtl_3|mux_joc:auto_generated|_~120            ; |memctrl|asyncram:inst|lpm_mux:mem_rtl_3|mux_joc:auto_generated|_~120            ; out0             ;
; |memctrl|asyncram:inst|lpm_mux:mem_rtl_3|mux_joc:auto_generated|_~122            ; |memctrl|asyncram:inst|lpm_mux:mem_rtl_3|mux_joc:auto_generated|_~122            ; out0             ;
; |memctrl|asyncram:inst|lpm_mux:mem_rtl_3|mux_joc:auto_generated|_~124            ; |memctrl|asyncram:inst|lpm_mux:mem_rtl_3|mux_joc:auto_generated|_~124            ; out0             ;
; |memctrl|asyncram:inst|lpm_mux:mem_rtl_3|mux_joc:auto_generated|_~127            ; |memctrl|asyncram:inst|lpm_mux:mem_rtl_3|mux_joc:auto_generated|_~127            ; out0             ;
; |memctrl|asyncram:inst|lpm_mux:mem_rtl_3|mux_joc:auto_generated|_~128            ; |memctrl|asyncram:inst|lpm_mux:mem_rtl_3|mux_joc:auto_generated|_~128            ; out0             ;
; |memctrl|asyncram:inst|lpm_mux:mem_rtl_3|mux_joc:auto_generated|_~129            ; |memctrl|asyncram:inst|lpm_mux:mem_rtl_3|mux_joc:auto_generated|_~129            ; out0             ;
; |memctrl|asyncram:inst|lpm_mux:mem_rtl_3|mux_joc:auto_generated|_~131            ; |memctrl|asyncram:inst|lpm_mux:mem_rtl_3|mux_joc:auto_generated|_~131            ; out0             ;
; |memctrl|asyncram:inst|lpm_mux:mem_rtl_3|mux_joc:auto_generated|_~133            ; |memctrl|asyncram:inst|lpm_mux:mem_rtl_3|mux_joc:auto_generated|_~133            ; out0             ;
; |memctrl|asyncram:inst|lpm_mux:mem_rtl_3|mux_joc:auto_generated|_~136            ; |memctrl|asyncram:inst|lpm_mux:mem_rtl_3|mux_joc:auto_generated|_~136            ; out0             ;
; |memctrl|asyncram:inst|lpm_mux:mem_rtl_3|mux_joc:auto_generated|_~137            ; |memctrl|asyncram:inst|lpm_mux:mem_rtl_3|mux_joc:auto_generated|_~137            ; out0             ;
; |memctrl|asyncram:inst|lpm_mux:mem_rtl_3|mux_joc:auto_generated|_~138            ; |memctrl|asyncram:inst|lpm_mux:mem_rtl_3|mux_joc:auto_generated|_~138            ; out0             ;
; |memctrl|asyncram:inst|lpm_mux:mem_rtl_3|mux_joc:auto_generated|_~142            ; |memctrl|asyncram:inst|lpm_mux:mem_rtl_3|mux_joc:auto_generated|_~142            ; out0             ;
; |memctrl|asyncram:inst|lpm_mux:mem_rtl_3|mux_joc:auto_generated|_~143            ; |memctrl|asyncram:inst|lpm_mux:mem_rtl_3|mux_joc:auto_generated|_~143            ; out0             ;
; |memctrl|asyncram:inst|lpm_mux:mem_rtl_3|mux_joc:auto_generated|result_node[0]~1 ; |memctrl|asyncram:inst|lpm_mux:mem_rtl_3|mux_joc:auto_generated|result_node[0]~1 ; out0             ;
; |memctrl|asyncram:inst|lpm_mux:mem_rtl_3|mux_joc:auto_generated|result_node[0]   ; |memctrl|asyncram:inst|lpm_mux:mem_rtl_3|mux_joc:auto_generated|result_node[0]   ; out0             ;
; |memctrl|asyncram:inst|lpm_mux:mem_rtl_2|mux_joc:auto_generated|_~0              ; |memctrl|asyncram:inst|lpm_mux:mem_rtl_2|mux_joc:auto_generated|_~0              ; out0             ;
; |memctrl|asyncram:inst|lpm_mux:mem_rtl_2|mux_joc:auto_generated|_~1              ; |memctrl|asyncram:inst|lpm_mux:mem_rtl_2|mux_joc:auto_generated|_~1              ; out0             ;
; |memctrl|asyncram:inst|lpm_mux:mem_rtl_2|mux_joc:auto_generated|_~2              ; |memctrl|asyncram:inst|lpm_mux:mem_rtl_2|mux_joc:auto_generated|_~2              ; out0             ;
; |memctrl|asyncram:inst|lpm_mux:mem_rtl_2|mux_joc:auto_generated|_~3              ; |memctrl|asyncram:inst|lpm_mux:mem_rtl_2|mux_joc:auto_generated|_~3              ; out0             ;
; |memctrl|asyncram:inst|lpm_mux:mem_rtl_2|mux_joc:auto_generated|_~4              ; |memctrl|asyncram:inst|lpm_mux:mem_rtl_2|mux_joc:auto_generated|_~4              ; out0             ;
; |memctrl|asyncram:inst|lpm_mux:mem_rtl_2|mux_joc:auto_generated|_~5              ; |memctrl|asyncram:inst|lpm_mux:mem_rtl_2|mux_joc:auto_generated|_~5              ; out0             ;
; |memctrl|asyncram:inst|lpm_mux:mem_rtl_2|mux_joc:auto_generated|_~6              ; |memctrl|asyncram:inst|lpm_mux:mem_rtl_2|mux_joc:auto_generated|_~6              ; out0             ;
; |memctrl|asyncram:inst|lpm_mux:mem_rtl_2|mux_joc:auto_generated|_~7              ; |memctrl|asyncram:inst|lpm_mux:mem_rtl_2|mux_joc:auto_generated|_~7              ; out0             ;
; |memctrl|asyncram:inst|lpm_mux:mem_rtl_2|mux_joc:auto_generated|_~8              ; |memctrl|asyncram:inst|lpm_mux:mem_rtl_2|mux_joc:auto_generated|_~8              ; out0             ;
; |memctrl|asyncram:inst|lpm_mux:mem_rtl_2|mux_joc:auto_generated|_~9              ; |memctrl|asyncram:inst|lpm_mux:mem_rtl_2|mux_joc:auto_generated|_~9              ; out0             ;
; |memctrl|asyncram:inst|lpm_mux:mem_rtl_2|mux_joc:auto_generated|_~10             ; |memctrl|asyncram:inst|lpm_mux:mem_rtl_2|mux_joc:auto_generated|_~10             ; out0             ;
; |memctrl|asyncram:inst|lpm_mux:mem_rtl_2|mux_joc:auto_generated|_~11             ; |memctrl|asyncram:inst|lpm_mux:mem_rtl_2|mux_joc:auto_generated|_~11             ; out0             ;
; |memctrl|asyncram:inst|lpm_mux:mem_rtl_2|mux_joc:auto_generated|_~12             ; |memctrl|asyncram:inst|lpm_mux:mem_rtl_2|mux_joc:auto_generated|_~12             ; out0             ;
; |memctrl|asyncram:inst|lpm_mux:mem_rtl_2|mux_joc:auto_generated|_~13             ; |memctrl|asyncram:inst|lpm_mux:mem_rtl_2|mux_joc:auto_generated|_~13             ; out0             ;
; |memctrl|asyncram:inst|lpm_mux:mem_rtl_2|mux_joc:auto_generated|_~14             ; |memctrl|asyncram:inst|lpm_mux:mem_rtl_2|mux_joc:auto_generated|_~14             ; out0             ;
; |memctrl|asyncram:inst|lpm_mux:mem_rtl_2|mux_joc:auto_generated|_~15             ; |memctrl|asyncram:inst|lpm_mux:mem_rtl_2|mux_joc:auto_generated|_~15             ; out0             ;
; |memctrl|asyncram:inst|lpm_mux:mem_rtl_2|mux_joc:auto_generated|_~16             ; |memctrl|asyncram:inst|lpm_mux:mem_rtl_2|mux_joc:auto_generated|_~16             ; out0             ;
; |memctrl|asyncram:inst|lpm_mux:mem_rtl_2|mux_joc:auto_generated|_~17             ; |memctrl|asyncram:inst|lpm_mux:mem_rtl_2|mux_joc:auto_generated|_~17             ; out0             ;
; |memctrl|asyncram:inst|lpm_mux:mem_rtl_2|mux_joc:auto_generated|_~18             ; |memctrl|asyncram:inst|lpm_mux:mem_rtl_2|mux_joc:auto_generated|_~18             ; out0             ;
; |memctrl|asyncram:inst|lpm_mux:mem_rtl_2|mux_joc:auto_generated|_~19             ; |memctrl|asyncram:inst|lpm_mux:mem_rtl_2|mux_joc:auto_generated|_~19             ; out0             ;
; |memctrl|asyncram:inst|lpm_mux:mem_rtl_2|mux_joc:auto_generated|_~20             ; |memctrl|asyncram:inst|lpm_mux:mem_rtl_2|mux_joc:auto_generated|_~20             ; out0             ;
; |memctrl|asyncram:inst|lpm_mux:mem_rtl_2|mux_joc:auto_generated|_~21             ; |memctrl|asyncram:inst|lpm_mux:mem_rtl_2|mux_joc:auto_generated|_~21             ; out0             ;
; |memctrl|asyncram:inst|lpm_mux:mem_rtl_2|mux_joc:auto_generated|_~22             ; |memctrl|asyncram:inst|lpm_mux:mem_rtl_2|mux_joc:auto_generated|_~22             ; out0             ;
; |memctrl|asyncram:inst|lpm_mux:mem_rtl_2|mux_joc:auto_generated|_~23             ; |memctrl|asyncram:inst|lpm_mux:mem_rtl_2|mux_joc:auto_generated|_~23             ; out0             ;
; |memctrl|asyncram:inst|lpm_mux:mem_rtl_2|mux_joc:auto_generated|_~24             ; |memctrl|asyncram:inst|lpm_mux:mem_rtl_2|mux_joc:auto_generated|_~24             ; out0             ;
; |memctrl|asyncram:inst|lpm_mux:mem_rtl_2|mux_joc:auto_generated|_~25             ; |memctrl|asyncram:inst|lpm_mux:mem_rtl_2|mux_joc:auto_generated|_~25             ; out0             ;
; |memctrl|asyncram:inst|lpm_mux:mem_rtl_2|mux_joc:auto_generated|_~26             ; |memctrl|asyncram:inst|lpm_mux:mem_rtl_2|mux_joc:auto_generated|_~26             ; out0             ;
; |memctrl|asyncram:inst|lpm_mux:mem_rtl_2|mux_joc:auto_generated|_~28             ; |memctrl|asyncram:inst|lpm_mux:mem_rtl_2|mux_joc:auto_generated|_~28             ; out0             ;
; |memctrl|asyncram:inst|lpm_mux:mem_rtl_2|mux_joc:auto_generated|_~29             ; |memctrl|asyncram:inst|lpm_mux:mem_rtl_2|mux_joc:auto_generated|_~29             ; out0             ;
; |memctrl|asyncram:inst|lpm_mux:mem_rtl_2|mux_joc:auto_generated|_~30             ; |memctrl|asyncram:inst|lpm_mux:mem_rtl_2|mux_joc:auto_generated|_~30             ; out0             ;
; |memctrl|asyncram:inst|lpm_mux:mem_rtl_2|mux_joc:auto_generated|_~31             ; |memctrl|asyncram:inst|lpm_mux:mem_rtl_2|mux_joc:auto_generated|_~31             ; out0             ;
; |memctrl|asyncram:inst|lpm_mux:mem_rtl_2|mux_joc:auto_generated|_~32             ; |memctrl|asyncram:inst|lpm_mux:mem_rtl_2|mux_joc:auto_generated|_~32             ; out0             ;
; |memctrl|asyncram:inst|lpm_mux:mem_rtl_2|mux_joc:auto_generated|_~33             ; |memctrl|asyncram:inst|lpm_mux:mem_rtl_2|mux_joc:auto_generated|_~33             ; out0             ;
; |memctrl|asyncram:inst|lpm_mux:mem_rtl_2|mux_joc:auto_generated|_~34             ; |memctrl|asyncram:inst|lpm_mux:mem_rtl_2|mux_joc:auto_generated|_~34             ; out0             ;
; |memctrl|asyncram:inst|lpm_mux:mem_rtl_2|mux_joc:auto_generated|_~35             ; |memctrl|asyncram:inst|lpm_mux:mem_rtl_2|mux_joc:auto_generated|_~35             ; out0             ;
; |memctrl|asyncram:inst|lpm_mux:mem_rtl_2|mux_joc:auto_generated|_~37             ; |memctrl|asyncram:inst|lpm_mux:mem_rtl_2|mux_joc:auto_generated|_~37             ; out0             ;
; |memctrl|asyncram:inst|lpm_mux:mem_rtl_2|mux_joc:auto_generated|_~38             ; |memctrl|asyncram:inst|lpm_mux:mem_rtl_2|mux_joc:auto_generated|_~38             ; out0             ;
; |memctrl|asyncram:inst|lpm_mux:mem_rtl_2|mux_joc:auto_generated|_~39             ; |memctrl|asyncram:inst|lpm_mux:mem_rtl_2|mux_joc:auto_generated|_~39             ; out0             ;
; |memctrl|asyncram:inst|lpm_mux:mem_rtl_2|mux_joc:auto_generated|_~41             ; |memctrl|asyncram:inst|lpm_mux:mem_rtl_2|mux_joc:auto_generated|_~41             ; out0             ;
; |memctrl|asyncram:inst|lpm_mux:mem_rtl_2|mux_joc:auto_generated|_~42             ; |memctrl|asyncram:inst|lpm_mux:mem_rtl_2|mux_joc:auto_generated|_~42             ; out0             ;
; |memctrl|asyncram:inst|lpm_mux:mem_rtl_2|mux_joc:auto_generated|_~43             ; |memctrl|asyncram:inst|lpm_mux:mem_rtl_2|mux_joc:auto_generated|_~43             ; out0             ;
; |memctrl|asyncram:inst|lpm_mux:mem_rtl_2|mux_joc:auto_generated|_~44             ; |memctrl|asyncram:inst|lpm_mux:mem_rtl_2|mux_joc:auto_generated|_~44             ; out0             ;
; |memctrl|asyncram:inst|lpm_mux:mem_rtl_2|mux_joc:auto_generated|_~45             ; |memctrl|asyncram:inst|lpm_mux:mem_rtl_2|mux_joc:auto_generated|_~45             ; out0             ;
; |memctrl|asyncram:inst|lpm_mux:mem_rtl_2|mux_joc:auto_generated|_~46             ; |memctrl|asyncram:inst|lpm_mux:mem_rtl_2|mux_joc:auto_generated|_~46             ; out0             ;
; |memctrl|asyncram:inst|lpm_mux:mem_rtl_2|mux_joc:auto_generated|_~47             ; |memctrl|asyncram:inst|lpm_mux:mem_rtl_2|mux_joc:auto_generated|_~47             ; out0             ;
; |memctrl|asyncram:inst|lpm_mux:mem_rtl_2|mux_joc:auto_generated|_~48             ; |memctrl|asyncram:inst|lpm_mux:mem_rtl_2|mux_joc:auto_generated|_~48             ; out0             ;
; |memctrl|asyncram:inst|lpm_mux:mem_rtl_2|mux_joc:auto_generated|_~49             ; |memctrl|asyncram:inst|lpm_mux:mem_rtl_2|mux_joc:auto_generated|_~49             ; out0             ;
; |memctrl|asyncram:inst|lpm_mux:mem_rtl_2|mux_joc:auto_generated|_~50             ; |memctrl|asyncram:inst|lpm_mux:mem_rtl_2|mux_joc:auto_generated|_~50             ; out0             ;
; |memctrl|asyncram:inst|lpm_mux:mem_rtl_2|mux_joc:auto_generated|_~51             ; |memctrl|asyncram:inst|lpm_mux:mem_rtl_2|mux_joc:auto_generated|_~51             ; out0             ;
; |memctrl|asyncram:inst|lpm_mux:mem_rtl_2|mux_joc:auto_generated|_~52             ; |memctrl|asyncram:inst|lpm_mux:mem_rtl_2|mux_joc:auto_generated|_~52             ; out0             ;
; |memctrl|asyncram:inst|lpm_mux:mem_rtl_2|mux_joc:auto_generated|_~53             ; |memctrl|asyncram:inst|lpm_mux:mem_rtl_2|mux_joc:auto_generated|_~53             ; out0             ;
; |memctrl|asyncram:inst|lpm_mux:mem_rtl_2|mux_joc:auto_generated|_~54             ; |memctrl|asyncram:inst|lpm_mux:mem_rtl_2|mux_joc:auto_generated|_~54             ; out0             ;
; |memctrl|asyncram:inst|lpm_mux:mem_rtl_2|mux_joc:auto_generated|_~55             ; |memctrl|asyncram:inst|lpm_mux:mem_rtl_2|mux_joc:auto_generated|_~55             ; out0             ;
; |memctrl|asyncram:inst|lpm_mux:mem_rtl_2|mux_joc:auto_generated|_~56             ; |memctrl|asyncram:inst|lpm_mux:mem_rtl_2|mux_joc:auto_generated|_~56             ; out0             ;
; |memctrl|asyncram:inst|lpm_mux:mem_rtl_2|mux_joc:auto_generated|_~57             ; |memctrl|asyncram:inst|lpm_mux:mem_rtl_2|mux_joc:auto_generated|_~57             ; out0             ;
; |memctrl|asyncram:inst|lpm_mux:mem_rtl_2|mux_joc:auto_generated|_~58             ; |memctrl|asyncram:inst|lpm_mux:mem_rtl_2|mux_joc:auto_generated|_~58             ; out0             ;
; |memctrl|asyncram:inst|lpm_mux:mem_rtl_2|mux_joc:auto_generated|_~59             ; |memctrl|asyncram:inst|lpm_mux:mem_rtl_2|mux_joc:auto_generated|_~59             ; out0             ;
; |memctrl|asyncram:inst|lpm_mux:mem_rtl_2|mux_joc:auto_generated|_~60             ; |memctrl|asyncram:inst|lpm_mux:mem_rtl_2|mux_joc:auto_generated|_~60             ; out0             ;
; |memctrl|asyncram:inst|lpm_mux:mem_rtl_2|mux_joc:auto_generated|_~61             ; |memctrl|asyncram:inst|lpm_mux:mem_rtl_2|mux_joc:auto_generated|_~61             ; out0             ;
; |memctrl|asyncram:inst|lpm_mux:mem_rtl_2|mux_joc:auto_generated|_~62             ; |memctrl|asyncram:inst|lpm_mux:mem_rtl_2|mux_joc:auto_generated|_~62             ; out0             ;
; |memctrl|asyncram:inst|lpm_mux:mem_rtl_2|mux_joc:auto_generated|_~63             ; |memctrl|asyncram:inst|lpm_mux:mem_rtl_2|mux_joc:auto_generated|_~63             ; out0             ;
; |memctrl|asyncram:inst|lpm_mux:mem_rtl_2|mux_joc:auto_generated|_~64             ; |memctrl|asyncram:inst|lpm_mux:mem_rtl_2|mux_joc:auto_generated|_~64             ; out0             ;
; |memctrl|asyncram:inst|lpm_mux:mem_rtl_2|mux_joc:auto_generated|_~66             ; |memctrl|asyncram:inst|lpm_mux:mem_rtl_2|mux_joc:auto_generated|_~66             ; out0             ;
; |memctrl|asyncram:inst|lpm_mux:mem_rtl_2|mux_joc:auto_generated|_~67             ; |memctrl|asyncram:inst|lpm_mux:mem_rtl_2|mux_joc:auto_generated|_~67             ; out0             ;
; |memctrl|asyncram:inst|lpm_mux:mem_rtl_2|mux_joc:auto_generated|_~68             ; |memctrl|asyncram:inst|lpm_mux:mem_rtl_2|mux_joc:auto_generated|_~68             ; out0             ;
; |memctrl|asyncram:inst|lpm_mux:mem_rtl_2|mux_joc:auto_generated|_~69             ; |memctrl|asyncram:inst|lpm_mux:mem_rtl_2|mux_joc:auto_generated|_~69             ; out0             ;
; |memctrl|asyncram:inst|lpm_mux:mem_rtl_2|mux_joc:auto_generated|_~70             ; |memctrl|asyncram:inst|lpm_mux:mem_rtl_2|mux_joc:auto_generated|_~70             ; out0             ;
; |memctrl|asyncram:inst|lpm_mux:mem_rtl_2|mux_joc:auto_generated|_~71             ; |memctrl|asyncram:inst|lpm_mux:mem_rtl_2|mux_joc:auto_generated|_~71             ; out0             ;
; |memctrl|asyncram:inst|lpm_mux:mem_rtl_2|mux_joc:auto_generated|result_node[0]~0 ; |memctrl|asyncram:inst|lpm_mux:mem_rtl_2|mux_joc:auto_generated|result_node[0]~0 ; out0             ;
; |memctrl|asyncram:inst|lpm_mux:mem_rtl_2|mux_joc:auto_generated|_~72             ; |memctrl|asyncram:inst|lpm_mux:mem_rtl_2|mux_joc:auto_generated|_~72             ; out0             ;
; |memctrl|asyncram:inst|lpm_mux:mem_rtl_2|mux_joc:auto_generated|_~73             ; |memctrl|asyncram:inst|lpm_mux:mem_rtl_2|mux_joc:auto_generated|_~73             ; out0             ;
; |memctrl|asyncram:inst|lpm_mux:mem_rtl_2|mux_joc:auto_generated|_~74             ; |memctrl|asyncram:inst|lpm_mux:mem_rtl_2|mux_joc:auto_generated|_~74             ; out0             ;
; |memctrl|asyncram:inst|lpm_mux:mem_rtl_2|mux_joc:auto_generated|_~75             ; |memctrl|asyncram:inst|lpm_mux:mem_rtl_2|mux_joc:auto_generated|_~75             ; out0             ;
; |memctrl|asyncram:inst|lpm_mux:mem_rtl_2|mux_joc:auto_generated|_~76             ; |memctrl|asyncram:inst|lpm_mux:mem_rtl_2|mux_joc:auto_generated|_~76             ; out0             ;
; |memctrl|asyncram:inst|lpm_mux:mem_rtl_2|mux_joc:auto_generated|_~78             ; |memctrl|asyncram:inst|lpm_mux:mem_rtl_2|mux_joc:auto_generated|_~78             ; out0             ;
; |memctrl|asyncram:inst|lpm_mux:mem_rtl_2|mux_joc:auto_generated|_~79             ; |memctrl|asyncram:inst|lpm_mux:mem_rtl_2|mux_joc:auto_generated|_~79             ; out0             ;
; |memctrl|asyncram:inst|lpm_mux:mem_rtl_2|mux_joc:auto_generated|_~80             ; |memctrl|asyncram:inst|lpm_mux:mem_rtl_2|mux_joc:auto_generated|_~80             ; out0             ;
; |memctrl|asyncram:inst|lpm_mux:mem_rtl_2|mux_joc:auto_generated|_~81             ; |memctrl|asyncram:inst|lpm_mux:mem_rtl_2|mux_joc:auto_generated|_~81             ; out0             ;
; |memctrl|asyncram:inst|lpm_mux:mem_rtl_2|mux_joc:auto_generated|_~82             ; |memctrl|asyncram:inst|lpm_mux:mem_rtl_2|mux_joc:auto_generated|_~82             ; out0             ;
; |memctrl|asyncram:inst|lpm_mux:mem_rtl_2|mux_joc:auto_generated|_~83             ; |memctrl|asyncram:inst|lpm_mux:mem_rtl_2|mux_joc:auto_generated|_~83             ; out0             ;
; |memctrl|asyncram:inst|lpm_mux:mem_rtl_2|mux_joc:auto_generated|_~84             ; |memctrl|asyncram:inst|lpm_mux:mem_rtl_2|mux_joc:auto_generated|_~84             ; out0             ;
; |memctrl|asyncram:inst|lpm_mux:mem_rtl_2|mux_joc:auto_generated|_~85             ; |memctrl|asyncram:inst|lpm_mux:mem_rtl_2|mux_joc:auto_generated|_~85             ; out0             ;
; |memctrl|asyncram:inst|lpm_mux:mem_rtl_2|mux_joc:auto_generated|_~87             ; |memctrl|asyncram:inst|lpm_mux:mem_rtl_2|mux_joc:auto_generated|_~87             ; out0             ;
; |memctrl|asyncram:inst|lpm_mux:mem_rtl_2|mux_joc:auto_generated|_~88             ; |memctrl|asyncram:inst|lpm_mux:mem_rtl_2|mux_joc:auto_generated|_~88             ; out0             ;
; |memctrl|asyncram:inst|lpm_mux:mem_rtl_2|mux_joc:auto_generated|_~89             ; |memctrl|asyncram:inst|lpm_mux:mem_rtl_2|mux_joc:auto_generated|_~89             ; out0             ;
; |memctrl|asyncram:inst|lpm_mux:mem_rtl_2|mux_joc:auto_generated|_~91             ; |memctrl|asyncram:inst|lpm_mux:mem_rtl_2|mux_joc:auto_generated|_~91             ; out0             ;
; |memctrl|asyncram:inst|lpm_mux:mem_rtl_2|mux_joc:auto_generated|_~92             ; |memctrl|asyncram:inst|lpm_mux:mem_rtl_2|mux_joc:auto_generated|_~92             ; out0             ;
; |memctrl|asyncram:inst|lpm_mux:mem_rtl_2|mux_joc:auto_generated|_~93             ; |memctrl|asyncram:inst|lpm_mux:mem_rtl_2|mux_joc:auto_generated|_~93             ; out0             ;
; |memctrl|asyncram:inst|lpm_mux:mem_rtl_2|mux_joc:auto_generated|_~94             ; |memctrl|asyncram:inst|lpm_mux:mem_rtl_2|mux_joc:auto_generated|_~94             ; out0             ;
; |memctrl|asyncram:inst|lpm_mux:mem_rtl_2|mux_joc:auto_generated|_~95             ; |memctrl|asyncram:inst|lpm_mux:mem_rtl_2|mux_joc:auto_generated|_~95             ; out0             ;
; |memctrl|asyncram:inst|lpm_mux:mem_rtl_2|mux_joc:auto_generated|_~96             ; |memctrl|asyncram:inst|lpm_mux:mem_rtl_2|mux_joc:auto_generated|_~96             ; out0             ;
; |memctrl|asyncram:inst|lpm_mux:mem_rtl_2|mux_joc:auto_generated|_~97             ; |memctrl|asyncram:inst|lpm_mux:mem_rtl_2|mux_joc:auto_generated|_~97             ; out0             ;
; |memctrl|asyncram:inst|lpm_mux:mem_rtl_2|mux_joc:auto_generated|_~98             ; |memctrl|asyncram:inst|lpm_mux:mem_rtl_2|mux_joc:auto_generated|_~98             ; out0             ;
; |memctrl|asyncram:inst|lpm_mux:mem_rtl_2|mux_joc:auto_generated|_~99             ; |memctrl|asyncram:inst|lpm_mux:mem_rtl_2|mux_joc:auto_generated|_~99             ; out0             ;
; |memctrl|asyncram:inst|lpm_mux:mem_rtl_2|mux_joc:auto_generated|_~100            ; |memctrl|asyncram:inst|lpm_mux:mem_rtl_2|mux_joc:auto_generated|_~100            ; out0             ;
; |memctrl|asyncram:inst|lpm_mux:mem_rtl_2|mux_joc:auto_generated|_~101            ; |memctrl|asyncram:inst|lpm_mux:mem_rtl_2|mux_joc:auto_generated|_~101            ; out0             ;
; |memctrl|asyncram:inst|lpm_mux:mem_rtl_2|mux_joc:auto_generated|_~102            ; |memctrl|asyncram:inst|lpm_mux:mem_rtl_2|mux_joc:auto_generated|_~102            ; out0             ;
; |memctrl|asyncram:inst|lpm_mux:mem_rtl_2|mux_joc:auto_generated|_~103            ; |memctrl|asyncram:inst|lpm_mux:mem_rtl_2|mux_joc:auto_generated|_~103            ; out0             ;
; |memctrl|asyncram:inst|lpm_mux:mem_rtl_2|mux_joc:auto_generated|_~104            ; |memctrl|asyncram:inst|lpm_mux:mem_rtl_2|mux_joc:auto_generated|_~104            ; out0             ;
; |memctrl|asyncram:inst|lpm_mux:mem_rtl_2|mux_joc:auto_generated|_~105            ; |memctrl|asyncram:inst|lpm_mux:mem_rtl_2|mux_joc:auto_generated|_~105            ; out0             ;
; |memctrl|asyncram:inst|lpm_mux:mem_rtl_2|mux_joc:auto_generated|_~106            ; |memctrl|asyncram:inst|lpm_mux:mem_rtl_2|mux_joc:auto_generated|_~106            ; out0             ;
; |memctrl|asyncram:inst|lpm_mux:mem_rtl_2|mux_joc:auto_generated|_~107            ; |memctrl|asyncram:inst|lpm_mux:mem_rtl_2|mux_joc:auto_generated|_~107            ; out0             ;
; |memctrl|asyncram:inst|lpm_mux:mem_rtl_2|mux_joc:auto_generated|_~108            ; |memctrl|asyncram:inst|lpm_mux:mem_rtl_2|mux_joc:auto_generated|_~108            ; out0             ;
; |memctrl|asyncram:inst|lpm_mux:mem_rtl_2|mux_joc:auto_generated|_~109            ; |memctrl|asyncram:inst|lpm_mux:mem_rtl_2|mux_joc:auto_generated|_~109            ; out0             ;
; |memctrl|asyncram:inst|lpm_mux:mem_rtl_2|mux_joc:auto_generated|_~110            ; |memctrl|asyncram:inst|lpm_mux:mem_rtl_2|mux_joc:auto_generated|_~110            ; out0             ;
; |memctrl|asyncram:inst|lpm_mux:mem_rtl_2|mux_joc:auto_generated|_~111            ; |memctrl|asyncram:inst|lpm_mux:mem_rtl_2|mux_joc:auto_generated|_~111            ; out0             ;
; |memctrl|asyncram:inst|lpm_mux:mem_rtl_2|mux_joc:auto_generated|_~112            ; |memctrl|asyncram:inst|lpm_mux:mem_rtl_2|mux_joc:auto_generated|_~112            ; out0             ;
; |memctrl|asyncram:inst|lpm_mux:mem_rtl_2|mux_joc:auto_generated|_~113            ; |memctrl|asyncram:inst|lpm_mux:mem_rtl_2|mux_joc:auto_generated|_~113            ; out0             ;
; |memctrl|asyncram:inst|lpm_mux:mem_rtl_2|mux_joc:auto_generated|_~114            ; |memctrl|asyncram:inst|lpm_mux:mem_rtl_2|mux_joc:auto_generated|_~114            ; out0             ;
; |memctrl|asyncram:inst|lpm_mux:mem_rtl_2|mux_joc:auto_generated|_~116            ; |memctrl|asyncram:inst|lpm_mux:mem_rtl_2|mux_joc:auto_generated|_~116            ; out0             ;
; |memctrl|asyncram:inst|lpm_mux:mem_rtl_2|mux_joc:auto_generated|_~117            ; |memctrl|asyncram:inst|lpm_mux:mem_rtl_2|mux_joc:auto_generated|_~117            ; out0             ;
; |memctrl|asyncram:inst|lpm_mux:mem_rtl_2|mux_joc:auto_generated|_~118            ; |memctrl|asyncram:inst|lpm_mux:mem_rtl_2|mux_joc:auto_generated|_~118            ; out0             ;
; |memctrl|asyncram:inst|lpm_mux:mem_rtl_2|mux_joc:auto_generated|_~119            ; |memctrl|asyncram:inst|lpm_mux:mem_rtl_2|mux_joc:auto_generated|_~119            ; out0             ;
; |memctrl|asyncram:inst|lpm_mux:mem_rtl_2|mux_joc:auto_generated|_~120            ; |memctrl|asyncram:inst|lpm_mux:mem_rtl_2|mux_joc:auto_generated|_~120            ; out0             ;
; |memctrl|asyncram:inst|lpm_mux:mem_rtl_2|mux_joc:auto_generated|_~122            ; |memctrl|asyncram:inst|lpm_mux:mem_rtl_2|mux_joc:auto_generated|_~122            ; out0             ;
; |memctrl|asyncram:inst|lpm_mux:mem_rtl_2|mux_joc:auto_generated|_~124            ; |memctrl|asyncram:inst|lpm_mux:mem_rtl_2|mux_joc:auto_generated|_~124            ; out0             ;
; |memctrl|asyncram:inst|lpm_mux:mem_rtl_2|mux_joc:auto_generated|_~127            ; |memctrl|asyncram:inst|lpm_mux:mem_rtl_2|mux_joc:auto_generated|_~127            ; out0             ;
; |memctrl|asyncram:inst|lpm_mux:mem_rtl_2|mux_joc:auto_generated|_~128            ; |memctrl|asyncram:inst|lpm_mux:mem_rtl_2|mux_joc:auto_generated|_~128            ; out0             ;
; |memctrl|asyncram:inst|lpm_mux:mem_rtl_2|mux_joc:auto_generated|_~129            ; |memctrl|asyncram:inst|lpm_mux:mem_rtl_2|mux_joc:auto_generated|_~129            ; out0             ;
; |memctrl|asyncram:inst|lpm_mux:mem_rtl_2|mux_joc:auto_generated|_~131            ; |memctrl|asyncram:inst|lpm_mux:mem_rtl_2|mux_joc:auto_generated|_~131            ; out0             ;
; |memctrl|asyncram:inst|lpm_mux:mem_rtl_2|mux_joc:auto_generated|_~133            ; |memctrl|asyncram:inst|lpm_mux:mem_rtl_2|mux_joc:auto_generated|_~133            ; out0             ;
; |memctrl|asyncram:inst|lpm_mux:mem_rtl_2|mux_joc:auto_generated|_~136            ; |memctrl|asyncram:inst|lpm_mux:mem_rtl_2|mux_joc:auto_generated|_~136            ; out0             ;
; |memctrl|asyncram:inst|lpm_mux:mem_rtl_2|mux_joc:auto_generated|_~137            ; |memctrl|asyncram:inst|lpm_mux:mem_rtl_2|mux_joc:auto_generated|_~137            ; out0             ;
; |memctrl|asyncram:inst|lpm_mux:mem_rtl_2|mux_joc:auto_generated|_~138            ; |memctrl|asyncram:inst|lpm_mux:mem_rtl_2|mux_joc:auto_generated|_~138            ; out0             ;
; |memctrl|asyncram:inst|lpm_mux:mem_rtl_2|mux_joc:auto_generated|_~142            ; |memctrl|asyncram:inst|lpm_mux:mem_rtl_2|mux_joc:auto_generated|_~142            ; out0             ;
; |memctrl|asyncram:inst|lpm_mux:mem_rtl_2|mux_joc:auto_generated|_~143            ; |memctrl|asyncram:inst|lpm_mux:mem_rtl_2|mux_joc:auto_generated|_~143            ; out0             ;
; |memctrl|asyncram:inst|lpm_mux:mem_rtl_2|mux_joc:auto_generated|result_node[0]~1 ; |memctrl|asyncram:inst|lpm_mux:mem_rtl_2|mux_joc:auto_generated|result_node[0]~1 ; out0             ;
; |memctrl|asyncram:inst|lpm_mux:mem_rtl_2|mux_joc:auto_generated|result_node[0]   ; |memctrl|asyncram:inst|lpm_mux:mem_rtl_2|mux_joc:auto_generated|result_node[0]   ; out0             ;
; |memctrl|asyncram:inst|lpm_mux:mem_rtl_1|mux_joc:auto_generated|_~1              ; |memctrl|asyncram:inst|lpm_mux:mem_rtl_1|mux_joc:auto_generated|_~1              ; out0             ;
; |memctrl|asyncram:inst|lpm_mux:mem_rtl_1|mux_joc:auto_generated|_~3              ; |memctrl|asyncram:inst|lpm_mux:mem_rtl_1|mux_joc:auto_generated|_~3              ; out0             ;
; |memctrl|asyncram:inst|lpm_mux:mem_rtl_1|mux_joc:auto_generated|_~5              ; |memctrl|asyncram:inst|lpm_mux:mem_rtl_1|mux_joc:auto_generated|_~5              ; out0             ;
; |memctrl|asyncram:inst|lpm_mux:mem_rtl_1|mux_joc:auto_generated|_~6              ; |memctrl|asyncram:inst|lpm_mux:mem_rtl_1|mux_joc:auto_generated|_~6              ; out0             ;
; |memctrl|asyncram:inst|lpm_mux:mem_rtl_1|mux_joc:auto_generated|_~7              ; |memctrl|asyncram:inst|lpm_mux:mem_rtl_1|mux_joc:auto_generated|_~7              ; out0             ;
; |memctrl|asyncram:inst|lpm_mux:mem_rtl_1|mux_joc:auto_generated|_~8              ; |memctrl|asyncram:inst|lpm_mux:mem_rtl_1|mux_joc:auto_generated|_~8              ; out0             ;
; |memctrl|asyncram:inst|lpm_mux:mem_rtl_1|mux_joc:auto_generated|_~10             ; |memctrl|asyncram:inst|lpm_mux:mem_rtl_1|mux_joc:auto_generated|_~10             ; out0             ;
; |memctrl|asyncram:inst|lpm_mux:mem_rtl_1|mux_joc:auto_generated|_~12             ; |memctrl|asyncram:inst|lpm_mux:mem_rtl_1|mux_joc:auto_generated|_~12             ; out0             ;
; |memctrl|asyncram:inst|lpm_mux:mem_rtl_1|mux_joc:auto_generated|_~14             ; |memctrl|asyncram:inst|lpm_mux:mem_rtl_1|mux_joc:auto_generated|_~14             ; out0             ;
; |memctrl|asyncram:inst|lpm_mux:mem_rtl_1|mux_joc:auto_generated|_~15             ; |memctrl|asyncram:inst|lpm_mux:mem_rtl_1|mux_joc:auto_generated|_~15             ; out0             ;
; |memctrl|asyncram:inst|lpm_mux:mem_rtl_1|mux_joc:auto_generated|_~16             ; |memctrl|asyncram:inst|lpm_mux:mem_rtl_1|mux_joc:auto_generated|_~16             ; out0             ;
; |memctrl|asyncram:inst|lpm_mux:mem_rtl_1|mux_joc:auto_generated|_~17             ; |memctrl|asyncram:inst|lpm_mux:mem_rtl_1|mux_joc:auto_generated|_~17             ; out0             ;
; |memctrl|asyncram:inst|lpm_mux:mem_rtl_1|mux_joc:auto_generated|_~19             ; |memctrl|asyncram:inst|lpm_mux:mem_rtl_1|mux_joc:auto_generated|_~19             ; out0             ;
; |memctrl|asyncram:inst|lpm_mux:mem_rtl_1|mux_joc:auto_generated|_~20             ; |memctrl|asyncram:inst|lpm_mux:mem_rtl_1|mux_joc:auto_generated|_~20             ; out0             ;
; |memctrl|asyncram:inst|lpm_mux:mem_rtl_1|mux_joc:auto_generated|_~21             ; |memctrl|asyncram:inst|lpm_mux:mem_rtl_1|mux_joc:auto_generated|_~21             ; out0             ;
; |memctrl|asyncram:inst|lpm_mux:mem_rtl_1|mux_joc:auto_generated|_~22             ; |memctrl|asyncram:inst|lpm_mux:mem_rtl_1|mux_joc:auto_generated|_~22             ; out0             ;
; |memctrl|asyncram:inst|lpm_mux:mem_rtl_1|mux_joc:auto_generated|_~23             ; |memctrl|asyncram:inst|lpm_mux:mem_rtl_1|mux_joc:auto_generated|_~23             ; out0             ;
; |memctrl|asyncram:inst|lpm_mux:mem_rtl_1|mux_joc:auto_generated|_~24             ; |memctrl|asyncram:inst|lpm_mux:mem_rtl_1|mux_joc:auto_generated|_~24             ; out0             ;
; |memctrl|asyncram:inst|lpm_mux:mem_rtl_1|mux_joc:auto_generated|_~25             ; |memctrl|asyncram:inst|lpm_mux:mem_rtl_1|mux_joc:auto_generated|_~25             ; out0             ;
; |memctrl|asyncram:inst|lpm_mux:mem_rtl_1|mux_joc:auto_generated|_~26             ; |memctrl|asyncram:inst|lpm_mux:mem_rtl_1|mux_joc:auto_generated|_~26             ; out0             ;
; |memctrl|asyncram:inst|lpm_mux:mem_rtl_1|mux_joc:auto_generated|_~27             ; |memctrl|asyncram:inst|lpm_mux:mem_rtl_1|mux_joc:auto_generated|_~27             ; out0             ;
; |memctrl|asyncram:inst|lpm_mux:mem_rtl_1|mux_joc:auto_generated|_~28             ; |memctrl|asyncram:inst|lpm_mux:mem_rtl_1|mux_joc:auto_generated|_~28             ; out0             ;
; |memctrl|asyncram:inst|lpm_mux:mem_rtl_1|mux_joc:auto_generated|_~29             ; |memctrl|asyncram:inst|lpm_mux:mem_rtl_1|mux_joc:auto_generated|_~29             ; out0             ;
; |memctrl|asyncram:inst|lpm_mux:mem_rtl_1|mux_joc:auto_generated|_~30             ; |memctrl|asyncram:inst|lpm_mux:mem_rtl_1|mux_joc:auto_generated|_~30             ; out0             ;
; |memctrl|asyncram:inst|lpm_mux:mem_rtl_1|mux_joc:auto_generated|_~31             ; |memctrl|asyncram:inst|lpm_mux:mem_rtl_1|mux_joc:auto_generated|_~31             ; out0             ;
; |memctrl|asyncram:inst|lpm_mux:mem_rtl_1|mux_joc:auto_generated|_~32             ; |memctrl|asyncram:inst|lpm_mux:mem_rtl_1|mux_joc:auto_generated|_~32             ; out0             ;
; |memctrl|asyncram:inst|lpm_mux:mem_rtl_1|mux_joc:auto_generated|_~33             ; |memctrl|asyncram:inst|lpm_mux:mem_rtl_1|mux_joc:auto_generated|_~33             ; out0             ;
; |memctrl|asyncram:inst|lpm_mux:mem_rtl_1|mux_joc:auto_generated|_~34             ; |memctrl|asyncram:inst|lpm_mux:mem_rtl_1|mux_joc:auto_generated|_~34             ; out0             ;
; |memctrl|asyncram:inst|lpm_mux:mem_rtl_1|mux_joc:auto_generated|_~35             ; |memctrl|asyncram:inst|lpm_mux:mem_rtl_1|mux_joc:auto_generated|_~35             ; out0             ;
; |memctrl|asyncram:inst|lpm_mux:mem_rtl_1|mux_joc:auto_generated|_~36             ; |memctrl|asyncram:inst|lpm_mux:mem_rtl_1|mux_joc:auto_generated|_~36             ; out0             ;
; |memctrl|asyncram:inst|lpm_mux:mem_rtl_1|mux_joc:auto_generated|_~37             ; |memctrl|asyncram:inst|lpm_mux:mem_rtl_1|mux_joc:auto_generated|_~37             ; out0             ;
; |memctrl|asyncram:inst|lpm_mux:mem_rtl_1|mux_joc:auto_generated|_~38             ; |memctrl|asyncram:inst|lpm_mux:mem_rtl_1|mux_joc:auto_generated|_~38             ; out0             ;
; |memctrl|asyncram:inst|lpm_mux:mem_rtl_1|mux_joc:auto_generated|_~39             ; |memctrl|asyncram:inst|lpm_mux:mem_rtl_1|mux_joc:auto_generated|_~39             ; out0             ;
; |memctrl|asyncram:inst|lpm_mux:mem_rtl_1|mux_joc:auto_generated|_~40             ; |memctrl|asyncram:inst|lpm_mux:mem_rtl_1|mux_joc:auto_generated|_~40             ; out0             ;
; |memctrl|asyncram:inst|lpm_mux:mem_rtl_1|mux_joc:auto_generated|_~41             ; |memctrl|asyncram:inst|lpm_mux:mem_rtl_1|mux_joc:auto_generated|_~41             ; out0             ;
; |memctrl|asyncram:inst|lpm_mux:mem_rtl_1|mux_joc:auto_generated|_~42             ; |memctrl|asyncram:inst|lpm_mux:mem_rtl_1|mux_joc:auto_generated|_~42             ; out0             ;
; |memctrl|asyncram:inst|lpm_mux:mem_rtl_1|mux_joc:auto_generated|_~43             ; |memctrl|asyncram:inst|lpm_mux:mem_rtl_1|mux_joc:auto_generated|_~43             ; out0             ;
; |memctrl|asyncram:inst|lpm_mux:mem_rtl_1|mux_joc:auto_generated|_~44             ; |memctrl|asyncram:inst|lpm_mux:mem_rtl_1|mux_joc:auto_generated|_~44             ; out0             ;
; |memctrl|asyncram:inst|lpm_mux:mem_rtl_1|mux_joc:auto_generated|_~45             ; |memctrl|asyncram:inst|lpm_mux:mem_rtl_1|mux_joc:auto_generated|_~45             ; out0             ;
; |memctrl|asyncram:inst|lpm_mux:mem_rtl_1|mux_joc:auto_generated|_~46             ; |memctrl|asyncram:inst|lpm_mux:mem_rtl_1|mux_joc:auto_generated|_~46             ; out0             ;
; |memctrl|asyncram:inst|lpm_mux:mem_rtl_1|mux_joc:auto_generated|_~47             ; |memctrl|asyncram:inst|lpm_mux:mem_rtl_1|mux_joc:auto_generated|_~47             ; out0             ;
; |memctrl|asyncram:inst|lpm_mux:mem_rtl_1|mux_joc:auto_generated|_~48             ; |memctrl|asyncram:inst|lpm_mux:mem_rtl_1|mux_joc:auto_generated|_~48             ; out0             ;
; |memctrl|asyncram:inst|lpm_mux:mem_rtl_1|mux_joc:auto_generated|_~49             ; |memctrl|asyncram:inst|lpm_mux:mem_rtl_1|mux_joc:auto_generated|_~49             ; out0             ;
; |memctrl|asyncram:inst|lpm_mux:mem_rtl_1|mux_joc:auto_generated|_~50             ; |memctrl|asyncram:inst|lpm_mux:mem_rtl_1|mux_joc:auto_generated|_~50             ; out0             ;
; |memctrl|asyncram:inst|lpm_mux:mem_rtl_1|mux_joc:auto_generated|_~51             ; |memctrl|asyncram:inst|lpm_mux:mem_rtl_1|mux_joc:auto_generated|_~51             ; out0             ;
; |memctrl|asyncram:inst|lpm_mux:mem_rtl_1|mux_joc:auto_generated|_~52             ; |memctrl|asyncram:inst|lpm_mux:mem_rtl_1|mux_joc:auto_generated|_~52             ; out0             ;
; |memctrl|asyncram:inst|lpm_mux:mem_rtl_1|mux_joc:auto_generated|_~53             ; |memctrl|asyncram:inst|lpm_mux:mem_rtl_1|mux_joc:auto_generated|_~53             ; out0             ;
; |memctrl|asyncram:inst|lpm_mux:mem_rtl_1|mux_joc:auto_generated|_~54             ; |memctrl|asyncram:inst|lpm_mux:mem_rtl_1|mux_joc:auto_generated|_~54             ; out0             ;
; |memctrl|asyncram:inst|lpm_mux:mem_rtl_1|mux_joc:auto_generated|_~55             ; |memctrl|asyncram:inst|lpm_mux:mem_rtl_1|mux_joc:auto_generated|_~55             ; out0             ;
; |memctrl|asyncram:inst|lpm_mux:mem_rtl_1|mux_joc:auto_generated|_~56             ; |memctrl|asyncram:inst|lpm_mux:mem_rtl_1|mux_joc:auto_generated|_~56             ; out0             ;
; |memctrl|asyncram:inst|lpm_mux:mem_rtl_1|mux_joc:auto_generated|_~57             ; |memctrl|asyncram:inst|lpm_mux:mem_rtl_1|mux_joc:auto_generated|_~57             ; out0             ;
; |memctrl|asyncram:inst|lpm_mux:mem_rtl_1|mux_joc:auto_generated|_~58             ; |memctrl|asyncram:inst|lpm_mux:mem_rtl_1|mux_joc:auto_generated|_~58             ; out0             ;
; |memctrl|asyncram:inst|lpm_mux:mem_rtl_1|mux_joc:auto_generated|_~59             ; |memctrl|asyncram:inst|lpm_mux:mem_rtl_1|mux_joc:auto_generated|_~59             ; out0             ;
; |memctrl|asyncram:inst|lpm_mux:mem_rtl_1|mux_joc:auto_generated|_~60             ; |memctrl|asyncram:inst|lpm_mux:mem_rtl_1|mux_joc:auto_generated|_~60             ; out0             ;
; |memctrl|asyncram:inst|lpm_mux:mem_rtl_1|mux_joc:auto_generated|_~61             ; |memctrl|asyncram:inst|lpm_mux:mem_rtl_1|mux_joc:auto_generated|_~61             ; out0             ;
; |memctrl|asyncram:inst|lpm_mux:mem_rtl_1|mux_joc:auto_generated|_~62             ; |memctrl|asyncram:inst|lpm_mux:mem_rtl_1|mux_joc:auto_generated|_~62             ; out0             ;
; |memctrl|asyncram:inst|lpm_mux:mem_rtl_1|mux_joc:auto_generated|_~63             ; |memctrl|asyncram:inst|lpm_mux:mem_rtl_1|mux_joc:auto_generated|_~63             ; out0             ;
; |memctrl|asyncram:inst|lpm_mux:mem_rtl_1|mux_joc:auto_generated|_~64             ; |memctrl|asyncram:inst|lpm_mux:mem_rtl_1|mux_joc:auto_generated|_~64             ; out0             ;
; |memctrl|asyncram:inst|lpm_mux:mem_rtl_1|mux_joc:auto_generated|_~66             ; |memctrl|asyncram:inst|lpm_mux:mem_rtl_1|mux_joc:auto_generated|_~66             ; out0             ;
; |memctrl|asyncram:inst|lpm_mux:mem_rtl_1|mux_joc:auto_generated|_~67             ; |memctrl|asyncram:inst|lpm_mux:mem_rtl_1|mux_joc:auto_generated|_~67             ; out0             ;
; |memctrl|asyncram:inst|lpm_mux:mem_rtl_1|mux_joc:auto_generated|_~68             ; |memctrl|asyncram:inst|lpm_mux:mem_rtl_1|mux_joc:auto_generated|_~68             ; out0             ;
; |memctrl|asyncram:inst|lpm_mux:mem_rtl_1|mux_joc:auto_generated|_~69             ; |memctrl|asyncram:inst|lpm_mux:mem_rtl_1|mux_joc:auto_generated|_~69             ; out0             ;
; |memctrl|asyncram:inst|lpm_mux:mem_rtl_1|mux_joc:auto_generated|_~70             ; |memctrl|asyncram:inst|lpm_mux:mem_rtl_1|mux_joc:auto_generated|_~70             ; out0             ;
; |memctrl|asyncram:inst|lpm_mux:mem_rtl_1|mux_joc:auto_generated|_~71             ; |memctrl|asyncram:inst|lpm_mux:mem_rtl_1|mux_joc:auto_generated|_~71             ; out0             ;
; |memctrl|asyncram:inst|lpm_mux:mem_rtl_1|mux_joc:auto_generated|result_node[0]~0 ; |memctrl|asyncram:inst|lpm_mux:mem_rtl_1|mux_joc:auto_generated|result_node[0]~0 ; out0             ;
; |memctrl|asyncram:inst|lpm_mux:mem_rtl_1|mux_joc:auto_generated|_~72             ; |memctrl|asyncram:inst|lpm_mux:mem_rtl_1|mux_joc:auto_generated|_~72             ; out0             ;
; |memctrl|asyncram:inst|lpm_mux:mem_rtl_1|mux_joc:auto_generated|_~73             ; |memctrl|asyncram:inst|lpm_mux:mem_rtl_1|mux_joc:auto_generated|_~73             ; out0             ;
; |memctrl|asyncram:inst|lpm_mux:mem_rtl_1|mux_joc:auto_generated|_~74             ; |memctrl|asyncram:inst|lpm_mux:mem_rtl_1|mux_joc:auto_generated|_~74             ; out0             ;
; |memctrl|asyncram:inst|lpm_mux:mem_rtl_1|mux_joc:auto_generated|_~75             ; |memctrl|asyncram:inst|lpm_mux:mem_rtl_1|mux_joc:auto_generated|_~75             ; out0             ;
; |memctrl|asyncram:inst|lpm_mux:mem_rtl_1|mux_joc:auto_generated|_~76             ; |memctrl|asyncram:inst|lpm_mux:mem_rtl_1|mux_joc:auto_generated|_~76             ; out0             ;
; |memctrl|asyncram:inst|lpm_mux:mem_rtl_1|mux_joc:auto_generated|_~77             ; |memctrl|asyncram:inst|lpm_mux:mem_rtl_1|mux_joc:auto_generated|_~77             ; out0             ;
; |memctrl|asyncram:inst|lpm_mux:mem_rtl_1|mux_joc:auto_generated|_~78             ; |memctrl|asyncram:inst|lpm_mux:mem_rtl_1|mux_joc:auto_generated|_~78             ; out0             ;
; |memctrl|asyncram:inst|lpm_mux:mem_rtl_1|mux_joc:auto_generated|_~79             ; |memctrl|asyncram:inst|lpm_mux:mem_rtl_1|mux_joc:auto_generated|_~79             ; out0             ;
; |memctrl|asyncram:inst|lpm_mux:mem_rtl_1|mux_joc:auto_generated|_~80             ; |memctrl|asyncram:inst|lpm_mux:mem_rtl_1|mux_joc:auto_generated|_~80             ; out0             ;
; |memctrl|asyncram:inst|lpm_mux:mem_rtl_1|mux_joc:auto_generated|_~81             ; |memctrl|asyncram:inst|lpm_mux:mem_rtl_1|mux_joc:auto_generated|_~81             ; out0             ;
; |memctrl|asyncram:inst|lpm_mux:mem_rtl_1|mux_joc:auto_generated|_~82             ; |memctrl|asyncram:inst|lpm_mux:mem_rtl_1|mux_joc:auto_generated|_~82             ; out0             ;
; |memctrl|asyncram:inst|lpm_mux:mem_rtl_1|mux_joc:auto_generated|_~83             ; |memctrl|asyncram:inst|lpm_mux:mem_rtl_1|mux_joc:auto_generated|_~83             ; out0             ;
; |memctrl|asyncram:inst|lpm_mux:mem_rtl_1|mux_joc:auto_generated|_~84             ; |memctrl|asyncram:inst|lpm_mux:mem_rtl_1|mux_joc:auto_generated|_~84             ; out0             ;
; |memctrl|asyncram:inst|lpm_mux:mem_rtl_1|mux_joc:auto_generated|_~85             ; |memctrl|asyncram:inst|lpm_mux:mem_rtl_1|mux_joc:auto_generated|_~85             ; out0             ;
; |memctrl|asyncram:inst|lpm_mux:mem_rtl_1|mux_joc:auto_generated|_~86             ; |memctrl|asyncram:inst|lpm_mux:mem_rtl_1|mux_joc:auto_generated|_~86             ; out0             ;
; |memctrl|asyncram:inst|lpm_mux:mem_rtl_1|mux_joc:auto_generated|_~87             ; |memctrl|asyncram:inst|lpm_mux:mem_rtl_1|mux_joc:auto_generated|_~87             ; out0             ;
; |memctrl|asyncram:inst|lpm_mux:mem_rtl_1|mux_joc:auto_generated|_~88             ; |memctrl|asyncram:inst|lpm_mux:mem_rtl_1|mux_joc:auto_generated|_~88             ; out0             ;
; |memctrl|asyncram:inst|lpm_mux:mem_rtl_1|mux_joc:auto_generated|_~89             ; |memctrl|asyncram:inst|lpm_mux:mem_rtl_1|mux_joc:auto_generated|_~89             ; out0             ;
; |memctrl|asyncram:inst|lpm_mux:mem_rtl_1|mux_joc:auto_generated|_~90             ; |memctrl|asyncram:inst|lpm_mux:mem_rtl_1|mux_joc:auto_generated|_~90             ; out0             ;
; |memctrl|asyncram:inst|lpm_mux:mem_rtl_1|mux_joc:auto_generated|_~91             ; |memctrl|asyncram:inst|lpm_mux:mem_rtl_1|mux_joc:auto_generated|_~91             ; out0             ;
; |memctrl|asyncram:inst|lpm_mux:mem_rtl_1|mux_joc:auto_generated|_~92             ; |memctrl|asyncram:inst|lpm_mux:mem_rtl_1|mux_joc:auto_generated|_~92             ; out0             ;
; |memctrl|asyncram:inst|lpm_mux:mem_rtl_1|mux_joc:auto_generated|_~93             ; |memctrl|asyncram:inst|lpm_mux:mem_rtl_1|mux_joc:auto_generated|_~93             ; out0             ;
; |memctrl|asyncram:inst|lpm_mux:mem_rtl_1|mux_joc:auto_generated|_~94             ; |memctrl|asyncram:inst|lpm_mux:mem_rtl_1|mux_joc:auto_generated|_~94             ; out0             ;
; |memctrl|asyncram:inst|lpm_mux:mem_rtl_1|mux_joc:auto_generated|_~95             ; |memctrl|asyncram:inst|lpm_mux:mem_rtl_1|mux_joc:auto_generated|_~95             ; out0             ;
; |memctrl|asyncram:inst|lpm_mux:mem_rtl_1|mux_joc:auto_generated|_~96             ; |memctrl|asyncram:inst|lpm_mux:mem_rtl_1|mux_joc:auto_generated|_~96             ; out0             ;
; |memctrl|asyncram:inst|lpm_mux:mem_rtl_1|mux_joc:auto_generated|_~97             ; |memctrl|asyncram:inst|lpm_mux:mem_rtl_1|mux_joc:auto_generated|_~97             ; out0             ;
; |memctrl|asyncram:inst|lpm_mux:mem_rtl_1|mux_joc:auto_generated|_~98             ; |memctrl|asyncram:inst|lpm_mux:mem_rtl_1|mux_joc:auto_generated|_~98             ; out0             ;
; |memctrl|asyncram:inst|lpm_mux:mem_rtl_1|mux_joc:auto_generated|_~99             ; |memctrl|asyncram:inst|lpm_mux:mem_rtl_1|mux_joc:auto_generated|_~99             ; out0             ;
; |memctrl|asyncram:inst|lpm_mux:mem_rtl_1|mux_joc:auto_generated|_~100            ; |memctrl|asyncram:inst|lpm_mux:mem_rtl_1|mux_joc:auto_generated|_~100            ; out0             ;
; |memctrl|asyncram:inst|lpm_mux:mem_rtl_1|mux_joc:auto_generated|_~101            ; |memctrl|asyncram:inst|lpm_mux:mem_rtl_1|mux_joc:auto_generated|_~101            ; out0             ;
; |memctrl|asyncram:inst|lpm_mux:mem_rtl_1|mux_joc:auto_generated|_~102            ; |memctrl|asyncram:inst|lpm_mux:mem_rtl_1|mux_joc:auto_generated|_~102            ; out0             ;
; |memctrl|asyncram:inst|lpm_mux:mem_rtl_1|mux_joc:auto_generated|_~103            ; |memctrl|asyncram:inst|lpm_mux:mem_rtl_1|mux_joc:auto_generated|_~103            ; out0             ;
; |memctrl|asyncram:inst|lpm_mux:mem_rtl_1|mux_joc:auto_generated|_~104            ; |memctrl|asyncram:inst|lpm_mux:mem_rtl_1|mux_joc:auto_generated|_~104            ; out0             ;
; |memctrl|asyncram:inst|lpm_mux:mem_rtl_1|mux_joc:auto_generated|_~105            ; |memctrl|asyncram:inst|lpm_mux:mem_rtl_1|mux_joc:auto_generated|_~105            ; out0             ;
; |memctrl|asyncram:inst|lpm_mux:mem_rtl_1|mux_joc:auto_generated|_~106            ; |memctrl|asyncram:inst|lpm_mux:mem_rtl_1|mux_joc:auto_generated|_~106            ; out0             ;
; |memctrl|asyncram:inst|lpm_mux:mem_rtl_1|mux_joc:auto_generated|_~107            ; |memctrl|asyncram:inst|lpm_mux:mem_rtl_1|mux_joc:auto_generated|_~107            ; out0             ;
; |memctrl|asyncram:inst|lpm_mux:mem_rtl_1|mux_joc:auto_generated|_~108            ; |memctrl|asyncram:inst|lpm_mux:mem_rtl_1|mux_joc:auto_generated|_~108            ; out0             ;
; |memctrl|asyncram:inst|lpm_mux:mem_rtl_1|mux_joc:auto_generated|_~109            ; |memctrl|asyncram:inst|lpm_mux:mem_rtl_1|mux_joc:auto_generated|_~109            ; out0             ;
; |memctrl|asyncram:inst|lpm_mux:mem_rtl_1|mux_joc:auto_generated|_~110            ; |memctrl|asyncram:inst|lpm_mux:mem_rtl_1|mux_joc:auto_generated|_~110            ; out0             ;
; |memctrl|asyncram:inst|lpm_mux:mem_rtl_1|mux_joc:auto_generated|_~111            ; |memctrl|asyncram:inst|lpm_mux:mem_rtl_1|mux_joc:auto_generated|_~111            ; out0             ;
; |memctrl|asyncram:inst|lpm_mux:mem_rtl_1|mux_joc:auto_generated|_~112            ; |memctrl|asyncram:inst|lpm_mux:mem_rtl_1|mux_joc:auto_generated|_~112            ; out0             ;
; |memctrl|asyncram:inst|lpm_mux:mem_rtl_1|mux_joc:auto_generated|_~113            ; |memctrl|asyncram:inst|lpm_mux:mem_rtl_1|mux_joc:auto_generated|_~113            ; out0             ;
; |memctrl|asyncram:inst|lpm_mux:mem_rtl_1|mux_joc:auto_generated|_~114            ; |memctrl|asyncram:inst|lpm_mux:mem_rtl_1|mux_joc:auto_generated|_~114            ; out0             ;
; |memctrl|asyncram:inst|lpm_mux:mem_rtl_1|mux_joc:auto_generated|_~116            ; |memctrl|asyncram:inst|lpm_mux:mem_rtl_1|mux_joc:auto_generated|_~116            ; out0             ;
; |memctrl|asyncram:inst|lpm_mux:mem_rtl_1|mux_joc:auto_generated|_~117            ; |memctrl|asyncram:inst|lpm_mux:mem_rtl_1|mux_joc:auto_generated|_~117            ; out0             ;
; |memctrl|asyncram:inst|lpm_mux:mem_rtl_1|mux_joc:auto_generated|_~118            ; |memctrl|asyncram:inst|lpm_mux:mem_rtl_1|mux_joc:auto_generated|_~118            ; out0             ;
; |memctrl|asyncram:inst|lpm_mux:mem_rtl_1|mux_joc:auto_generated|_~119            ; |memctrl|asyncram:inst|lpm_mux:mem_rtl_1|mux_joc:auto_generated|_~119            ; out0             ;
; |memctrl|asyncram:inst|lpm_mux:mem_rtl_1|mux_joc:auto_generated|_~120            ; |memctrl|asyncram:inst|lpm_mux:mem_rtl_1|mux_joc:auto_generated|_~120            ; out0             ;
; |memctrl|asyncram:inst|lpm_mux:mem_rtl_1|mux_joc:auto_generated|_~122            ; |memctrl|asyncram:inst|lpm_mux:mem_rtl_1|mux_joc:auto_generated|_~122            ; out0             ;
; |memctrl|asyncram:inst|lpm_mux:mem_rtl_1|mux_joc:auto_generated|_~124            ; |memctrl|asyncram:inst|lpm_mux:mem_rtl_1|mux_joc:auto_generated|_~124            ; out0             ;
; |memctrl|asyncram:inst|lpm_mux:mem_rtl_1|mux_joc:auto_generated|_~127            ; |memctrl|asyncram:inst|lpm_mux:mem_rtl_1|mux_joc:auto_generated|_~127            ; out0             ;
; |memctrl|asyncram:inst|lpm_mux:mem_rtl_1|mux_joc:auto_generated|_~128            ; |memctrl|asyncram:inst|lpm_mux:mem_rtl_1|mux_joc:auto_generated|_~128            ; out0             ;
; |memctrl|asyncram:inst|lpm_mux:mem_rtl_1|mux_joc:auto_generated|_~129            ; |memctrl|asyncram:inst|lpm_mux:mem_rtl_1|mux_joc:auto_generated|_~129            ; out0             ;
; |memctrl|asyncram:inst|lpm_mux:mem_rtl_1|mux_joc:auto_generated|_~131            ; |memctrl|asyncram:inst|lpm_mux:mem_rtl_1|mux_joc:auto_generated|_~131            ; out0             ;
; |memctrl|asyncram:inst|lpm_mux:mem_rtl_1|mux_joc:auto_generated|_~133            ; |memctrl|asyncram:inst|lpm_mux:mem_rtl_1|mux_joc:auto_generated|_~133            ; out0             ;
; |memctrl|asyncram:inst|lpm_mux:mem_rtl_1|mux_joc:auto_generated|_~136            ; |memctrl|asyncram:inst|lpm_mux:mem_rtl_1|mux_joc:auto_generated|_~136            ; out0             ;
; |memctrl|asyncram:inst|lpm_mux:mem_rtl_1|mux_joc:auto_generated|_~137            ; |memctrl|asyncram:inst|lpm_mux:mem_rtl_1|mux_joc:auto_generated|_~137            ; out0             ;
; |memctrl|asyncram:inst|lpm_mux:mem_rtl_1|mux_joc:auto_generated|_~138            ; |memctrl|asyncram:inst|lpm_mux:mem_rtl_1|mux_joc:auto_generated|_~138            ; out0             ;
; |memctrl|asyncram:inst|lpm_mux:mem_rtl_1|mux_joc:auto_generated|_~142            ; |memctrl|asyncram:inst|lpm_mux:mem_rtl_1|mux_joc:auto_generated|_~142            ; out0             ;
; |memctrl|asyncram:inst|lpm_mux:mem_rtl_1|mux_joc:auto_generated|_~143            ; |memctrl|asyncram:inst|lpm_mux:mem_rtl_1|mux_joc:auto_generated|_~143            ; out0             ;
; |memctrl|asyncram:inst|lpm_mux:mem_rtl_1|mux_joc:auto_generated|result_node[0]~1 ; |memctrl|asyncram:inst|lpm_mux:mem_rtl_1|mux_joc:auto_generated|result_node[0]~1 ; out0             ;
; |memctrl|asyncram:inst|lpm_mux:mem_rtl_1|mux_joc:auto_generated|result_node[0]   ; |memctrl|asyncram:inst|lpm_mux:mem_rtl_1|mux_joc:auto_generated|result_node[0]   ; out0             ;
; |memctrl|asyncram:inst|lpm_mux:mem_rtl_0|mux_joc:auto_generated|_~0              ; |memctrl|asyncram:inst|lpm_mux:mem_rtl_0|mux_joc:auto_generated|_~0              ; out0             ;
; |memctrl|asyncram:inst|lpm_mux:mem_rtl_0|mux_joc:auto_generated|_~1              ; |memctrl|asyncram:inst|lpm_mux:mem_rtl_0|mux_joc:auto_generated|_~1              ; out0             ;
; |memctrl|asyncram:inst|lpm_mux:mem_rtl_0|mux_joc:auto_generated|_~2              ; |memctrl|asyncram:inst|lpm_mux:mem_rtl_0|mux_joc:auto_generated|_~2              ; out0             ;
; |memctrl|asyncram:inst|lpm_mux:mem_rtl_0|mux_joc:auto_generated|_~3              ; |memctrl|asyncram:inst|lpm_mux:mem_rtl_0|mux_joc:auto_generated|_~3              ; out0             ;
; |memctrl|asyncram:inst|lpm_mux:mem_rtl_0|mux_joc:auto_generated|_~4              ; |memctrl|asyncram:inst|lpm_mux:mem_rtl_0|mux_joc:auto_generated|_~4              ; out0             ;
; |memctrl|asyncram:inst|lpm_mux:mem_rtl_0|mux_joc:auto_generated|_~5              ; |memctrl|asyncram:inst|lpm_mux:mem_rtl_0|mux_joc:auto_generated|_~5              ; out0             ;
; |memctrl|asyncram:inst|lpm_mux:mem_rtl_0|mux_joc:auto_generated|_~6              ; |memctrl|asyncram:inst|lpm_mux:mem_rtl_0|mux_joc:auto_generated|_~6              ; out0             ;
; |memctrl|asyncram:inst|lpm_mux:mem_rtl_0|mux_joc:auto_generated|_~7              ; |memctrl|asyncram:inst|lpm_mux:mem_rtl_0|mux_joc:auto_generated|_~7              ; out0             ;
; |memctrl|asyncram:inst|lpm_mux:mem_rtl_0|mux_joc:auto_generated|_~8              ; |memctrl|asyncram:inst|lpm_mux:mem_rtl_0|mux_joc:auto_generated|_~8              ; out0             ;
; |memctrl|asyncram:inst|lpm_mux:mem_rtl_0|mux_joc:auto_generated|_~9              ; |memctrl|asyncram:inst|lpm_mux:mem_rtl_0|mux_joc:auto_generated|_~9              ; out0             ;
; |memctrl|asyncram:inst|lpm_mux:mem_rtl_0|mux_joc:auto_generated|_~10             ; |memctrl|asyncram:inst|lpm_mux:mem_rtl_0|mux_joc:auto_generated|_~10             ; out0             ;
; |memctrl|asyncram:inst|lpm_mux:mem_rtl_0|mux_joc:auto_generated|_~11             ; |memctrl|asyncram:inst|lpm_mux:mem_rtl_0|mux_joc:auto_generated|_~11             ; out0             ;
; |memctrl|asyncram:inst|lpm_mux:mem_rtl_0|mux_joc:auto_generated|_~12             ; |memctrl|asyncram:inst|lpm_mux:mem_rtl_0|mux_joc:auto_generated|_~12             ; out0             ;
; |memctrl|asyncram:inst|lpm_mux:mem_rtl_0|mux_joc:auto_generated|_~13             ; |memctrl|asyncram:inst|lpm_mux:mem_rtl_0|mux_joc:auto_generated|_~13             ; out0             ;
; |memctrl|asyncram:inst|lpm_mux:mem_rtl_0|mux_joc:auto_generated|_~14             ; |memctrl|asyncram:inst|lpm_mux:mem_rtl_0|mux_joc:auto_generated|_~14             ; out0             ;
; |memctrl|asyncram:inst|lpm_mux:mem_rtl_0|mux_joc:auto_generated|_~15             ; |memctrl|asyncram:inst|lpm_mux:mem_rtl_0|mux_joc:auto_generated|_~15             ; out0             ;
; |memctrl|asyncram:inst|lpm_mux:mem_rtl_0|mux_joc:auto_generated|_~16             ; |memctrl|asyncram:inst|lpm_mux:mem_rtl_0|mux_joc:auto_generated|_~16             ; out0             ;
; |memctrl|asyncram:inst|lpm_mux:mem_rtl_0|mux_joc:auto_generated|_~17             ; |memctrl|asyncram:inst|lpm_mux:mem_rtl_0|mux_joc:auto_generated|_~17             ; out0             ;
; |memctrl|asyncram:inst|lpm_mux:mem_rtl_0|mux_joc:auto_generated|_~18             ; |memctrl|asyncram:inst|lpm_mux:mem_rtl_0|mux_joc:auto_generated|_~18             ; out0             ;
; |memctrl|asyncram:inst|lpm_mux:mem_rtl_0|mux_joc:auto_generated|_~19             ; |memctrl|asyncram:inst|lpm_mux:mem_rtl_0|mux_joc:auto_generated|_~19             ; out0             ;
; |memctrl|asyncram:inst|lpm_mux:mem_rtl_0|mux_joc:auto_generated|_~20             ; |memctrl|asyncram:inst|lpm_mux:mem_rtl_0|mux_joc:auto_generated|_~20             ; out0             ;
; |memctrl|asyncram:inst|lpm_mux:mem_rtl_0|mux_joc:auto_generated|_~21             ; |memctrl|asyncram:inst|lpm_mux:mem_rtl_0|mux_joc:auto_generated|_~21             ; out0             ;
; |memctrl|asyncram:inst|lpm_mux:mem_rtl_0|mux_joc:auto_generated|_~22             ; |memctrl|asyncram:inst|lpm_mux:mem_rtl_0|mux_joc:auto_generated|_~22             ; out0             ;
; |memctrl|asyncram:inst|lpm_mux:mem_rtl_0|mux_joc:auto_generated|_~23             ; |memctrl|asyncram:inst|lpm_mux:mem_rtl_0|mux_joc:auto_generated|_~23             ; out0             ;
; |memctrl|asyncram:inst|lpm_mux:mem_rtl_0|mux_joc:auto_generated|_~24             ; |memctrl|asyncram:inst|lpm_mux:mem_rtl_0|mux_joc:auto_generated|_~24             ; out0             ;
; |memctrl|asyncram:inst|lpm_mux:mem_rtl_0|mux_joc:auto_generated|_~25             ; |memctrl|asyncram:inst|lpm_mux:mem_rtl_0|mux_joc:auto_generated|_~25             ; out0             ;
; |memctrl|asyncram:inst|lpm_mux:mem_rtl_0|mux_joc:auto_generated|_~26             ; |memctrl|asyncram:inst|lpm_mux:mem_rtl_0|mux_joc:auto_generated|_~26             ; out0             ;
; |memctrl|asyncram:inst|lpm_mux:mem_rtl_0|mux_joc:auto_generated|_~27             ; |memctrl|asyncram:inst|lpm_mux:mem_rtl_0|mux_joc:auto_generated|_~27             ; out0             ;
; |memctrl|asyncram:inst|lpm_mux:mem_rtl_0|mux_joc:auto_generated|_~28             ; |memctrl|asyncram:inst|lpm_mux:mem_rtl_0|mux_joc:auto_generated|_~28             ; out0             ;
; |memctrl|asyncram:inst|lpm_mux:mem_rtl_0|mux_joc:auto_generated|_~29             ; |memctrl|asyncram:inst|lpm_mux:mem_rtl_0|mux_joc:auto_generated|_~29             ; out0             ;
; |memctrl|asyncram:inst|lpm_mux:mem_rtl_0|mux_joc:auto_generated|_~30             ; |memctrl|asyncram:inst|lpm_mux:mem_rtl_0|mux_joc:auto_generated|_~30             ; out0             ;
; |memctrl|asyncram:inst|lpm_mux:mem_rtl_0|mux_joc:auto_generated|_~31             ; |memctrl|asyncram:inst|lpm_mux:mem_rtl_0|mux_joc:auto_generated|_~31             ; out0             ;
; |memctrl|asyncram:inst|lpm_mux:mem_rtl_0|mux_joc:auto_generated|_~32             ; |memctrl|asyncram:inst|lpm_mux:mem_rtl_0|mux_joc:auto_generated|_~32             ; out0             ;
; |memctrl|asyncram:inst|lpm_mux:mem_rtl_0|mux_joc:auto_generated|_~33             ; |memctrl|asyncram:inst|lpm_mux:mem_rtl_0|mux_joc:auto_generated|_~33             ; out0             ;
; |memctrl|asyncram:inst|lpm_mux:mem_rtl_0|mux_joc:auto_generated|_~34             ; |memctrl|asyncram:inst|lpm_mux:mem_rtl_0|mux_joc:auto_generated|_~34             ; out0             ;
; |memctrl|asyncram:inst|lpm_mux:mem_rtl_0|mux_joc:auto_generated|_~35             ; |memctrl|asyncram:inst|lpm_mux:mem_rtl_0|mux_joc:auto_generated|_~35             ; out0             ;
; |memctrl|asyncram:inst|lpm_mux:mem_rtl_0|mux_joc:auto_generated|_~36             ; |memctrl|asyncram:inst|lpm_mux:mem_rtl_0|mux_joc:auto_generated|_~36             ; out0             ;
; |memctrl|asyncram:inst|lpm_mux:mem_rtl_0|mux_joc:auto_generated|_~37             ; |memctrl|asyncram:inst|lpm_mux:mem_rtl_0|mux_joc:auto_generated|_~37             ; out0             ;
; |memctrl|asyncram:inst|lpm_mux:mem_rtl_0|mux_joc:auto_generated|_~38             ; |memctrl|asyncram:inst|lpm_mux:mem_rtl_0|mux_joc:auto_generated|_~38             ; out0             ;
; |memctrl|asyncram:inst|lpm_mux:mem_rtl_0|mux_joc:auto_generated|_~39             ; |memctrl|asyncram:inst|lpm_mux:mem_rtl_0|mux_joc:auto_generated|_~39             ; out0             ;
; |memctrl|asyncram:inst|lpm_mux:mem_rtl_0|mux_joc:auto_generated|_~40             ; |memctrl|asyncram:inst|lpm_mux:mem_rtl_0|mux_joc:auto_generated|_~40             ; out0             ;
; |memctrl|asyncram:inst|lpm_mux:mem_rtl_0|mux_joc:auto_generated|_~41             ; |memctrl|asyncram:inst|lpm_mux:mem_rtl_0|mux_joc:auto_generated|_~41             ; out0             ;
; |memctrl|asyncram:inst|lpm_mux:mem_rtl_0|mux_joc:auto_generated|_~42             ; |memctrl|asyncram:inst|lpm_mux:mem_rtl_0|mux_joc:auto_generated|_~42             ; out0             ;
; |memctrl|asyncram:inst|lpm_mux:mem_rtl_0|mux_joc:auto_generated|_~43             ; |memctrl|asyncram:inst|lpm_mux:mem_rtl_0|mux_joc:auto_generated|_~43             ; out0             ;
; |memctrl|asyncram:inst|lpm_mux:mem_rtl_0|mux_joc:auto_generated|_~44             ; |memctrl|asyncram:inst|lpm_mux:mem_rtl_0|mux_joc:auto_generated|_~44             ; out0             ;
; |memctrl|asyncram:inst|lpm_mux:mem_rtl_0|mux_joc:auto_generated|_~45             ; |memctrl|asyncram:inst|lpm_mux:mem_rtl_0|mux_joc:auto_generated|_~45             ; out0             ;
; |memctrl|asyncram:inst|lpm_mux:mem_rtl_0|mux_joc:auto_generated|_~46             ; |memctrl|asyncram:inst|lpm_mux:mem_rtl_0|mux_joc:auto_generated|_~46             ; out0             ;
; |memctrl|asyncram:inst|lpm_mux:mem_rtl_0|mux_joc:auto_generated|_~48             ; |memctrl|asyncram:inst|lpm_mux:mem_rtl_0|mux_joc:auto_generated|_~48             ; out0             ;
; |memctrl|asyncram:inst|lpm_mux:mem_rtl_0|mux_joc:auto_generated|_~50             ; |memctrl|asyncram:inst|lpm_mux:mem_rtl_0|mux_joc:auto_generated|_~50             ; out0             ;
; |memctrl|asyncram:inst|lpm_mux:mem_rtl_0|mux_joc:auto_generated|_~52             ; |memctrl|asyncram:inst|lpm_mux:mem_rtl_0|mux_joc:auto_generated|_~52             ; out0             ;
; |memctrl|asyncram:inst|lpm_mux:mem_rtl_0|mux_joc:auto_generated|_~53             ; |memctrl|asyncram:inst|lpm_mux:mem_rtl_0|mux_joc:auto_generated|_~53             ; out0             ;
; |memctrl|asyncram:inst|lpm_mux:mem_rtl_0|mux_joc:auto_generated|_~54             ; |memctrl|asyncram:inst|lpm_mux:mem_rtl_0|mux_joc:auto_generated|_~54             ; out0             ;
; |memctrl|asyncram:inst|lpm_mux:mem_rtl_0|mux_joc:auto_generated|_~55             ; |memctrl|asyncram:inst|lpm_mux:mem_rtl_0|mux_joc:auto_generated|_~55             ; out0             ;
; |memctrl|asyncram:inst|lpm_mux:mem_rtl_0|mux_joc:auto_generated|_~57             ; |memctrl|asyncram:inst|lpm_mux:mem_rtl_0|mux_joc:auto_generated|_~57             ; out0             ;
; |memctrl|asyncram:inst|lpm_mux:mem_rtl_0|mux_joc:auto_generated|_~59             ; |memctrl|asyncram:inst|lpm_mux:mem_rtl_0|mux_joc:auto_generated|_~59             ; out0             ;
; |memctrl|asyncram:inst|lpm_mux:mem_rtl_0|mux_joc:auto_generated|_~61             ; |memctrl|asyncram:inst|lpm_mux:mem_rtl_0|mux_joc:auto_generated|_~61             ; out0             ;
; |memctrl|asyncram:inst|lpm_mux:mem_rtl_0|mux_joc:auto_generated|_~62             ; |memctrl|asyncram:inst|lpm_mux:mem_rtl_0|mux_joc:auto_generated|_~62             ; out0             ;
; |memctrl|asyncram:inst|lpm_mux:mem_rtl_0|mux_joc:auto_generated|_~63             ; |memctrl|asyncram:inst|lpm_mux:mem_rtl_0|mux_joc:auto_generated|_~63             ; out0             ;
; |memctrl|asyncram:inst|lpm_mux:mem_rtl_0|mux_joc:auto_generated|_~64             ; |memctrl|asyncram:inst|lpm_mux:mem_rtl_0|mux_joc:auto_generated|_~64             ; out0             ;
; |memctrl|asyncram:inst|lpm_mux:mem_rtl_0|mux_joc:auto_generated|_~68             ; |memctrl|asyncram:inst|lpm_mux:mem_rtl_0|mux_joc:auto_generated|_~68             ; out0             ;
; |memctrl|asyncram:inst|lpm_mux:mem_rtl_0|mux_joc:auto_generated|_~69             ; |memctrl|asyncram:inst|lpm_mux:mem_rtl_0|mux_joc:auto_generated|_~69             ; out0             ;
; |memctrl|asyncram:inst|lpm_mux:mem_rtl_0|mux_joc:auto_generated|_~70             ; |memctrl|asyncram:inst|lpm_mux:mem_rtl_0|mux_joc:auto_generated|_~70             ; out0             ;
; |memctrl|asyncram:inst|lpm_mux:mem_rtl_0|mux_joc:auto_generated|_~71             ; |memctrl|asyncram:inst|lpm_mux:mem_rtl_0|mux_joc:auto_generated|_~71             ; out0             ;
; |memctrl|asyncram:inst|lpm_mux:mem_rtl_0|mux_joc:auto_generated|result_node[0]~0 ; |memctrl|asyncram:inst|lpm_mux:mem_rtl_0|mux_joc:auto_generated|result_node[0]~0 ; out0             ;
; |memctrl|asyncram:inst|lpm_mux:mem_rtl_0|mux_joc:auto_generated|_~72             ; |memctrl|asyncram:inst|lpm_mux:mem_rtl_0|mux_joc:auto_generated|_~72             ; out0             ;
; |memctrl|asyncram:inst|lpm_mux:mem_rtl_0|mux_joc:auto_generated|_~73             ; |memctrl|asyncram:inst|lpm_mux:mem_rtl_0|mux_joc:auto_generated|_~73             ; out0             ;
; |memctrl|asyncram:inst|lpm_mux:mem_rtl_0|mux_joc:auto_generated|_~74             ; |memctrl|asyncram:inst|lpm_mux:mem_rtl_0|mux_joc:auto_generated|_~74             ; out0             ;
; |memctrl|asyncram:inst|lpm_mux:mem_rtl_0|mux_joc:auto_generated|_~75             ; |memctrl|asyncram:inst|lpm_mux:mem_rtl_0|mux_joc:auto_generated|_~75             ; out0             ;
; |memctrl|asyncram:inst|lpm_mux:mem_rtl_0|mux_joc:auto_generated|_~76             ; |memctrl|asyncram:inst|lpm_mux:mem_rtl_0|mux_joc:auto_generated|_~76             ; out0             ;
; |memctrl|asyncram:inst|lpm_mux:mem_rtl_0|mux_joc:auto_generated|_~77             ; |memctrl|asyncram:inst|lpm_mux:mem_rtl_0|mux_joc:auto_generated|_~77             ; out0             ;
; |memctrl|asyncram:inst|lpm_mux:mem_rtl_0|mux_joc:auto_generated|_~78             ; |memctrl|asyncram:inst|lpm_mux:mem_rtl_0|mux_joc:auto_generated|_~78             ; out0             ;
; |memctrl|asyncram:inst|lpm_mux:mem_rtl_0|mux_joc:auto_generated|_~79             ; |memctrl|asyncram:inst|lpm_mux:mem_rtl_0|mux_joc:auto_generated|_~79             ; out0             ;
; |memctrl|asyncram:inst|lpm_mux:mem_rtl_0|mux_joc:auto_generated|_~80             ; |memctrl|asyncram:inst|lpm_mux:mem_rtl_0|mux_joc:auto_generated|_~80             ; out0             ;
; |memctrl|asyncram:inst|lpm_mux:mem_rtl_0|mux_joc:auto_generated|_~81             ; |memctrl|asyncram:inst|lpm_mux:mem_rtl_0|mux_joc:auto_generated|_~81             ; out0             ;
; |memctrl|asyncram:inst|lpm_mux:mem_rtl_0|mux_joc:auto_generated|_~82             ; |memctrl|asyncram:inst|lpm_mux:mem_rtl_0|mux_joc:auto_generated|_~82             ; out0             ;
; |memctrl|asyncram:inst|lpm_mux:mem_rtl_0|mux_joc:auto_generated|_~83             ; |memctrl|asyncram:inst|lpm_mux:mem_rtl_0|mux_joc:auto_generated|_~83             ; out0             ;
; |memctrl|asyncram:inst|lpm_mux:mem_rtl_0|mux_joc:auto_generated|_~84             ; |memctrl|asyncram:inst|lpm_mux:mem_rtl_0|mux_joc:auto_generated|_~84             ; out0             ;
; |memctrl|asyncram:inst|lpm_mux:mem_rtl_0|mux_joc:auto_generated|_~85             ; |memctrl|asyncram:inst|lpm_mux:mem_rtl_0|mux_joc:auto_generated|_~85             ; out0             ;
; |memctrl|asyncram:inst|lpm_mux:mem_rtl_0|mux_joc:auto_generated|_~86             ; |memctrl|asyncram:inst|lpm_mux:mem_rtl_0|mux_joc:auto_generated|_~86             ; out0             ;
; |memctrl|asyncram:inst|lpm_mux:mem_rtl_0|mux_joc:auto_generated|_~87             ; |memctrl|asyncram:inst|lpm_mux:mem_rtl_0|mux_joc:auto_generated|_~87             ; out0             ;
; |memctrl|asyncram:inst|lpm_mux:mem_rtl_0|mux_joc:auto_generated|_~88             ; |memctrl|asyncram:inst|lpm_mux:mem_rtl_0|mux_joc:auto_generated|_~88             ; out0             ;
; |memctrl|asyncram:inst|lpm_mux:mem_rtl_0|mux_joc:auto_generated|_~89             ; |memctrl|asyncram:inst|lpm_mux:mem_rtl_0|mux_joc:auto_generated|_~89             ; out0             ;
; |memctrl|asyncram:inst|lpm_mux:mem_rtl_0|mux_joc:auto_generated|_~90             ; |memctrl|asyncram:inst|lpm_mux:mem_rtl_0|mux_joc:auto_generated|_~90             ; out0             ;
; |memctrl|asyncram:inst|lpm_mux:mem_rtl_0|mux_joc:auto_generated|_~91             ; |memctrl|asyncram:inst|lpm_mux:mem_rtl_0|mux_joc:auto_generated|_~91             ; out0             ;
; |memctrl|asyncram:inst|lpm_mux:mem_rtl_0|mux_joc:auto_generated|_~92             ; |memctrl|asyncram:inst|lpm_mux:mem_rtl_0|mux_joc:auto_generated|_~92             ; out0             ;
; |memctrl|asyncram:inst|lpm_mux:mem_rtl_0|mux_joc:auto_generated|_~93             ; |memctrl|asyncram:inst|lpm_mux:mem_rtl_0|mux_joc:auto_generated|_~93             ; out0             ;
; |memctrl|asyncram:inst|lpm_mux:mem_rtl_0|mux_joc:auto_generated|_~94             ; |memctrl|asyncram:inst|lpm_mux:mem_rtl_0|mux_joc:auto_generated|_~94             ; out0             ;
; |memctrl|asyncram:inst|lpm_mux:mem_rtl_0|mux_joc:auto_generated|_~95             ; |memctrl|asyncram:inst|lpm_mux:mem_rtl_0|mux_joc:auto_generated|_~95             ; out0             ;
; |memctrl|asyncram:inst|lpm_mux:mem_rtl_0|mux_joc:auto_generated|_~96             ; |memctrl|asyncram:inst|lpm_mux:mem_rtl_0|mux_joc:auto_generated|_~96             ; out0             ;
; |memctrl|asyncram:inst|lpm_mux:mem_rtl_0|mux_joc:auto_generated|_~98             ; |memctrl|asyncram:inst|lpm_mux:mem_rtl_0|mux_joc:auto_generated|_~98             ; out0             ;
; |memctrl|asyncram:inst|lpm_mux:mem_rtl_0|mux_joc:auto_generated|_~100            ; |memctrl|asyncram:inst|lpm_mux:mem_rtl_0|mux_joc:auto_generated|_~100            ; out0             ;
; |memctrl|asyncram:inst|lpm_mux:mem_rtl_0|mux_joc:auto_generated|_~102            ; |memctrl|asyncram:inst|lpm_mux:mem_rtl_0|mux_joc:auto_generated|_~102            ; out0             ;
; |memctrl|asyncram:inst|lpm_mux:mem_rtl_0|mux_joc:auto_generated|_~103            ; |memctrl|asyncram:inst|lpm_mux:mem_rtl_0|mux_joc:auto_generated|_~103            ; out0             ;
; |memctrl|asyncram:inst|lpm_mux:mem_rtl_0|mux_joc:auto_generated|_~104            ; |memctrl|asyncram:inst|lpm_mux:mem_rtl_0|mux_joc:auto_generated|_~104            ; out0             ;
; |memctrl|asyncram:inst|lpm_mux:mem_rtl_0|mux_joc:auto_generated|_~105            ; |memctrl|asyncram:inst|lpm_mux:mem_rtl_0|mux_joc:auto_generated|_~105            ; out0             ;
; |memctrl|asyncram:inst|lpm_mux:mem_rtl_0|mux_joc:auto_generated|_~107            ; |memctrl|asyncram:inst|lpm_mux:mem_rtl_0|mux_joc:auto_generated|_~107            ; out0             ;
; |memctrl|asyncram:inst|lpm_mux:mem_rtl_0|mux_joc:auto_generated|_~109            ; |memctrl|asyncram:inst|lpm_mux:mem_rtl_0|mux_joc:auto_generated|_~109            ; out0             ;
; |memctrl|asyncram:inst|lpm_mux:mem_rtl_0|mux_joc:auto_generated|_~111            ; |memctrl|asyncram:inst|lpm_mux:mem_rtl_0|mux_joc:auto_generated|_~111            ; out0             ;
; |memctrl|asyncram:inst|lpm_mux:mem_rtl_0|mux_joc:auto_generated|_~112            ; |memctrl|asyncram:inst|lpm_mux:mem_rtl_0|mux_joc:auto_generated|_~112            ; out0             ;
; |memctrl|asyncram:inst|lpm_mux:mem_rtl_0|mux_joc:auto_generated|_~113            ; |memctrl|asyncram:inst|lpm_mux:mem_rtl_0|mux_joc:auto_generated|_~113            ; out0             ;
; |memctrl|asyncram:inst|lpm_mux:mem_rtl_0|mux_joc:auto_generated|_~114            ; |memctrl|asyncram:inst|lpm_mux:mem_rtl_0|mux_joc:auto_generated|_~114            ; out0             ;
; |memctrl|asyncram:inst|lpm_mux:mem_rtl_0|mux_joc:auto_generated|_~118            ; |memctrl|asyncram:inst|lpm_mux:mem_rtl_0|mux_joc:auto_generated|_~118            ; out0             ;
; |memctrl|asyncram:inst|lpm_mux:mem_rtl_0|mux_joc:auto_generated|_~119            ; |memctrl|asyncram:inst|lpm_mux:mem_rtl_0|mux_joc:auto_generated|_~119            ; out0             ;
; |memctrl|asyncram:inst|lpm_mux:mem_rtl_0|mux_joc:auto_generated|_~120            ; |memctrl|asyncram:inst|lpm_mux:mem_rtl_0|mux_joc:auto_generated|_~120            ; out0             ;
; |memctrl|asyncram:inst|lpm_mux:mem_rtl_0|mux_joc:auto_generated|_~122            ; |memctrl|asyncram:inst|lpm_mux:mem_rtl_0|mux_joc:auto_generated|_~122            ; out0             ;
; |memctrl|asyncram:inst|lpm_mux:mem_rtl_0|mux_joc:auto_generated|_~124            ; |memctrl|asyncram:inst|lpm_mux:mem_rtl_0|mux_joc:auto_generated|_~124            ; out0             ;
; |memctrl|asyncram:inst|lpm_mux:mem_rtl_0|mux_joc:auto_generated|_~127            ; |memctrl|asyncram:inst|lpm_mux:mem_rtl_0|mux_joc:auto_generated|_~127            ; out0             ;
; |memctrl|asyncram:inst|lpm_mux:mem_rtl_0|mux_joc:auto_generated|_~128            ; |memctrl|asyncram:inst|lpm_mux:mem_rtl_0|mux_joc:auto_generated|_~128            ; out0             ;
; |memctrl|asyncram:inst|lpm_mux:mem_rtl_0|mux_joc:auto_generated|_~129            ; |memctrl|asyncram:inst|lpm_mux:mem_rtl_0|mux_joc:auto_generated|_~129            ; out0             ;
; |memctrl|asyncram:inst|lpm_mux:mem_rtl_0|mux_joc:auto_generated|_~131            ; |memctrl|asyncram:inst|lpm_mux:mem_rtl_0|mux_joc:auto_generated|_~131            ; out0             ;
; |memctrl|asyncram:inst|lpm_mux:mem_rtl_0|mux_joc:auto_generated|_~133            ; |memctrl|asyncram:inst|lpm_mux:mem_rtl_0|mux_joc:auto_generated|_~133            ; out0             ;
; |memctrl|asyncram:inst|lpm_mux:mem_rtl_0|mux_joc:auto_generated|_~136            ; |memctrl|asyncram:inst|lpm_mux:mem_rtl_0|mux_joc:auto_generated|_~136            ; out0             ;
; |memctrl|asyncram:inst|lpm_mux:mem_rtl_0|mux_joc:auto_generated|_~137            ; |memctrl|asyncram:inst|lpm_mux:mem_rtl_0|mux_joc:auto_generated|_~137            ; out0             ;
; |memctrl|asyncram:inst|lpm_mux:mem_rtl_0|mux_joc:auto_generated|_~138            ; |memctrl|asyncram:inst|lpm_mux:mem_rtl_0|mux_joc:auto_generated|_~138            ; out0             ;
; |memctrl|asyncram:inst|lpm_mux:mem_rtl_0|mux_joc:auto_generated|_~142            ; |memctrl|asyncram:inst|lpm_mux:mem_rtl_0|mux_joc:auto_generated|_~142            ; out0             ;
; |memctrl|asyncram:inst|lpm_mux:mem_rtl_0|mux_joc:auto_generated|_~143            ; |memctrl|asyncram:inst|lpm_mux:mem_rtl_0|mux_joc:auto_generated|_~143            ; out0             ;
; |memctrl|asyncram:inst|lpm_mux:mem_rtl_0|mux_joc:auto_generated|result_node[0]~1 ; |memctrl|asyncram:inst|lpm_mux:mem_rtl_0|mux_joc:auto_generated|result_node[0]~1 ; out0             ;
; |memctrl|asyncram:inst|lpm_mux:mem_rtl_0|mux_joc:auto_generated|result_node[0]   ; |memctrl|asyncram:inst|lpm_mux:mem_rtl_0|mux_joc:auto_generated|result_node[0]   ; out0             ;
+----------------------------------------------------------------------------------+----------------------------------------------------------------------------------+------------------+


The following table displays output ports that do not toggle to 1 during simulation.
+------------------------------------------------------------------------------------------------------------------------------------------------------------------+
; Missing 1-Value Coverage                                                                                                                                         ;
+-----------------------------------------------------------------------+-----------------------------------------------------------------------+------------------+
; Node Name                                                             ; Output Port Name                                                      ; Output Port Type ;
+-----------------------------------------------------------------------+-----------------------------------------------------------------------+------------------+
; |memctrl|mA[7]                                                        ; |memctrl|mA[7]                                                        ; pin_out          ;
; |memctrl|inst3[7]                                                     ; |memctrl|inst3[7]                                                     ; regout           ;
; |memctrl|A[7]                                                         ; |memctrl|A[7]                                                         ; out              ;
; |memctrl|W                                                            ; |memctrl|W                                                            ; out              ;
; |memctrl|rtl~11                                                       ; |memctrl|rtl~11                                                       ; out0             ;
; |memctrl|rtl~12                                                       ; |memctrl|rtl~12                                                       ; out0             ;
; |memctrl|rtl~13                                                       ; |memctrl|rtl~13                                                       ; out0             ;
; |memctrl|rtl~14                                                       ; |memctrl|rtl~14                                                       ; out0             ;
; |memctrl|rtl~15                                                       ; |memctrl|rtl~15                                                       ; out0             ;
; |memctrl|asyncram:inst|mem~3                                          ; |memctrl|asyncram:inst|mem~3                                          ; out              ;
; |memctrl|asyncram:inst|mem~4                                          ; |memctrl|asyncram:inst|mem~4                                          ; out              ;
; |memctrl|asyncram:inst|mem~11                                         ; |memctrl|asyncram:inst|mem~11                                         ; out              ;
; |memctrl|asyncram:inst|mem~12                                         ; |memctrl|asyncram:inst|mem~12                                         ; out              ;
; |memctrl|asyncram:inst|mem~16                                         ; |memctrl|asyncram:inst|mem~16                                         ; out              ;
; |memctrl|asyncram:inst|mem~19                                         ; |memctrl|asyncram:inst|mem~19                                         ; out              ;
; |memctrl|asyncram:inst|mem~20                                         ; |memctrl|asyncram:inst|mem~20                                         ; out              ;
; |memctrl|asyncram:inst|mem~24                                         ; |memctrl|asyncram:inst|mem~24                                         ; out              ;
; |memctrl|asyncram:inst|mem~25                                         ; |memctrl|asyncram:inst|mem~25                                         ; out              ;
; |memctrl|asyncram:inst|mem~33                                         ; |memctrl|asyncram:inst|mem~33                                         ; out              ;
; |memctrl|asyncram:inst|mem~37                                         ; |memctrl|asyncram:inst|mem~37                                         ; out              ;
; |memctrl|asyncram:inst|mem~41                                         ; |memctrl|asyncram:inst|mem~41                                         ; out              ;
; |memctrl|asyncram:inst|mem~43                                         ; |memctrl|asyncram:inst|mem~43                                         ; out              ;
; |memctrl|asyncram:inst|mem~45                                         ; |memctrl|asyncram:inst|mem~45                                         ; out              ;
; |memctrl|asyncram:inst|mem~53                                         ; |memctrl|asyncram:inst|mem~53                                         ; out              ;
; |memctrl|asyncram:inst|mem~55                                         ; |memctrl|asyncram:inst|mem~55                                         ; out              ;
; |memctrl|asyncram:inst|mem~56                                         ; |memctrl|asyncram:inst|mem~56                                         ; out              ;
; |memctrl|asyncram:inst|mem~62                                         ; |memctrl|asyncram:inst|mem~62                                         ; out              ;
; |memctrl|asyncram:inst|mem~64                                         ; |memctrl|asyncram:inst|mem~64                                         ; out              ;
; |memctrl|asyncram:inst|mem~70                                         ; |memctrl|asyncram:inst|mem~70                                         ; out              ;
; |memctrl|asyncram:inst|mem~72                                         ; |memctrl|asyncram:inst|mem~72                                         ; out              ;
; |memctrl|asyncram:inst|mem~78                                         ; |memctrl|asyncram:inst|mem~78                                         ; out              ;
; |memctrl|asyncram:inst|mem~80                                         ; |memctrl|asyncram:inst|mem~80                                         ; out              ;
; |memctrl|asyncram:inst|mem~82                                         ; |memctrl|asyncram:inst|mem~82                                         ; out              ;
; |memctrl|asyncram:inst|mem~88                                         ; |memctrl|asyncram:inst|mem~88                                         ; out              ;
; |memctrl|asyncram:inst|mem~89                                         ; |memctrl|asyncram:inst|mem~89                                         ; out              ;
; |memctrl|asyncram:inst|mem~90                                         ; |memctrl|asyncram:inst|mem~90                                         ; out              ;
; |memctrl|asyncram:inst|mem~91                                         ; |memctrl|asyncram:inst|mem~91                                         ; out              ;
; |memctrl|asyncram:inst|mem~92                                         ; |memctrl|asyncram:inst|mem~92                                         ; out              ;
; |memctrl|asyncram:inst|mem~93                                         ; |memctrl|asyncram:inst|mem~93                                         ; out              ;
; |memctrl|asyncram:inst|mem~94                                         ; |memctrl|asyncram:inst|mem~94                                         ; out              ;
; |memctrl|asyncram:inst|mem~95                                         ; |memctrl|asyncram:inst|mem~95                                         ; out              ;
; |memctrl|asyncram:inst|mem~96                                         ; |memctrl|asyncram:inst|mem~96                                         ; out              ;
; |memctrl|asyncram:inst|mem~97                                         ; |memctrl|asyncram:inst|mem~97                                         ; out              ;
; |memctrl|asyncram:inst|mem~98                                         ; |memctrl|asyncram:inst|mem~98                                         ; out              ;
; |memctrl|asyncram:inst|mem~99                                         ; |memctrl|asyncram:inst|mem~99                                         ; out              ;
; |memctrl|asyncram:inst|mem~100                                        ; |memctrl|asyncram:inst|mem~100                                        ; out              ;
; |memctrl|asyncram:inst|mem~101                                        ; |memctrl|asyncram:inst|mem~101                                        ; out              ;
; |memctrl|asyncram:inst|mem~102                                        ; |memctrl|asyncram:inst|mem~102                                        ; out              ;
; |memctrl|asyncram:inst|mem~103                                        ; |memctrl|asyncram:inst|mem~103                                        ; out              ;
; |memctrl|asyncram:inst|mem~104                                        ; |memctrl|asyncram:inst|mem~104                                        ; out              ;
; |memctrl|asyncram:inst|mem~105                                        ; |memctrl|asyncram:inst|mem~105                                        ; out              ;
; |memctrl|asyncram:inst|mem~106                                        ; |memctrl|asyncram:inst|mem~106                                        ; out              ;
; |memctrl|asyncram:inst|mem~107                                        ; |memctrl|asyncram:inst|mem~107                                        ; out              ;
; |memctrl|asyncram:inst|mem~108                                        ; |memctrl|asyncram:inst|mem~108                                        ; out              ;
; |memctrl|asyncram:inst|mem~109                                        ; |memctrl|asyncram:inst|mem~109                                        ; out              ;
; |memctrl|asyncram:inst|mem~110                                        ; |memctrl|asyncram:inst|mem~110                                        ; out              ;
; |memctrl|asyncram:inst|mem~111                                        ; |memctrl|asyncram:inst|mem~111                                        ; out              ;
; |memctrl|asyncram:inst|mem~112                                        ; |memctrl|asyncram:inst|mem~112                                        ; out              ;
; |memctrl|asyncram:inst|mem~113                                        ; |memctrl|asyncram:inst|mem~113                                        ; out              ;
; |memctrl|asyncram:inst|mem~114                                        ; |memctrl|asyncram:inst|mem~114                                        ; out              ;
; |memctrl|asyncram:inst|mem~115                                        ; |memctrl|asyncram:inst|mem~115                                        ; out              ;
; |memctrl|asyncram:inst|mem~116                                        ; |memctrl|asyncram:inst|mem~116                                        ; out              ;
; |memctrl|asyncram:inst|mem~117                                        ; |memctrl|asyncram:inst|mem~117                                        ; out              ;
; |memctrl|asyncram:inst|mem~118                                        ; |memctrl|asyncram:inst|mem~118                                        ; out              ;
; |memctrl|asyncram:inst|mem~119                                        ; |memctrl|asyncram:inst|mem~119                                        ; out              ;
; |memctrl|asyncram:inst|mem~120                                        ; |memctrl|asyncram:inst|mem~120                                        ; out              ;
; |memctrl|asyncram:inst|mem~121                                        ; |memctrl|asyncram:inst|mem~121                                        ; out              ;
; |memctrl|asyncram:inst|mem~122                                        ; |memctrl|asyncram:inst|mem~122                                        ; out              ;
; |memctrl|asyncram:inst|mem~123                                        ; |memctrl|asyncram:inst|mem~123                                        ; out              ;
; |memctrl|asyncram:inst|mem~124                                        ; |memctrl|asyncram:inst|mem~124                                        ; out              ;
; |memctrl|asyncram:inst|mem~125                                        ; |memctrl|asyncram:inst|mem~125                                        ; out              ;
; |memctrl|asyncram:inst|mem~126                                        ; |memctrl|asyncram:inst|mem~126                                        ; out              ;
; |memctrl|asyncram:inst|mem~127                                        ; |memctrl|asyncram:inst|mem~127                                        ; out              ;
; |memctrl|asyncram:inst|lpm_mux:mem_rtl_7|mux_joc:auto_generated|_~121 ; |memctrl|asyncram:inst|lpm_mux:mem_rtl_7|mux_joc:auto_generated|_~121 ; out0             ;
; |memctrl|asyncram:inst|lpm_mux:mem_rtl_7|mux_joc:auto_generated|_~123 ; |memctrl|asyncram:inst|lpm_mux:mem_rtl_7|mux_joc:auto_generated|_~123 ; out0             ;
; |memctrl|asyncram:inst|lpm_mux:mem_rtl_7|mux_joc:auto_generated|_~125 ; |memctrl|asyncram:inst|lpm_mux:mem_rtl_7|mux_joc:auto_generated|_~125 ; out0             ;
; |memctrl|asyncram:inst|lpm_mux:mem_rtl_7|mux_joc:auto_generated|_~130 ; |memctrl|asyncram:inst|lpm_mux:mem_rtl_7|mux_joc:auto_generated|_~130 ; out0             ;
; |memctrl|asyncram:inst|lpm_mux:mem_rtl_7|mux_joc:auto_generated|_~132 ; |memctrl|asyncram:inst|lpm_mux:mem_rtl_7|mux_joc:auto_generated|_~132 ; out0             ;
; |memctrl|asyncram:inst|lpm_mux:mem_rtl_7|mux_joc:auto_generated|_~134 ; |memctrl|asyncram:inst|lpm_mux:mem_rtl_7|mux_joc:auto_generated|_~134 ; out0             ;
; |memctrl|asyncram:inst|lpm_mux:mem_rtl_7|mux_joc:auto_generated|_~140 ; |memctrl|asyncram:inst|lpm_mux:mem_rtl_7|mux_joc:auto_generated|_~140 ; out0             ;
; |memctrl|asyncram:inst|lpm_mux:mem_rtl_7|mux_joc:auto_generated|_~141 ; |memctrl|asyncram:inst|lpm_mux:mem_rtl_7|mux_joc:auto_generated|_~141 ; out0             ;
; |memctrl|asyncram:inst|lpm_mux:mem_rtl_6|mux_joc:auto_generated|_~47  ; |memctrl|asyncram:inst|lpm_mux:mem_rtl_6|mux_joc:auto_generated|_~47  ; out0             ;
; |memctrl|asyncram:inst|lpm_mux:mem_rtl_6|mux_joc:auto_generated|_~49  ; |memctrl|asyncram:inst|lpm_mux:mem_rtl_6|mux_joc:auto_generated|_~49  ; out0             ;
; |memctrl|asyncram:inst|lpm_mux:mem_rtl_6|mux_joc:auto_generated|_~51  ; |memctrl|asyncram:inst|lpm_mux:mem_rtl_6|mux_joc:auto_generated|_~51  ; out0             ;
; |memctrl|asyncram:inst|lpm_mux:mem_rtl_6|mux_joc:auto_generated|_~56  ; |memctrl|asyncram:inst|lpm_mux:mem_rtl_6|mux_joc:auto_generated|_~56  ; out0             ;
; |memctrl|asyncram:inst|lpm_mux:mem_rtl_6|mux_joc:auto_generated|_~58  ; |memctrl|asyncram:inst|lpm_mux:mem_rtl_6|mux_joc:auto_generated|_~58  ; out0             ;
; |memctrl|asyncram:inst|lpm_mux:mem_rtl_6|mux_joc:auto_generated|_~60  ; |memctrl|asyncram:inst|lpm_mux:mem_rtl_6|mux_joc:auto_generated|_~60  ; out0             ;
; |memctrl|asyncram:inst|lpm_mux:mem_rtl_6|mux_joc:auto_generated|_~97  ; |memctrl|asyncram:inst|lpm_mux:mem_rtl_6|mux_joc:auto_generated|_~97  ; out0             ;
; |memctrl|asyncram:inst|lpm_mux:mem_rtl_6|mux_joc:auto_generated|_~99  ; |memctrl|asyncram:inst|lpm_mux:mem_rtl_6|mux_joc:auto_generated|_~99  ; out0             ;
; |memctrl|asyncram:inst|lpm_mux:mem_rtl_6|mux_joc:auto_generated|_~101 ; |memctrl|asyncram:inst|lpm_mux:mem_rtl_6|mux_joc:auto_generated|_~101 ; out0             ;
; |memctrl|asyncram:inst|lpm_mux:mem_rtl_6|mux_joc:auto_generated|_~106 ; |memctrl|asyncram:inst|lpm_mux:mem_rtl_6|mux_joc:auto_generated|_~106 ; out0             ;
; |memctrl|asyncram:inst|lpm_mux:mem_rtl_6|mux_joc:auto_generated|_~108 ; |memctrl|asyncram:inst|lpm_mux:mem_rtl_6|mux_joc:auto_generated|_~108 ; out0             ;
; |memctrl|asyncram:inst|lpm_mux:mem_rtl_6|mux_joc:auto_generated|_~110 ; |memctrl|asyncram:inst|lpm_mux:mem_rtl_6|mux_joc:auto_generated|_~110 ; out0             ;
; |memctrl|asyncram:inst|lpm_mux:mem_rtl_6|mux_joc:auto_generated|_~121 ; |memctrl|asyncram:inst|lpm_mux:mem_rtl_6|mux_joc:auto_generated|_~121 ; out0             ;
; |memctrl|asyncram:inst|lpm_mux:mem_rtl_6|mux_joc:auto_generated|_~123 ; |memctrl|asyncram:inst|lpm_mux:mem_rtl_6|mux_joc:auto_generated|_~123 ; out0             ;
; |memctrl|asyncram:inst|lpm_mux:mem_rtl_6|mux_joc:auto_generated|_~125 ; |memctrl|asyncram:inst|lpm_mux:mem_rtl_6|mux_joc:auto_generated|_~125 ; out0             ;
; |memctrl|asyncram:inst|lpm_mux:mem_rtl_6|mux_joc:auto_generated|_~130 ; |memctrl|asyncram:inst|lpm_mux:mem_rtl_6|mux_joc:auto_generated|_~130 ; out0             ;
; |memctrl|asyncram:inst|lpm_mux:mem_rtl_6|mux_joc:auto_generated|_~132 ; |memctrl|asyncram:inst|lpm_mux:mem_rtl_6|mux_joc:auto_generated|_~132 ; out0             ;
; |memctrl|asyncram:inst|lpm_mux:mem_rtl_6|mux_joc:auto_generated|_~134 ; |memctrl|asyncram:inst|lpm_mux:mem_rtl_6|mux_joc:auto_generated|_~134 ; out0             ;
; |memctrl|asyncram:inst|lpm_mux:mem_rtl_6|mux_joc:auto_generated|_~140 ; |memctrl|asyncram:inst|lpm_mux:mem_rtl_6|mux_joc:auto_generated|_~140 ; out0             ;
; |memctrl|asyncram:inst|lpm_mux:mem_rtl_6|mux_joc:auto_generated|_~141 ; |memctrl|asyncram:inst|lpm_mux:mem_rtl_6|mux_joc:auto_generated|_~141 ; out0             ;
; |memctrl|asyncram:inst|lpm_mux:mem_rtl_5|mux_joc:auto_generated|_~0   ; |memctrl|asyncram:inst|lpm_mux:mem_rtl_5|mux_joc:auto_generated|_~0   ; out0             ;
; |memctrl|asyncram:inst|lpm_mux:mem_rtl_5|mux_joc:auto_generated|_~2   ; |memctrl|asyncram:inst|lpm_mux:mem_rtl_5|mux_joc:auto_generated|_~2   ; out0             ;
; |memctrl|asyncram:inst|lpm_mux:mem_rtl_5|mux_joc:auto_generated|_~4   ; |memctrl|asyncram:inst|lpm_mux:mem_rtl_5|mux_joc:auto_generated|_~4   ; out0             ;
; |memctrl|asyncram:inst|lpm_mux:mem_rtl_5|mux_joc:auto_generated|_~9   ; |memctrl|asyncram:inst|lpm_mux:mem_rtl_5|mux_joc:auto_generated|_~9   ; out0             ;
; |memctrl|asyncram:inst|lpm_mux:mem_rtl_5|mux_joc:auto_generated|_~11  ; |memctrl|asyncram:inst|lpm_mux:mem_rtl_5|mux_joc:auto_generated|_~11  ; out0             ;
; |memctrl|asyncram:inst|lpm_mux:mem_rtl_5|mux_joc:auto_generated|_~13  ; |memctrl|asyncram:inst|lpm_mux:mem_rtl_5|mux_joc:auto_generated|_~13  ; out0             ;
; |memctrl|asyncram:inst|lpm_mux:mem_rtl_5|mux_joc:auto_generated|_~121 ; |memctrl|asyncram:inst|lpm_mux:mem_rtl_5|mux_joc:auto_generated|_~121 ; out0             ;
; |memctrl|asyncram:inst|lpm_mux:mem_rtl_5|mux_joc:auto_generated|_~123 ; |memctrl|asyncram:inst|lpm_mux:mem_rtl_5|mux_joc:auto_generated|_~123 ; out0             ;
; |memctrl|asyncram:inst|lpm_mux:mem_rtl_5|mux_joc:auto_generated|_~125 ; |memctrl|asyncram:inst|lpm_mux:mem_rtl_5|mux_joc:auto_generated|_~125 ; out0             ;
; |memctrl|asyncram:inst|lpm_mux:mem_rtl_5|mux_joc:auto_generated|_~130 ; |memctrl|asyncram:inst|lpm_mux:mem_rtl_5|mux_joc:auto_generated|_~130 ; out0             ;
; |memctrl|asyncram:inst|lpm_mux:mem_rtl_5|mux_joc:auto_generated|_~132 ; |memctrl|asyncram:inst|lpm_mux:mem_rtl_5|mux_joc:auto_generated|_~132 ; out0             ;
; |memctrl|asyncram:inst|lpm_mux:mem_rtl_5|mux_joc:auto_generated|_~134 ; |memctrl|asyncram:inst|lpm_mux:mem_rtl_5|mux_joc:auto_generated|_~134 ; out0             ;
; |memctrl|asyncram:inst|lpm_mux:mem_rtl_5|mux_joc:auto_generated|_~140 ; |memctrl|asyncram:inst|lpm_mux:mem_rtl_5|mux_joc:auto_generated|_~140 ; out0             ;
; |memctrl|asyncram:inst|lpm_mux:mem_rtl_5|mux_joc:auto_generated|_~141 ; |memctrl|asyncram:inst|lpm_mux:mem_rtl_5|mux_joc:auto_generated|_~141 ; out0             ;
; |memctrl|asyncram:inst|lpm_mux:mem_rtl_4|mux_joc:auto_generated|_~22  ; |memctrl|asyncram:inst|lpm_mux:mem_rtl_4|mux_joc:auto_generated|_~22  ; out0             ;
; |memctrl|asyncram:inst|lpm_mux:mem_rtl_4|mux_joc:auto_generated|_~24  ; |memctrl|asyncram:inst|lpm_mux:mem_rtl_4|mux_joc:auto_generated|_~24  ; out0             ;
; |memctrl|asyncram:inst|lpm_mux:mem_rtl_4|mux_joc:auto_generated|_~26  ; |memctrl|asyncram:inst|lpm_mux:mem_rtl_4|mux_joc:auto_generated|_~26  ; out0             ;
; |memctrl|asyncram:inst|lpm_mux:mem_rtl_4|mux_joc:auto_generated|_~31  ; |memctrl|asyncram:inst|lpm_mux:mem_rtl_4|mux_joc:auto_generated|_~31  ; out0             ;
; |memctrl|asyncram:inst|lpm_mux:mem_rtl_4|mux_joc:auto_generated|_~33  ; |memctrl|asyncram:inst|lpm_mux:mem_rtl_4|mux_joc:auto_generated|_~33  ; out0             ;
; |memctrl|asyncram:inst|lpm_mux:mem_rtl_4|mux_joc:auto_generated|_~35  ; |memctrl|asyncram:inst|lpm_mux:mem_rtl_4|mux_joc:auto_generated|_~35  ; out0             ;
; |memctrl|asyncram:inst|lpm_mux:mem_rtl_4|mux_joc:auto_generated|_~72  ; |memctrl|asyncram:inst|lpm_mux:mem_rtl_4|mux_joc:auto_generated|_~72  ; out0             ;
; |memctrl|asyncram:inst|lpm_mux:mem_rtl_4|mux_joc:auto_generated|_~74  ; |memctrl|asyncram:inst|lpm_mux:mem_rtl_4|mux_joc:auto_generated|_~74  ; out0             ;
; |memctrl|asyncram:inst|lpm_mux:mem_rtl_4|mux_joc:auto_generated|_~76  ; |memctrl|asyncram:inst|lpm_mux:mem_rtl_4|mux_joc:auto_generated|_~76  ; out0             ;
; |memctrl|asyncram:inst|lpm_mux:mem_rtl_4|mux_joc:auto_generated|_~81  ; |memctrl|asyncram:inst|lpm_mux:mem_rtl_4|mux_joc:auto_generated|_~81  ; out0             ;
; |memctrl|asyncram:inst|lpm_mux:mem_rtl_4|mux_joc:auto_generated|_~83  ; |memctrl|asyncram:inst|lpm_mux:mem_rtl_4|mux_joc:auto_generated|_~83  ; out0             ;
; |memctrl|asyncram:inst|lpm_mux:mem_rtl_4|mux_joc:auto_generated|_~85  ; |memctrl|asyncram:inst|lpm_mux:mem_rtl_4|mux_joc:auto_generated|_~85  ; out0             ;
; |memctrl|asyncram:inst|lpm_mux:mem_rtl_4|mux_joc:auto_generated|_~121 ; |memctrl|asyncram:inst|lpm_mux:mem_rtl_4|mux_joc:auto_generated|_~121 ; out0             ;
; |memctrl|asyncram:inst|lpm_mux:mem_rtl_4|mux_joc:auto_generated|_~123 ; |memctrl|asyncram:inst|lpm_mux:mem_rtl_4|mux_joc:auto_generated|_~123 ; out0             ;
; |memctrl|asyncram:inst|lpm_mux:mem_rtl_4|mux_joc:auto_generated|_~125 ; |memctrl|asyncram:inst|lpm_mux:mem_rtl_4|mux_joc:auto_generated|_~125 ; out0             ;
; |memctrl|asyncram:inst|lpm_mux:mem_rtl_4|mux_joc:auto_generated|_~130 ; |memctrl|asyncram:inst|lpm_mux:mem_rtl_4|mux_joc:auto_generated|_~130 ; out0             ;
; |memctrl|asyncram:inst|lpm_mux:mem_rtl_4|mux_joc:auto_generated|_~132 ; |memctrl|asyncram:inst|lpm_mux:mem_rtl_4|mux_joc:auto_generated|_~132 ; out0             ;
; |memctrl|asyncram:inst|lpm_mux:mem_rtl_4|mux_joc:auto_generated|_~134 ; |memctrl|asyncram:inst|lpm_mux:mem_rtl_4|mux_joc:auto_generated|_~134 ; out0             ;
; |memctrl|asyncram:inst|lpm_mux:mem_rtl_4|mux_joc:auto_generated|_~140 ; |memctrl|asyncram:inst|lpm_mux:mem_rtl_4|mux_joc:auto_generated|_~140 ; out0             ;
; |memctrl|asyncram:inst|lpm_mux:mem_rtl_4|mux_joc:auto_generated|_~141 ; |memctrl|asyncram:inst|lpm_mux:mem_rtl_4|mux_joc:auto_generated|_~141 ; out0             ;
; |memctrl|asyncram:inst|lpm_mux:mem_rtl_3|mux_joc:auto_generated|_~0   ; |memctrl|asyncram:inst|lpm_mux:mem_rtl_3|mux_joc:auto_generated|_~0   ; out0             ;
; |memctrl|asyncram:inst|lpm_mux:mem_rtl_3|mux_joc:auto_generated|_~9   ; |memctrl|asyncram:inst|lpm_mux:mem_rtl_3|mux_joc:auto_generated|_~9   ; out0             ;
; |memctrl|asyncram:inst|lpm_mux:mem_rtl_3|mux_joc:auto_generated|_~22  ; |memctrl|asyncram:inst|lpm_mux:mem_rtl_3|mux_joc:auto_generated|_~22  ; out0             ;
; |memctrl|asyncram:inst|lpm_mux:mem_rtl_3|mux_joc:auto_generated|_~24  ; |memctrl|asyncram:inst|lpm_mux:mem_rtl_3|mux_joc:auto_generated|_~24  ; out0             ;
; |memctrl|asyncram:inst|lpm_mux:mem_rtl_3|mux_joc:auto_generated|_~26  ; |memctrl|asyncram:inst|lpm_mux:mem_rtl_3|mux_joc:auto_generated|_~26  ; out0             ;
; |memctrl|asyncram:inst|lpm_mux:mem_rtl_3|mux_joc:auto_generated|_~31  ; |memctrl|asyncram:inst|lpm_mux:mem_rtl_3|mux_joc:auto_generated|_~31  ; out0             ;
; |memctrl|asyncram:inst|lpm_mux:mem_rtl_3|mux_joc:auto_generated|_~33  ; |memctrl|asyncram:inst|lpm_mux:mem_rtl_3|mux_joc:auto_generated|_~33  ; out0             ;
; |memctrl|asyncram:inst|lpm_mux:mem_rtl_3|mux_joc:auto_generated|_~35  ; |memctrl|asyncram:inst|lpm_mux:mem_rtl_3|mux_joc:auto_generated|_~35  ; out0             ;
; |memctrl|asyncram:inst|lpm_mux:mem_rtl_3|mux_joc:auto_generated|_~72  ; |memctrl|asyncram:inst|lpm_mux:mem_rtl_3|mux_joc:auto_generated|_~72  ; out0             ;
; |memctrl|asyncram:inst|lpm_mux:mem_rtl_3|mux_joc:auto_generated|_~74  ; |memctrl|asyncram:inst|lpm_mux:mem_rtl_3|mux_joc:auto_generated|_~74  ; out0             ;
; |memctrl|asyncram:inst|lpm_mux:mem_rtl_3|mux_joc:auto_generated|_~76  ; |memctrl|asyncram:inst|lpm_mux:mem_rtl_3|mux_joc:auto_generated|_~76  ; out0             ;
; |memctrl|asyncram:inst|lpm_mux:mem_rtl_3|mux_joc:auto_generated|_~81  ; |memctrl|asyncram:inst|lpm_mux:mem_rtl_3|mux_joc:auto_generated|_~81  ; out0             ;
; |memctrl|asyncram:inst|lpm_mux:mem_rtl_3|mux_joc:auto_generated|_~83  ; |memctrl|asyncram:inst|lpm_mux:mem_rtl_3|mux_joc:auto_generated|_~83  ; out0             ;
; |memctrl|asyncram:inst|lpm_mux:mem_rtl_3|mux_joc:auto_generated|_~85  ; |memctrl|asyncram:inst|lpm_mux:mem_rtl_3|mux_joc:auto_generated|_~85  ; out0             ;
; |memctrl|asyncram:inst|lpm_mux:mem_rtl_3|mux_joc:auto_generated|_~121 ; |memctrl|asyncram:inst|lpm_mux:mem_rtl_3|mux_joc:auto_generated|_~121 ; out0             ;
; |memctrl|asyncram:inst|lpm_mux:mem_rtl_3|mux_joc:auto_generated|_~123 ; |memctrl|asyncram:inst|lpm_mux:mem_rtl_3|mux_joc:auto_generated|_~123 ; out0             ;
; |memctrl|asyncram:inst|lpm_mux:mem_rtl_3|mux_joc:auto_generated|_~125 ; |memctrl|asyncram:inst|lpm_mux:mem_rtl_3|mux_joc:auto_generated|_~125 ; out0             ;
; |memctrl|asyncram:inst|lpm_mux:mem_rtl_3|mux_joc:auto_generated|_~130 ; |memctrl|asyncram:inst|lpm_mux:mem_rtl_3|mux_joc:auto_generated|_~130 ; out0             ;
; |memctrl|asyncram:inst|lpm_mux:mem_rtl_3|mux_joc:auto_generated|_~132 ; |memctrl|asyncram:inst|lpm_mux:mem_rtl_3|mux_joc:auto_generated|_~132 ; out0             ;
; |memctrl|asyncram:inst|lpm_mux:mem_rtl_3|mux_joc:auto_generated|_~134 ; |memctrl|asyncram:inst|lpm_mux:mem_rtl_3|mux_joc:auto_generated|_~134 ; out0             ;
; |memctrl|asyncram:inst|lpm_mux:mem_rtl_3|mux_joc:auto_generated|_~140 ; |memctrl|asyncram:inst|lpm_mux:mem_rtl_3|mux_joc:auto_generated|_~140 ; out0             ;
; |memctrl|asyncram:inst|lpm_mux:mem_rtl_3|mux_joc:auto_generated|_~141 ; |memctrl|asyncram:inst|lpm_mux:mem_rtl_3|mux_joc:auto_generated|_~141 ; out0             ;
; |memctrl|asyncram:inst|lpm_mux:mem_rtl_2|mux_joc:auto_generated|_~121 ; |memctrl|asyncram:inst|lpm_mux:mem_rtl_2|mux_joc:auto_generated|_~121 ; out0             ;
; |memctrl|asyncram:inst|lpm_mux:mem_rtl_2|mux_joc:auto_generated|_~123 ; |memctrl|asyncram:inst|lpm_mux:mem_rtl_2|mux_joc:auto_generated|_~123 ; out0             ;
; |memctrl|asyncram:inst|lpm_mux:mem_rtl_2|mux_joc:auto_generated|_~125 ; |memctrl|asyncram:inst|lpm_mux:mem_rtl_2|mux_joc:auto_generated|_~125 ; out0             ;
; |memctrl|asyncram:inst|lpm_mux:mem_rtl_2|mux_joc:auto_generated|_~130 ; |memctrl|asyncram:inst|lpm_mux:mem_rtl_2|mux_joc:auto_generated|_~130 ; out0             ;
; |memctrl|asyncram:inst|lpm_mux:mem_rtl_2|mux_joc:auto_generated|_~132 ; |memctrl|asyncram:inst|lpm_mux:mem_rtl_2|mux_joc:auto_generated|_~132 ; out0             ;
; |memctrl|asyncram:inst|lpm_mux:mem_rtl_2|mux_joc:auto_generated|_~134 ; |memctrl|asyncram:inst|lpm_mux:mem_rtl_2|mux_joc:auto_generated|_~134 ; out0             ;
; |memctrl|asyncram:inst|lpm_mux:mem_rtl_2|mux_joc:auto_generated|_~140 ; |memctrl|asyncram:inst|lpm_mux:mem_rtl_2|mux_joc:auto_generated|_~140 ; out0             ;
; |memctrl|asyncram:inst|lpm_mux:mem_rtl_2|mux_joc:auto_generated|_~141 ; |memctrl|asyncram:inst|lpm_mux:mem_rtl_2|mux_joc:auto_generated|_~141 ; out0             ;
; |memctrl|asyncram:inst|lpm_mux:mem_rtl_1|mux_joc:auto_generated|_~0   ; |memctrl|asyncram:inst|lpm_mux:mem_rtl_1|mux_joc:auto_generated|_~0   ; out0             ;
; |memctrl|asyncram:inst|lpm_mux:mem_rtl_1|mux_joc:auto_generated|_~2   ; |memctrl|asyncram:inst|lpm_mux:mem_rtl_1|mux_joc:auto_generated|_~2   ; out0             ;
; |memctrl|asyncram:inst|lpm_mux:mem_rtl_1|mux_joc:auto_generated|_~4   ; |memctrl|asyncram:inst|lpm_mux:mem_rtl_1|mux_joc:auto_generated|_~4   ; out0             ;
; |memctrl|asyncram:inst|lpm_mux:mem_rtl_1|mux_joc:auto_generated|_~9   ; |memctrl|asyncram:inst|lpm_mux:mem_rtl_1|mux_joc:auto_generated|_~9   ; out0             ;
; |memctrl|asyncram:inst|lpm_mux:mem_rtl_1|mux_joc:auto_generated|_~11  ; |memctrl|asyncram:inst|lpm_mux:mem_rtl_1|mux_joc:auto_generated|_~11  ; out0             ;
; |memctrl|asyncram:inst|lpm_mux:mem_rtl_1|mux_joc:auto_generated|_~13  ; |memctrl|asyncram:inst|lpm_mux:mem_rtl_1|mux_joc:auto_generated|_~13  ; out0             ;
; |memctrl|asyncram:inst|lpm_mux:mem_rtl_1|mux_joc:auto_generated|_~121 ; |memctrl|asyncram:inst|lpm_mux:mem_rtl_1|mux_joc:auto_generated|_~121 ; out0             ;
; |memctrl|asyncram:inst|lpm_mux:mem_rtl_1|mux_joc:auto_generated|_~123 ; |memctrl|asyncram:inst|lpm_mux:mem_rtl_1|mux_joc:auto_generated|_~123 ; out0             ;
; |memctrl|asyncram:inst|lpm_mux:mem_rtl_1|mux_joc:auto_generated|_~125 ; |memctrl|asyncram:inst|lpm_mux:mem_rtl_1|mux_joc:auto_generated|_~125 ; out0             ;
; |memctrl|asyncram:inst|lpm_mux:mem_rtl_1|mux_joc:auto_generated|_~130 ; |memctrl|asyncram:inst|lpm_mux:mem_rtl_1|mux_joc:auto_generated|_~130 ; out0             ;
; |memctrl|asyncram:inst|lpm_mux:mem_rtl_1|mux_joc:auto_generated|_~132 ; |memctrl|asyncram:inst|lpm_mux:mem_rtl_1|mux_joc:auto_generated|_~132 ; out0             ;
; |memctrl|asyncram:inst|lpm_mux:mem_rtl_1|mux_joc:auto_generated|_~134 ; |memctrl|asyncram:inst|lpm_mux:mem_rtl_1|mux_joc:auto_generated|_~134 ; out0             ;
; |memctrl|asyncram:inst|lpm_mux:mem_rtl_1|mux_joc:auto_generated|_~140 ; |memctrl|asyncram:inst|lpm_mux:mem_rtl_1|mux_joc:auto_generated|_~140 ; out0             ;
; |memctrl|asyncram:inst|lpm_mux:mem_rtl_1|mux_joc:auto_generated|_~141 ; |memctrl|asyncram:inst|lpm_mux:mem_rtl_1|mux_joc:auto_generated|_~141 ; out0             ;
; |memctrl|asyncram:inst|lpm_mux:mem_rtl_0|mux_joc:auto_generated|_~47  ; |memctrl|asyncram:inst|lpm_mux:mem_rtl_0|mux_joc:auto_generated|_~47  ; out0             ;
; |memctrl|asyncram:inst|lpm_mux:mem_rtl_0|mux_joc:auto_generated|_~49  ; |memctrl|asyncram:inst|lpm_mux:mem_rtl_0|mux_joc:auto_generated|_~49  ; out0             ;
; |memctrl|asyncram:inst|lpm_mux:mem_rtl_0|mux_joc:auto_generated|_~51  ; |memctrl|asyncram:inst|lpm_mux:mem_rtl_0|mux_joc:auto_generated|_~51  ; out0             ;
; |memctrl|asyncram:inst|lpm_mux:mem_rtl_0|mux_joc:auto_generated|_~56  ; |memctrl|asyncram:inst|lpm_mux:mem_rtl_0|mux_joc:auto_generated|_~56  ; out0             ;
; |memctrl|asyncram:inst|lpm_mux:mem_rtl_0|mux_joc:auto_generated|_~58  ; |memctrl|asyncram:inst|lpm_mux:mem_rtl_0|mux_joc:auto_generated|_~58  ; out0             ;
; |memctrl|asyncram:inst|lpm_mux:mem_rtl_0|mux_joc:auto_generated|_~60  ; |memctrl|asyncram:inst|lpm_mux:mem_rtl_0|mux_joc:auto_generated|_~60  ; out0             ;
; |memctrl|asyncram:inst|lpm_mux:mem_rtl_0|mux_joc:auto_generated|_~66  ; |memctrl|asyncram:inst|lpm_mux:mem_rtl_0|mux_joc:auto_generated|_~66  ; out0             ;
; |memctrl|asyncram:inst|lpm_mux:mem_rtl_0|mux_joc:auto_generated|_~67  ; |memctrl|asyncram:inst|lpm_mux:mem_rtl_0|mux_joc:auto_generated|_~67  ; out0             ;
; |memctrl|asyncram:inst|lpm_mux:mem_rtl_0|mux_joc:auto_generated|_~97  ; |memctrl|asyncram:inst|lpm_mux:mem_rtl_0|mux_joc:auto_generated|_~97  ; out0             ;
; |memctrl|asyncram:inst|lpm_mux:mem_rtl_0|mux_joc:auto_generated|_~99  ; |memctrl|asyncram:inst|lpm_mux:mem_rtl_0|mux_joc:auto_generated|_~99  ; out0             ;
; |memctrl|asyncram:inst|lpm_mux:mem_rtl_0|mux_joc:auto_generated|_~101 ; |memctrl|asyncram:inst|lpm_mux:mem_rtl_0|mux_joc:auto_generated|_~101 ; out0             ;
; |memctrl|asyncram:inst|lpm_mux:mem_rtl_0|mux_joc:auto_generated|_~106 ; |memctrl|asyncram:inst|lpm_mux:mem_rtl_0|mux_joc:auto_generated|_~106 ; out0             ;
; |memctrl|asyncram:inst|lpm_mux:mem_rtl_0|mux_joc:auto_generated|_~108 ; |memctrl|asyncram:inst|lpm_mux:mem_rtl_0|mux_joc:auto_generated|_~108 ; out0             ;
; |memctrl|asyncram:inst|lpm_mux:mem_rtl_0|mux_joc:auto_generated|_~110 ; |memctrl|asyncram:inst|lpm_mux:mem_rtl_0|mux_joc:auto_generated|_~110 ; out0             ;
; |memctrl|asyncram:inst|lpm_mux:mem_rtl_0|mux_joc:auto_generated|_~116 ; |memctrl|asyncram:inst|lpm_mux:mem_rtl_0|mux_joc:auto_generated|_~116 ; out0             ;
; |memctrl|asyncram:inst|lpm_mux:mem_rtl_0|mux_joc:auto_generated|_~117 ; |memctrl|asyncram:inst|lpm_mux:mem_rtl_0|mux_joc:auto_generated|_~117 ; out0             ;
; |memctrl|asyncram:inst|lpm_mux:mem_rtl_0|mux_joc:auto_generated|_~121 ; |memctrl|asyncram:inst|lpm_mux:mem_rtl_0|mux_joc:auto_generated|_~121 ; out0             ;
; |memctrl|asyncram:inst|lpm_mux:mem_rtl_0|mux_joc:auto_generated|_~123 ; |memctrl|asyncram:inst|lpm_mux:mem_rtl_0|mux_joc:auto_generated|_~123 ; out0             ;
; |memctrl|asyncram:inst|lpm_mux:mem_rtl_0|mux_joc:auto_generated|_~125 ; |memctrl|asyncram:inst|lpm_mux:mem_rtl_0|mux_joc:auto_generated|_~125 ; out0             ;
; |memctrl|asyncram:inst|lpm_mux:mem_rtl_0|mux_joc:auto_generated|_~130 ; |memctrl|asyncram:inst|lpm_mux:mem_rtl_0|mux_joc:auto_generated|_~130 ; out0             ;
; |memctrl|asyncram:inst|lpm_mux:mem_rtl_0|mux_joc:auto_generated|_~132 ; |memctrl|asyncram:inst|lpm_mux:mem_rtl_0|mux_joc:auto_generated|_~132 ; out0             ;
; |memctrl|asyncram:inst|lpm_mux:mem_rtl_0|mux_joc:auto_generated|_~134 ; |memctrl|asyncram:inst|lpm_mux:mem_rtl_0|mux_joc:auto_generated|_~134 ; out0             ;
; |memctrl|asyncram:inst|lpm_mux:mem_rtl_0|mux_joc:auto_generated|_~140 ; |memctrl|asyncram:inst|lpm_mux:mem_rtl_0|mux_joc:auto_generated|_~140 ; out0             ;
; |memctrl|asyncram:inst|lpm_mux:mem_rtl_0|mux_joc:auto_generated|_~141 ; |memctrl|asyncram:inst|lpm_mux:mem_rtl_0|mux_joc:auto_generated|_~141 ; out0             ;
+-----------------------------------------------------------------------+-----------------------------------------------------------------------+------------------+


The following table displays output ports that do not toggle to 0 during simulation.
+------------------------------------------------------------------------------------------------------------------------------------------------------------------+
; Missing 0-Value Coverage                                                                                                                                         ;
+-----------------------------------------------------------------------+-----------------------------------------------------------------------+------------------+
; Node Name                                                             ; Output Port Name                                                      ; Output Port Type ;
+-----------------------------------------------------------------------+-----------------------------------------------------------------------+------------------+
; |memctrl|mA[7]                                                        ; |memctrl|mA[7]                                                        ; pin_out          ;
; |memctrl|mA[6]                                                        ; |memctrl|mA[6]                                                        ; pin_out          ;
; |memctrl|inst3[7]                                                     ; |memctrl|inst3[7]                                                     ; regout           ;
; |memctrl|inst3[6]                                                     ; |memctrl|inst3[6]                                                     ; regout           ;
; |memctrl|A[7]                                                         ; |memctrl|A[7]                                                         ; out              ;
; |memctrl|A[6]                                                         ; |memctrl|A[6]                                                         ; out              ;
; |memctrl|rtl~11                                                       ; |memctrl|rtl~11                                                       ; out0             ;
; |memctrl|rtl~12                                                       ; |memctrl|rtl~12                                                       ; out0             ;
; |memctrl|rtl~13                                                       ; |memctrl|rtl~13                                                       ; out0             ;
; |memctrl|rtl~14                                                       ; |memctrl|rtl~14                                                       ; out0             ;
; |memctrl|rtl~15                                                       ; |memctrl|rtl~15                                                       ; out0             ;
; |memctrl|asyncram:inst|mem~9                                          ; |memctrl|asyncram:inst|mem~9                                          ; out              ;
; |memctrl|asyncram:inst|mem~10                                         ; |memctrl|asyncram:inst|mem~10                                         ; out              ;
; |memctrl|asyncram:inst|mem~13                                         ; |memctrl|asyncram:inst|mem~13                                         ; out              ;
; |memctrl|asyncram:inst|mem~14                                         ; |memctrl|asyncram:inst|mem~14                                         ; out              ;
; |memctrl|asyncram:inst|mem~18                                         ; |memctrl|asyncram:inst|mem~18                                         ; out              ;
; |memctrl|asyncram:inst|mem~21                                         ; |memctrl|asyncram:inst|mem~21                                         ; out              ;
; |memctrl|asyncram:inst|mem~22                                         ; |memctrl|asyncram:inst|mem~22                                         ; out              ;
; |memctrl|asyncram:inst|mem~26                                         ; |memctrl|asyncram:inst|mem~26                                         ; out              ;
; |memctrl|asyncram:inst|mem~30                                         ; |memctrl|asyncram:inst|mem~30                                         ; out              ;
; |memctrl|asyncram:inst|mem~31                                         ; |memctrl|asyncram:inst|mem~31                                         ; out              ;
; |memctrl|asyncram:inst|mem~34                                         ; |memctrl|asyncram:inst|mem~34                                         ; out              ;
; |memctrl|asyncram:inst|mem~39                                         ; |memctrl|asyncram:inst|mem~39                                         ; out              ;
; |memctrl|asyncram:inst|mem~40                                         ; |memctrl|asyncram:inst|mem~40                                         ; out              ;
; |memctrl|asyncram:inst|mem~52                                         ; |memctrl|asyncram:inst|mem~52                                         ; out              ;
; |memctrl|asyncram:inst|mem~57                                         ; |memctrl|asyncram:inst|mem~57                                         ; out              ;
; |memctrl|asyncram:inst|mem~71                                         ; |memctrl|asyncram:inst|mem~71                                         ; out              ;
; |memctrl|asyncram:inst|mem~75                                         ; |memctrl|asyncram:inst|mem~75                                         ; out              ;
; |memctrl|asyncram:inst|mem~76                                         ; |memctrl|asyncram:inst|mem~76                                         ; out              ;
; |memctrl|asyncram:inst|mem~84                                         ; |memctrl|asyncram:inst|mem~84                                         ; out              ;
; |memctrl|asyncram:inst|mem~85                                         ; |memctrl|asyncram:inst|mem~85                                         ; out              ;
; |memctrl|asyncram:inst|mem~88                                         ; |memctrl|asyncram:inst|mem~88                                         ; out              ;
; |memctrl|asyncram:inst|mem~89                                         ; |memctrl|asyncram:inst|mem~89                                         ; out              ;
; |memctrl|asyncram:inst|mem~90                                         ; |memctrl|asyncram:inst|mem~90                                         ; out              ;
; |memctrl|asyncram:inst|mem~91                                         ; |memctrl|asyncram:inst|mem~91                                         ; out              ;
; |memctrl|asyncram:inst|mem~92                                         ; |memctrl|asyncram:inst|mem~92                                         ; out              ;
; |memctrl|asyncram:inst|mem~93                                         ; |memctrl|asyncram:inst|mem~93                                         ; out              ;
; |memctrl|asyncram:inst|mem~94                                         ; |memctrl|asyncram:inst|mem~94                                         ; out              ;
; |memctrl|asyncram:inst|mem~95                                         ; |memctrl|asyncram:inst|mem~95                                         ; out              ;
; |memctrl|asyncram:inst|mem~96                                         ; |memctrl|asyncram:inst|mem~96                                         ; out              ;
; |memctrl|asyncram:inst|mem~97                                         ; |memctrl|asyncram:inst|mem~97                                         ; out              ;
; |memctrl|asyncram:inst|mem~98                                         ; |memctrl|asyncram:inst|mem~98                                         ; out              ;
; |memctrl|asyncram:inst|mem~99                                         ; |memctrl|asyncram:inst|mem~99                                         ; out              ;
; |memctrl|asyncram:inst|mem~100                                        ; |memctrl|asyncram:inst|mem~100                                        ; out              ;
; |memctrl|asyncram:inst|mem~101                                        ; |memctrl|asyncram:inst|mem~101                                        ; out              ;
; |memctrl|asyncram:inst|mem~102                                        ; |memctrl|asyncram:inst|mem~102                                        ; out              ;
; |memctrl|asyncram:inst|mem~103                                        ; |memctrl|asyncram:inst|mem~103                                        ; out              ;
; |memctrl|asyncram:inst|mem~104                                        ; |memctrl|asyncram:inst|mem~104                                        ; out              ;
; |memctrl|asyncram:inst|mem~105                                        ; |memctrl|asyncram:inst|mem~105                                        ; out              ;
; |memctrl|asyncram:inst|mem~106                                        ; |memctrl|asyncram:inst|mem~106                                        ; out              ;
; |memctrl|asyncram:inst|mem~107                                        ; |memctrl|asyncram:inst|mem~107                                        ; out              ;
; |memctrl|asyncram:inst|mem~108                                        ; |memctrl|asyncram:inst|mem~108                                        ; out              ;
; |memctrl|asyncram:inst|mem~109                                        ; |memctrl|asyncram:inst|mem~109                                        ; out              ;
; |memctrl|asyncram:inst|mem~110                                        ; |memctrl|asyncram:inst|mem~110                                        ; out              ;
; |memctrl|asyncram:inst|mem~111                                        ; |memctrl|asyncram:inst|mem~111                                        ; out              ;
; |memctrl|asyncram:inst|mem~112                                        ; |memctrl|asyncram:inst|mem~112                                        ; out              ;
; |memctrl|asyncram:inst|mem~113                                        ; |memctrl|asyncram:inst|mem~113                                        ; out              ;
; |memctrl|asyncram:inst|mem~114                                        ; |memctrl|asyncram:inst|mem~114                                        ; out              ;
; |memctrl|asyncram:inst|mem~115                                        ; |memctrl|asyncram:inst|mem~115                                        ; out              ;
; |memctrl|asyncram:inst|mem~116                                        ; |memctrl|asyncram:inst|mem~116                                        ; out              ;
; |memctrl|asyncram:inst|mem~117                                        ; |memctrl|asyncram:inst|mem~117                                        ; out              ;
; |memctrl|asyncram:inst|mem~118                                        ; |memctrl|asyncram:inst|mem~118                                        ; out              ;
; |memctrl|asyncram:inst|mem~119                                        ; |memctrl|asyncram:inst|mem~119                                        ; out              ;
; |memctrl|asyncram:inst|mem~120                                        ; |memctrl|asyncram:inst|mem~120                                        ; out              ;
; |memctrl|asyncram:inst|mem~121                                        ; |memctrl|asyncram:inst|mem~121                                        ; out              ;
; |memctrl|asyncram:inst|mem~122                                        ; |memctrl|asyncram:inst|mem~122                                        ; out              ;
; |memctrl|asyncram:inst|mem~123                                        ; |memctrl|asyncram:inst|mem~123                                        ; out              ;
; |memctrl|asyncram:inst|mem~124                                        ; |memctrl|asyncram:inst|mem~124                                        ; out              ;
; |memctrl|asyncram:inst|mem~125                                        ; |memctrl|asyncram:inst|mem~125                                        ; out              ;
; |memctrl|asyncram:inst|mem~126                                        ; |memctrl|asyncram:inst|mem~126                                        ; out              ;
; |memctrl|asyncram:inst|mem~127                                        ; |memctrl|asyncram:inst|mem~127                                        ; out              ;
; |memctrl|asyncram:inst|lpm_mux:mem_rtl_7|mux_joc:auto_generated|_~40  ; |memctrl|asyncram:inst|lpm_mux:mem_rtl_7|mux_joc:auto_generated|_~40  ; out0             ;
; |memctrl|asyncram:inst|lpm_mux:mem_rtl_7|mux_joc:auto_generated|_~65  ; |memctrl|asyncram:inst|lpm_mux:mem_rtl_7|mux_joc:auto_generated|_~65  ; out0             ;
; |memctrl|asyncram:inst|lpm_mux:mem_rtl_7|mux_joc:auto_generated|_~90  ; |memctrl|asyncram:inst|lpm_mux:mem_rtl_7|mux_joc:auto_generated|_~90  ; out0             ;
; |memctrl|asyncram:inst|lpm_mux:mem_rtl_7|mux_joc:auto_generated|_~115 ; |memctrl|asyncram:inst|lpm_mux:mem_rtl_7|mux_joc:auto_generated|_~115 ; out0             ;
; |memctrl|asyncram:inst|lpm_mux:mem_rtl_7|mux_joc:auto_generated|_~126 ; |memctrl|asyncram:inst|lpm_mux:mem_rtl_7|mux_joc:auto_generated|_~126 ; out0             ;
; |memctrl|asyncram:inst|lpm_mux:mem_rtl_7|mux_joc:auto_generated|_~135 ; |memctrl|asyncram:inst|lpm_mux:mem_rtl_7|mux_joc:auto_generated|_~135 ; out0             ;
; |memctrl|asyncram:inst|lpm_mux:mem_rtl_7|mux_joc:auto_generated|_~139 ; |memctrl|asyncram:inst|lpm_mux:mem_rtl_7|mux_joc:auto_generated|_~139 ; out0             ;
; |memctrl|asyncram:inst|lpm_mux:mem_rtl_6|mux_joc:auto_generated|_~27  ; |memctrl|asyncram:inst|lpm_mux:mem_rtl_6|mux_joc:auto_generated|_~27  ; out0             ;
; |memctrl|asyncram:inst|lpm_mux:mem_rtl_6|mux_joc:auto_generated|_~36  ; |memctrl|asyncram:inst|lpm_mux:mem_rtl_6|mux_joc:auto_generated|_~36  ; out0             ;
; |memctrl|asyncram:inst|lpm_mux:mem_rtl_6|mux_joc:auto_generated|_~40  ; |memctrl|asyncram:inst|lpm_mux:mem_rtl_6|mux_joc:auto_generated|_~40  ; out0             ;
; |memctrl|asyncram:inst|lpm_mux:mem_rtl_6|mux_joc:auto_generated|_~65  ; |memctrl|asyncram:inst|lpm_mux:mem_rtl_6|mux_joc:auto_generated|_~65  ; out0             ;
; |memctrl|asyncram:inst|lpm_mux:mem_rtl_6|mux_joc:auto_generated|_~77  ; |memctrl|asyncram:inst|lpm_mux:mem_rtl_6|mux_joc:auto_generated|_~77  ; out0             ;
; |memctrl|asyncram:inst|lpm_mux:mem_rtl_6|mux_joc:auto_generated|_~86  ; |memctrl|asyncram:inst|lpm_mux:mem_rtl_6|mux_joc:auto_generated|_~86  ; out0             ;
; |memctrl|asyncram:inst|lpm_mux:mem_rtl_6|mux_joc:auto_generated|_~90  ; |memctrl|asyncram:inst|lpm_mux:mem_rtl_6|mux_joc:auto_generated|_~90  ; out0             ;
; |memctrl|asyncram:inst|lpm_mux:mem_rtl_6|mux_joc:auto_generated|_~115 ; |memctrl|asyncram:inst|lpm_mux:mem_rtl_6|mux_joc:auto_generated|_~115 ; out0             ;
; |memctrl|asyncram:inst|lpm_mux:mem_rtl_6|mux_joc:auto_generated|_~126 ; |memctrl|asyncram:inst|lpm_mux:mem_rtl_6|mux_joc:auto_generated|_~126 ; out0             ;
; |memctrl|asyncram:inst|lpm_mux:mem_rtl_6|mux_joc:auto_generated|_~135 ; |memctrl|asyncram:inst|lpm_mux:mem_rtl_6|mux_joc:auto_generated|_~135 ; out0             ;
; |memctrl|asyncram:inst|lpm_mux:mem_rtl_6|mux_joc:auto_generated|_~139 ; |memctrl|asyncram:inst|lpm_mux:mem_rtl_6|mux_joc:auto_generated|_~139 ; out0             ;
; |memctrl|asyncram:inst|lpm_mux:mem_rtl_5|mux_joc:auto_generated|_~27  ; |memctrl|asyncram:inst|lpm_mux:mem_rtl_5|mux_joc:auto_generated|_~27  ; out0             ;
; |memctrl|asyncram:inst|lpm_mux:mem_rtl_5|mux_joc:auto_generated|_~36  ; |memctrl|asyncram:inst|lpm_mux:mem_rtl_5|mux_joc:auto_generated|_~36  ; out0             ;
; |memctrl|asyncram:inst|lpm_mux:mem_rtl_5|mux_joc:auto_generated|_~52  ; |memctrl|asyncram:inst|lpm_mux:mem_rtl_5|mux_joc:auto_generated|_~52  ; out0             ;
; |memctrl|asyncram:inst|lpm_mux:mem_rtl_5|mux_joc:auto_generated|_~61  ; |memctrl|asyncram:inst|lpm_mux:mem_rtl_5|mux_joc:auto_generated|_~61  ; out0             ;
; |memctrl|asyncram:inst|lpm_mux:mem_rtl_5|mux_joc:auto_generated|_~65  ; |memctrl|asyncram:inst|lpm_mux:mem_rtl_5|mux_joc:auto_generated|_~65  ; out0             ;
; |memctrl|asyncram:inst|lpm_mux:mem_rtl_5|mux_joc:auto_generated|_~77  ; |memctrl|asyncram:inst|lpm_mux:mem_rtl_5|mux_joc:auto_generated|_~77  ; out0             ;
; |memctrl|asyncram:inst|lpm_mux:mem_rtl_5|mux_joc:auto_generated|_~86  ; |memctrl|asyncram:inst|lpm_mux:mem_rtl_5|mux_joc:auto_generated|_~86  ; out0             ;
; |memctrl|asyncram:inst|lpm_mux:mem_rtl_5|mux_joc:auto_generated|_~102 ; |memctrl|asyncram:inst|lpm_mux:mem_rtl_5|mux_joc:auto_generated|_~102 ; out0             ;
; |memctrl|asyncram:inst|lpm_mux:mem_rtl_5|mux_joc:auto_generated|_~111 ; |memctrl|asyncram:inst|lpm_mux:mem_rtl_5|mux_joc:auto_generated|_~111 ; out0             ;
; |memctrl|asyncram:inst|lpm_mux:mem_rtl_5|mux_joc:auto_generated|_~115 ; |memctrl|asyncram:inst|lpm_mux:mem_rtl_5|mux_joc:auto_generated|_~115 ; out0             ;
; |memctrl|asyncram:inst|lpm_mux:mem_rtl_5|mux_joc:auto_generated|_~126 ; |memctrl|asyncram:inst|lpm_mux:mem_rtl_5|mux_joc:auto_generated|_~126 ; out0             ;
; |memctrl|asyncram:inst|lpm_mux:mem_rtl_5|mux_joc:auto_generated|_~135 ; |memctrl|asyncram:inst|lpm_mux:mem_rtl_5|mux_joc:auto_generated|_~135 ; out0             ;
; |memctrl|asyncram:inst|lpm_mux:mem_rtl_5|mux_joc:auto_generated|_~139 ; |memctrl|asyncram:inst|lpm_mux:mem_rtl_5|mux_joc:auto_generated|_~139 ; out0             ;
; |memctrl|asyncram:inst|lpm_mux:mem_rtl_4|mux_joc:auto_generated|_~5   ; |memctrl|asyncram:inst|lpm_mux:mem_rtl_4|mux_joc:auto_generated|_~5   ; out0             ;
; |memctrl|asyncram:inst|lpm_mux:mem_rtl_4|mux_joc:auto_generated|_~14  ; |memctrl|asyncram:inst|lpm_mux:mem_rtl_4|mux_joc:auto_generated|_~14  ; out0             ;
; |memctrl|asyncram:inst|lpm_mux:mem_rtl_4|mux_joc:auto_generated|_~52  ; |memctrl|asyncram:inst|lpm_mux:mem_rtl_4|mux_joc:auto_generated|_~52  ; out0             ;
; |memctrl|asyncram:inst|lpm_mux:mem_rtl_4|mux_joc:auto_generated|_~61  ; |memctrl|asyncram:inst|lpm_mux:mem_rtl_4|mux_joc:auto_generated|_~61  ; out0             ;
; |memctrl|asyncram:inst|lpm_mux:mem_rtl_4|mux_joc:auto_generated|_~65  ; |memctrl|asyncram:inst|lpm_mux:mem_rtl_4|mux_joc:auto_generated|_~65  ; out0             ;
; |memctrl|asyncram:inst|lpm_mux:mem_rtl_4|mux_joc:auto_generated|_~102 ; |memctrl|asyncram:inst|lpm_mux:mem_rtl_4|mux_joc:auto_generated|_~102 ; out0             ;
; |memctrl|asyncram:inst|lpm_mux:mem_rtl_4|mux_joc:auto_generated|_~111 ; |memctrl|asyncram:inst|lpm_mux:mem_rtl_4|mux_joc:auto_generated|_~111 ; out0             ;
; |memctrl|asyncram:inst|lpm_mux:mem_rtl_4|mux_joc:auto_generated|_~115 ; |memctrl|asyncram:inst|lpm_mux:mem_rtl_4|mux_joc:auto_generated|_~115 ; out0             ;
; |memctrl|asyncram:inst|lpm_mux:mem_rtl_4|mux_joc:auto_generated|_~126 ; |memctrl|asyncram:inst|lpm_mux:mem_rtl_4|mux_joc:auto_generated|_~126 ; out0             ;
; |memctrl|asyncram:inst|lpm_mux:mem_rtl_4|mux_joc:auto_generated|_~135 ; |memctrl|asyncram:inst|lpm_mux:mem_rtl_4|mux_joc:auto_generated|_~135 ; out0             ;
; |memctrl|asyncram:inst|lpm_mux:mem_rtl_4|mux_joc:auto_generated|_~139 ; |memctrl|asyncram:inst|lpm_mux:mem_rtl_4|mux_joc:auto_generated|_~139 ; out0             ;
; |memctrl|asyncram:inst|lpm_mux:mem_rtl_3|mux_joc:auto_generated|_~65  ; |memctrl|asyncram:inst|lpm_mux:mem_rtl_3|mux_joc:auto_generated|_~65  ; out0             ;
; |memctrl|asyncram:inst|lpm_mux:mem_rtl_3|mux_joc:auto_generated|_~115 ; |memctrl|asyncram:inst|lpm_mux:mem_rtl_3|mux_joc:auto_generated|_~115 ; out0             ;
; |memctrl|asyncram:inst|lpm_mux:mem_rtl_3|mux_joc:auto_generated|_~126 ; |memctrl|asyncram:inst|lpm_mux:mem_rtl_3|mux_joc:auto_generated|_~126 ; out0             ;
; |memctrl|asyncram:inst|lpm_mux:mem_rtl_3|mux_joc:auto_generated|_~135 ; |memctrl|asyncram:inst|lpm_mux:mem_rtl_3|mux_joc:auto_generated|_~135 ; out0             ;
; |memctrl|asyncram:inst|lpm_mux:mem_rtl_3|mux_joc:auto_generated|_~139 ; |memctrl|asyncram:inst|lpm_mux:mem_rtl_3|mux_joc:auto_generated|_~139 ; out0             ;
; |memctrl|asyncram:inst|lpm_mux:mem_rtl_2|mux_joc:auto_generated|_~27  ; |memctrl|asyncram:inst|lpm_mux:mem_rtl_2|mux_joc:auto_generated|_~27  ; out0             ;
; |memctrl|asyncram:inst|lpm_mux:mem_rtl_2|mux_joc:auto_generated|_~36  ; |memctrl|asyncram:inst|lpm_mux:mem_rtl_2|mux_joc:auto_generated|_~36  ; out0             ;
; |memctrl|asyncram:inst|lpm_mux:mem_rtl_2|mux_joc:auto_generated|_~40  ; |memctrl|asyncram:inst|lpm_mux:mem_rtl_2|mux_joc:auto_generated|_~40  ; out0             ;
; |memctrl|asyncram:inst|lpm_mux:mem_rtl_2|mux_joc:auto_generated|_~65  ; |memctrl|asyncram:inst|lpm_mux:mem_rtl_2|mux_joc:auto_generated|_~65  ; out0             ;
; |memctrl|asyncram:inst|lpm_mux:mem_rtl_2|mux_joc:auto_generated|_~77  ; |memctrl|asyncram:inst|lpm_mux:mem_rtl_2|mux_joc:auto_generated|_~77  ; out0             ;
; |memctrl|asyncram:inst|lpm_mux:mem_rtl_2|mux_joc:auto_generated|_~86  ; |memctrl|asyncram:inst|lpm_mux:mem_rtl_2|mux_joc:auto_generated|_~86  ; out0             ;
; |memctrl|asyncram:inst|lpm_mux:mem_rtl_2|mux_joc:auto_generated|_~90  ; |memctrl|asyncram:inst|lpm_mux:mem_rtl_2|mux_joc:auto_generated|_~90  ; out0             ;
; |memctrl|asyncram:inst|lpm_mux:mem_rtl_2|mux_joc:auto_generated|_~115 ; |memctrl|asyncram:inst|lpm_mux:mem_rtl_2|mux_joc:auto_generated|_~115 ; out0             ;
; |memctrl|asyncram:inst|lpm_mux:mem_rtl_2|mux_joc:auto_generated|_~126 ; |memctrl|asyncram:inst|lpm_mux:mem_rtl_2|mux_joc:auto_generated|_~126 ; out0             ;
; |memctrl|asyncram:inst|lpm_mux:mem_rtl_2|mux_joc:auto_generated|_~135 ; |memctrl|asyncram:inst|lpm_mux:mem_rtl_2|mux_joc:auto_generated|_~135 ; out0             ;
; |memctrl|asyncram:inst|lpm_mux:mem_rtl_2|mux_joc:auto_generated|_~139 ; |memctrl|asyncram:inst|lpm_mux:mem_rtl_2|mux_joc:auto_generated|_~139 ; out0             ;
; |memctrl|asyncram:inst|lpm_mux:mem_rtl_1|mux_joc:auto_generated|_~18  ; |memctrl|asyncram:inst|lpm_mux:mem_rtl_1|mux_joc:auto_generated|_~18  ; out0             ;
; |memctrl|asyncram:inst|lpm_mux:mem_rtl_1|mux_joc:auto_generated|_~65  ; |memctrl|asyncram:inst|lpm_mux:mem_rtl_1|mux_joc:auto_generated|_~65  ; out0             ;
; |memctrl|asyncram:inst|lpm_mux:mem_rtl_1|mux_joc:auto_generated|_~115 ; |memctrl|asyncram:inst|lpm_mux:mem_rtl_1|mux_joc:auto_generated|_~115 ; out0             ;
; |memctrl|asyncram:inst|lpm_mux:mem_rtl_1|mux_joc:auto_generated|_~126 ; |memctrl|asyncram:inst|lpm_mux:mem_rtl_1|mux_joc:auto_generated|_~126 ; out0             ;
; |memctrl|asyncram:inst|lpm_mux:mem_rtl_1|mux_joc:auto_generated|_~135 ; |memctrl|asyncram:inst|lpm_mux:mem_rtl_1|mux_joc:auto_generated|_~135 ; out0             ;
; |memctrl|asyncram:inst|lpm_mux:mem_rtl_1|mux_joc:auto_generated|_~139 ; |memctrl|asyncram:inst|lpm_mux:mem_rtl_1|mux_joc:auto_generated|_~139 ; out0             ;
; |memctrl|asyncram:inst|lpm_mux:mem_rtl_0|mux_joc:auto_generated|_~65  ; |memctrl|asyncram:inst|lpm_mux:mem_rtl_0|mux_joc:auto_generated|_~65  ; out0             ;
; |memctrl|asyncram:inst|lpm_mux:mem_rtl_0|mux_joc:auto_generated|_~115 ; |memctrl|asyncram:inst|lpm_mux:mem_rtl_0|mux_joc:auto_generated|_~115 ; out0             ;
; |memctrl|asyncram:inst|lpm_mux:mem_rtl_0|mux_joc:auto_generated|_~126 ; |memctrl|asyncram:inst|lpm_mux:mem_rtl_0|mux_joc:auto_generated|_~126 ; out0             ;
; |memctrl|asyncram:inst|lpm_mux:mem_rtl_0|mux_joc:auto_generated|_~135 ; |memctrl|asyncram:inst|lpm_mux:mem_rtl_0|mux_joc:auto_generated|_~135 ; out0             ;
; |memctrl|asyncram:inst|lpm_mux:mem_rtl_0|mux_joc:auto_generated|_~139 ; |memctrl|asyncram:inst|lpm_mux:mem_rtl_0|mux_joc:auto_generated|_~139 ; out0             ;
+-----------------------------------------------------------------------+-----------------------------------------------------------------------+------------------+


+---------------------+
; Simulator INI Usage ;
+--------+------------+
; Option ; Usage      ;
+--------+------------+


+--------------------+
; Simulator Messages ;
+--------------------+
Info: *******************************************************************
Info: Running Quartus II 64-Bit Simulator
    Info: Version 13.0.1 Build 232 06/12/2013 Service Pack 1 SJ Web Edition
    Info: Processing started: Tue Apr 01 19:20:13 2025
Info: Command: quartus_sim --simulation_results_format=VWF arch -c arch
Info (324025): Using vector source file "E:/Project/FPGA/design/VWF/memctrl.vwf"
Info (310003): Option to preserve fewer signal transitions to reduce memory requirements is enabled
    Info (310004): Simulation has been partitioned into sub-simulations according to the maximum transition count determined by the engine. Transitions from memory will be flushed out to disk at the end of each sub-simulation to reduce memory requirements.
Info (310002): Simulation partitioned into 1 sub-simulations
Info (328053): Simulation coverage is      79.24 %
Info (328052): Number of transitions in simulation is 94225
Info (324045): Vector file arch.sim.vwf is saved in VWF text format. You can compress it into CVWF format in order to reduce file size. For more details please refer to the Quartus II Help.
Info: Quartus II 64-Bit Simulator was successful. 0 errors, 0 warnings
    Info: Peak virtual memory: 4458 megabytes
    Info: Processing ended: Tue Apr 01 19:20:13 2025
    Info: Elapsed time: 00:00:00
    Info: Total CPU time (on all processors): 00:00:00


